,unit,dispatched,arrived,in_service,is_in_charge,incident_number
0,A10,12:55,,13:07,True,F260019908
1,E27,12:55,13:05,13:38,False,F260019908
2,E33,12:55,13:03,13:19,False,F260019908
3,H98,12:59,,13:07,False,F260019908
4,A14,12:51,12:56,13:22,True,F260019906
5,H2,12:42,13:01,13:48,True,F260019902
6,A14,12:41,,12:45,True,F260019900
7,H98,12:44,,12:45,False,F260019900
8,E25,12:40,12:51,12:52,True,F260019899
9,E40,12:40,12:46,12:57,True,F260019897
10,L12,12:34,12:37,12:59,True,F260019893
11,M28,12:35,12:39,13:48,False,F260019893
12,E16,12:34,12:38,13:02,True,F260019892
13,E8,12:32,,12:38,True,F260019890
14,L3,12:24,12:27,12:59,False,F260019887
15,M10,12:24,12:31,13:21,True,F260019887
16,E25,12:19,12:24,12:35,True,F260019884
17,E39,12:15,12:26,12:38,True,F260019883
18,E6,12:13,12:19,12:30,True,F260019881
19,A25,12:17,12:23,12:29,True,F260019880
20,E18,12:04,12:10,12:16,True,F260019877
21,E9,12:03,12:06,12:28,True,F260019874
22,E17,12:02,12:05,12:19,True,F260019869
23,M17,12:02,12:06,12:20,False,F260019869
24,E41,12:00,12:05,12:35,True,F260019868
25,L3,11:59,12:03,12:20,True,F260019866
26,A25,11:54,11:58,12:08,True,F260019864
27,A10,11:46,12:00,12:15,False,F260019859
28,M1,11:46,11:49,12:17,True,F260019859
29,E2,11:39,11:46,11:53,True,F260019856
30,E33,11:34,11:38,11:48,True,F260019853
31,H1,11:31,11:42,12:33,True,F260019849
32,A25,11:25,11:29,11:34,True,F260019846
33,MIH,11:23,,11:26,True,F260019845
34,E8,11:18,,11:42,False,F260019843
35,L6,11:16,,11:18,True,F260019843
36,E9,11:14,11:18,11:47,False,F260019841
37,L8,11:12,,11:14,True,F260019841
38,L4,11:10,11:13,11:16,True,F260019839
39,L3,11:07,11:10,11:17,True,F260019838
40,E8,11:03,11:08,11:17,True,F260019837
41,AIR10,11:00,,11:04,False,F260019835
42,B4,11:00,,11:04,False,F260019835
43,B6,11:00,,11:04,False,F260019835
44,DECON1,11:00,,11:04,False,F260019835
45,E10,11:00,,11:04,True,F260019835
46,E17,11:00,,11:04,False,F260019835
47,E27,11:00,,11:04,False,F260019835
48,E9,11:00,11:04,11:14,False,F260019835
49,HAZ1,11:00,,11:04,False,F260019835
50,L1,11:00,,11:03,False,F260019835
51,L8,11:00,11:05,11:09,False,F260019835
52,M18,11:00,,11:04,False,F260019835
53,SAFT2,11:00,,11:04,False,F260019835
54,E5,11:02,11:07,11:52,True,F260019834
55,M10,11:17,11:41,11:51,False,F260019834
56,M17,11:16,,11:16,False,F260019834
57,E2,10:51,10:58,11:08,True,F260019832
58,E32,10:50,10:58,11:23,True,F260019831
59,A25,10:51,,10:55,False,F260019830
60,E25,10:49,,10:51,False,F260019830
61,E5,10:48,,10:49,True,F260019830
62,A10,10:47,10:50,11:12,False,F260019829
63,M28,10:47,,10:56,True,F260019829
64,L9,10:41,10:48,11:02,True,F260019827
65,E5,10:40,,10:43,True,F260019826
66,E6,10:42,10:48,11:08,False,F260019826
67,E31,10:39,10:47,11:07,True,F260019824
68,E24,10:35,10:39,11:03,False,F260019823
69,M28,10:35,,10:43,True,F260019823
70,NOR-M163,10:40,10:52,13:47,False,F260019823
71,E17,10:35,10:40,10:47,True,F260019822
72,E16,10:35,,10:39,False,F260019821
73,E38,10:39,10:43,11:02,False,F260019821
74,M17,10:35,10:46,11:00,True,F260019821
75,E2,10:33,10:37,10:43,True,F260019820
76,M1,10:31,10:40,11:27,False,F260019819
77,M17,10:29,,10:31,False,F260019819
78,R1,10:27,10:30,10:56,True,F260019819
79,A25,10:21,10:27,10:48,False,F260019815
80,M1,10:29,,10:30,False,F260019815
81,M10,10:21,,10:24,True,F260019815
82,M17,10:24,,10:29,False,F260019815
83,A10,10:21,10:33,10:45,True,F260019816
84,E30,10:18,10:22,10:45,False,F260019814
85,M1,10:18,,10:28,True,F260019814
86,E5,10:17,10:21,10:30,True,F260019813
87,E8,10:17,10:22,10:39,True,F260019812
88,E41,10:17,10:22,11:01,True,F260019811
89,E38,10:26,10:31,10:38,True,F260019809
90,E13,10:13,10:17,10:52,True,F260019808
91,M1,10:13,,10:15,False,F260019808
92,M10,10:15,,10:20,False,F260019808
93,M10,10:24,10:30,11:17,False,F260019808
94,L13,10:09,10:14,10:54,True,F260019807
95,M32,10:22,10:28,10:49,False,F260019807
96,E26,10:04,10:07,10:23,True,F260019804
97,A10,10:04,,10:07,True,F260019805
98,A25,10:02,10:07,10:13,False,F260019802
99,L10,09:59,,10:02,True,F260019802
100,E13,09:57,10:02,10:08,False,F260019800
101,E25,09:57,10:00,10:30,False,F260019800
102,H99,10:00,10:03,10:45,False,F260019800
103,M10,09:57,10:03,10:15,True,F260019800
104,E38,09:54,09:58,10:05,True,F260019799
105,E2,09:52,09:57,10:09,True,F260019798
106,E35,09:49,09:52,10:21,False,F260019796
107,M18,09:49,09:57,10:54,True,F260019796
108,E37,09:47,09:51,09:54,True,F260019795
109,E17,09:46,09:50,10:01,True,F260019794
110,E30,09:41,09:46,10:17,False,F260019791
111,E6,09:40,09:44,10:42,True,F260019791
112,M28,09:41,09:44,10:30,False,F260019791
113,A25,09:37,10:01,10:02,True,F260019789
114,E5,09:22,09:27,09:48,True,F260019786
115,E2,09:20,09:24,09:36,True,F260019784
116,E35,09:17,09:21,09:41,False,F260019783
117,M18,09:17,,09:25,True,F260019783
118,L10,09:14,09:14,09:23,True,F260019781
119,E30,09:09,09:13,09:28,True,F260019780
120,B4,09:09,,09:14,False,F260019779
121,E18,09:09,09:12,09:14,True,F260019779
122,E9,09:09,,09:15,False,F260019779
123,L8,09:09,,09:15,False,F260019779
124,E32,09:05,09:05,09:12,True,F260019777
125,E25,08:55,09:00,09:19,True,F260019772
126,L10,09:03,,09:08,False,F260019772
127,E8,08:55,08:57,09:11,True,F260019771
128,E38,08:42,08:46,09:05,True,F260019768
129,R1,08:39,08:52,08:53,True,F260019766
130,E8,08:37,08:46,08:51,True,F260019764
131,E33,08:37,08:40,08:52,True,F260019763
132,E40,08:32,08:38,08:43,True,F260019761
133,E28,08:33,08:38,08:56,True,F260019759
134,A25,08:27,08:30,08:55,True,F260019756
135,E25,08:26,,08:27,False,F260019756
136,E17,08:12,08:16,08:21,True,F260019754
137,E18,08:13,08:17,08:19,False,F260019753
138,E21,08:11,,08:13,True,F260019753
139,A14,08:07,08:12,08:28,False,F260019752
140,M32,08:07,,08:16,True,F260019752
141,A5,07:59,08:07,08:33,True,F260019751
142,E5,07:56,08:00,08:27,True,F260019750
143,E33,07:54,07:58,08:33,True,F260019749
144,M28,07:56,,08:03,False,F260019749
145,M28,08:10,08:12,09:34,False,F260019749
146,E6,07:52,07:57,07:58,True,F260019748
147,E8,07:49,07:53,08:05,True,F260019746
148,A10,10:07,10:07,10:15,False,F260019747
149,A5,09:24,09:24,,False,F260019747
150,B77,09:00,09:00,,False,F260019747
151,E95,08:23,08:23,,False,F260019747
152,EVENT11,07:49,07:49,,True,F260019747
153,A2,08:01,08:07,,False,F260019745
154,E90,08:17,08:17,,False,F260019745
155,EVENT13,07:48,07:48,,True,F260019745
156,E26,07:47,07:52,08:02,True,F260019744
157,SQ14,07:44,07:44,,True,V260019742
158,EVENT10,07:29,07:29,,True,F260019740
159,HAZ80,07:34,07:34,,False,F260019740
160,A5,07:17,07:26,07:41,True,F260019737
161,L1,07:17,07:23,07:36,True,F260019736
162,EVENT12,07:12,07:12,,True,F260019735
163,LUMEN-CMD,08:14,08:14,,False,F260019735
164,E33,07:11,07:16,07:34,True,F260019734
165,E38,07:07,07:12,07:35,True,F260019733
166,E10,06:41,06:44,06:52,True,F260019728
167,L1,06:41,06:44,06:53,False,F260019728
168,A2,06:38,,06:41,True,F260019727
169,E25,06:32,06:35,06:46,False,F260019725
170,L10,06:32,06:35,06:36,False,F260019725
171,M1,06:33,06:34,07:00,False,F260019725
172,M17,06:32,,06:33,True,F260019725
173,E10,06:09,06:16,06:17,True,F260019720
174,A25,06:05,06:09,06:35,True,F260019719
175,E6,06:02,06:03,06:39,True,F260019717
176,A2,05:54,06:13,06:14,True,F260019716
177,M17,05:55,,06:01,False,F260019716
178,E6,05:51,05:55,05:58,True,F260019714
179,E10,05:50,05:52,05:53,True,F260019713
180,E5,05:51,05:55,06:12,True,F260019712
181,L4,05:46,05:51,06:05,True,F260019710
182,E13,05:32,05:35,05:51,False,F260019708
183,M28,05:32,,05:41,True,F260019708
184,E24,05:30,05:33,05:54,True,F260019707
185,E2,05:19,05:25,05:51,True,F260019706
186,M1,05:19,05:29,06:32,False,F260019706
187,E25,05:17,05:20,05:32,True,F260019705
188,A10,05:19,05:23,05:43,True,F260019703
189,A2,05:03,05:08,05:50,True,F260019702
190,M10,05:15,05:24,05:57,False,F260019702
191,E24,04:57,05:01,05:16,True,F260019700
192,A25,04:48,04:51,04:53,True,F260019698
193,E24,04:30,04:34,04:46,True,F260019696
194,L5,04:30,,04:36,False,F260019696
195,A5,04:26,04:31,04:57,True,F260019694
196,A10,04:00,04:03,04:13,True,F260019692
197,A25,03:51,03:57,04:03,True,F260019690
198,A5,03:20,03:24,03:40,True,F260019687
199,E28,03:21,03:27,03:41,True,F260019686
200,A10,03:00,03:04,03:34,True,F260019683
201,E31,02:37,02:37,03:13,False,F260019679
202,L5,02:35,,02:37,True,F260019679
203,M31,02:36,02:41,03:39,False,F260019679
204,A5,02:34,02:38,02:59,True,F260019678
205,E37,02:23,,02:26,True,F260019674
206,E33,02:22,02:24,02:47,True,F260019673
207,E17,02:20,02:28,02:28,True,F260019672
208,E31,02:18,02:21,02:36,True,F260019670
209,L4,02:16,02:19,02:29,True,F260019669
210,A2,02:13,02:16,02:25,True,F260019668
211,L4,02:10,,02:13,False,F260019668
212,E2,02:06,02:09,02:30,True,F260019667
213,E2,01:56,02:01,02:04,True,F260019665
214,A2,01:55,02:01,02:13,True,F260019662
215,E13,01:46,01:50,02:04,True,F260019660
216,E31,01:44,01:49,01:58,True,F260019659
217,E2,01:33,01:34,01:40,True,F260019656
218,E5,01:29,,01:33,False,F260019656
219,E38,01:26,01:33,01:41,True,F260019655
220,A25,01:54,02:00,02:05,True,F260019653
221,E2,01:18,01:22,01:32,True,F260019651
222,L4,01:18,01:22,01:38,False,F260019651
223,E10,01:18,01:22,01:32,True,F260019652
224,L1,01:18,01:23,01:32,False,F260019652
225,A10,01:15,01:17,01:36,True,F260019650
226,E9,01:01,01:05,01:14,True,F260019646
227,E39,01:00,01:03,01:06,True,F260019645
228,A5,00:59,,01:03,False,F260019644
229,A5,01:06,01:09,01:26,True,F260019644
230,A2,00:55,00:59,01:11,True,F260019642
231,M1,00:56,01:01,01:02,False,F260019642
232,A10,00:55,00:57,01:13,True,F260019641
233,E40,00:56,01:00,01:34,True,F260019640
234,E24,00:50,00:52,01:04,True,F260019639
235,L5,00:50,,00:55,False,F260019639
236,E32,00:37,00:41,01:09,True,F260019637
237,E21,00:37,00:41,00:49,True,F260019636
238,E26,00:31,00:36,00:58,True,F260019635
239,E38,00:20,00:25,00:28,True,F260019633
240,E39,00:14,00:19,00:54,True,F260019632
241,M31,00:16,00:25,00:26,False,F260019632
242,E18,00:05,00:09,00:43,True,F260019631
243,A2,00:02,00:06,00:25,False,F260019630
244,M10,00:02,00:09,00:09,True,F260019630
245,A5,23:57,00:01,00:26,False,F260019627
246,M1,23:57,00:01,00:55,True,F260019627
247,A10,23:56,23:59,00:23,True,F260019626
248,E10,23:33,,23:36,True,F260019625
249,L1,23:33,,23:36,False,F260019625
250,E13,23:33,23:38,23:51,True,F260019623
251,L3,23:33,23:38,23:51,False,F260019623
252,E24,23:30,23:32,23:38,True,F260019622
253,A5,23:28,23:33,23:45,True,F260019621
254,E38,23:23,23:28,00:02,True,F260019620
255,L10,23:23,23:32,23:57,False,F260019620
256,E17,23:23,23:28,23:34,False,F260019619
257,L9,23:23,23:28,23:33,True,F260019619
258,A2,23:17,23:24,23:47,False,F260019617
259,M18,23:17,23:28,23:54,True,F260019617
260,A10,23:16,23:19,23:38,False,F260019615
261,E10,23:16,,23:17,True,F260019615
262,E2,23:12,23:17,23:44,True,F260019612
263,A25,23:03,23:11,23:31,True,F260019611
264,M17,23:03,23:14,23:29,False,F260019611
265,E32,22:59,23:05,23:35,True,F260019610
266,A5,22:57,23:01,23:17,True,F260019608
267,M10,22:58,23:03,23:38,False,F260019608
268,E28,22:51,22:55,23:09,True,F260019606
269,E38,22:49,22:54,23:10,True,F260019605
270,M17,22:50,,22:59,False,F260019605
271,A25,23:35,23:39,00:03,True,F260019604
272,E25,23:34,,23:35,False,F260019604
273,CHAP5,23:19,,23:35,False,F260019602
274,E6,22:46,22:52,23:46,True,F260019602
275,L3,22:46,22:52,23:25,False,F260019602
276,M1,22:46,22:54,23:41,False,F260019602
277,A10,22:47,22:57,23:16,True,F260019603
278,E10,22:39,22:42,22:43,True,F260019601
279,E13,22:36,22:40,22:56,True,F260019600
280,E30,22:23,22:26,23:02,True,F260019598
281,M28,22:31,22:38,23:48,False,F260019598
282,E24,22:11,22:14,22:28,True,F260019597
283,E17,22:00,22:05,22:10,True,F260019595
284,L9,22:02,22:05,22:10,False,F260019595
285,R1,21:54,22:00,22:06,True,F260019594
286,E13,21:54,22:04,22:07,True,F260019593
287,L3,21:42,21:48,22:07,True,F260019590
288,A2,21:42,21:46,21:59,True,F260019589
289,E36,21:39,21:44,22:22,True,F260019588
290,M32,21:59,22:06,22:23,False,F260019588
291,E34,21:36,21:41,21:45,True,F260019587
292,E2,21:32,21:36,21:58,True,F260019584
293,E11,21:28,21:32,21:50,False,F260019582
294,L13,21:28,,21:34,True,F260019582
295,A25,21:19,21:22,21:50,True,F260019581
296,B5,21:14,21:18,21:19,False,F260019580
297,E30,21:14,21:16,21:24,True,F260019580
298,L3,21:14,21:18,21:25,False,F260019580
299,E24,21:09,21:13,21:25,True,F260019579
300,E8,21:03,21:08,21:15,True,F260019577
301,E18,20:57,21:01,21:18,True,F260019574
302,L6,20:57,21:01,21:16,True,F260019573
303,A25,20:54,20:58,21:09,True,F260019572
304,A5,20:52,20:56,21:29,True,F260019570
305,M1,20:53,20:58,21:19,False,F260019570
306,E8,20:54,,20:59,False,F260019571
307,E9,20:52,20:58,21:25,True,F260019571
308,L6,20:54,,20:55,False,F260019571
309,M18,20:54,,21:00,False,F260019571
310,E38,20:50,20:53,20:59,True,F260019568
311,L9,20:50,,20:53,False,F260019568
312,A2,21:03,21:07,21:38,True,F260019569
313,M1,21:22,21:25,21:38,False,F260019569
314,E24,20:44,20:45,20:54,True,F260019567
315,E32,20:42,20:44,20:52,True,F260019566
316,E30,20:35,20:37,20:53,True,F260019564
317,E27,20:34,20:37,21:03,False,F260019563
318,M28,20:34,20:46,21:52,True,F260019563
319,E24,20:31,,20:33,True,F260019561
320,E39,20:33,20:35,20:37,True,F260019562
321,E20,20:31,20:33,20:41,True,F260019560
322,L8,20:31,20:37,20:38,False,F260019560
323,E29,20:28,20:33,20:41,True,F260019559
324,M32,20:28,,20:34,False,F260019559
325,A5,20:26,20:31,20:48,False,F260019557
326,L1,20:25,,20:26,True,F260019557
327,E31,20:25,20:30,20:39,True,F260019558
328,L6,20:25,20:29,20:40,True,F260019556
329,E8,20:18,,20:28,True,F260019555
330,E37,20:07,20:13,20:36,True,F260019552
331,A25,20:06,20:09,20:24,True,F260019551
332,M1,20:08,20:12,20:24,False,F260019551
333,E31,20:04,20:08,20:15,True,F260019550
334,E2,20:03,,20:05,True,F260019549
335,E28,20:00,20:04,20:14,True,F260019548
336,E40,20:02,20:06,20:30,True,F260019547
337,E11,19:59,20:05,20:27,True,F260019546
338,E34,19:58,20:01,20:27,True,F260019545
339,E10,19:49,19:52,19:53,True,F260019544
340,E35,19:49,19:54,20:21,True,F260019542
341,A4,19:45,19:52,20:20,True,F260019540
342,E29,19:42,19:49,20:22,True,F260019539
343,M26,19:42,19:58,21:40,False,F260019539
344,E25,19:41,19:46,19:51,True,F260019535
345,E2,19:37,,19:43,True,F260019532
346,A2,19:36,19:40,20:07,False,F260019528
347,A4,19:35,,19:36,False,F260019528
348,A4,19:40,,19:41,False,F260019528
349,M1,19:40,,19:49,False,F260019528
350,M10,19:35,,19:40,True,F260019528
351,E16,19:37,19:42,19:53,True,F260019529
352,E8,19:31,19:36,19:38,True,F260019527
353,E28,19:31,19:36,19:52,True,F260019525
354,E39,19:24,19:28,19:46,True,F260019523
355,A10,19:27,19:29,19:44,True,F260019522
356,A25,19:17,19:21,19:30,True,F260019521
357,E2,19:13,19:16,19:26,True,F260019520
358,L4,19:13,19:16,19:27,False,F260019520
359,E6,19:10,19:15,19:55,True,F260019519
360,L3,19:11,,19:14,False,F260019519
361,M1,19:11,,19:14,False,F260019519
362,E31,19:06,19:11,19:22,True,F260019516
363,E17,18:58,19:03,19:26,True,F260019514
364,A4,18:58,19:02,19:28,True,F260019513
365,E25,18:53,18:56,19:00,True,F260019511
366,L10,18:53,18:56,19:00,False,F260019511
367,L9,18:43,18:50,18:55,True,F260019509
368,A5,18:37,18:42,18:53,True,F260019508
369,E31,18:36,18:43,18:57,True,F260019507
370,E37,18:33,18:37,18:51,True,F260019506
371,E24,18:33,18:44,18:52,True,F260019505
372,E28,18:30,18:34,18:54,True,F260019504
373,E8,18:29,18:32,18:34,True,F260019503
374,L6,18:27,,18:29,False,F260019503
375,L4,18:18,18:21,18:25,True,F260019500
376,E34,18:07,18:12,18:14,True,F260019498
377,E32,18:05,18:10,18:25,True,F260019495
378,E6,18:03,18:07,18:20,True,F260019492
379,E39,17:54,17:58,18:26,True,F260019491
380,E40,17:52,,17:54,False,F260019491
381,E13,17:53,17:59,18:19,True,F260019490
382,E10,17:50,17:56,17:59,True,F260019489
383,L6,17:50,17:59,17:59,False,F260019489
384,E18,17:46,17:55,17:57,True,F260019487
385,E6,17:41,,17:51,True,F260019485
386,A4,17:38,17:43,18:17,True,F260019483
387,E2,17:38,17:43,18:14,True,F260019482
388,L4,17:38,17:43,18:13,False,F260019482
389,E39,17:30,17:35,17:54,True,F260019479
390,L3,17:27,17:29,17:54,True,F260019478
391,H1,17:19,,17:24,True,F260019476
392,E22,17:10,17:13,17:24,True,F260019470
393,E31,17:06,17:10,17:26,True,F260019469
394,A25,17:06,17:10,17:25,True,F260019467
395,E28,17:02,17:07,17:29,True,F260019466
396,E6,17:16,17:22,17:31,True,F260019465
397,E9,16:55,16:58,17:11,True,F260019464
398,L12,16:52,17:05,17:28,True,F260019462
399,A10,16:54,17:02,17:43,True,F260019461
400,A4,16:48,16:53,17:17,True,F260019459
401,E20,16:45,16:50,17:15,True,F260019458
402,E16,16:41,16:48,17:09,True,F260019456
403,E37,16:41,,16:42,False,F260019455
404,L13,16:42,16:46,16:58,True,F260019455
405,A5,16:31,16:34,16:47,True,F260019449
406,A25,16:25,16:31,16:49,False,F260019447
407,M10,16:25,16:32,16:45,True,F260019447
408,A10,16:14,16:16,16:31,True,F260019446
409,E2,16:12,16:17,16:25,True,F260019445
410,L4,16:12,16:17,16:26,False,F260019445
411,E5,16:07,16:22,16:28,True,F260019443
412,E25,16:02,16:12,16:19,True,F260019440
413,E6,16:01,,16:02,False,F260019440
414,E31,16:00,16:06,16:17,True,F260019439
415,E38,15:56,,16:02,True,F260019437
416,E8,15:55,15:59,16:19,True,F260019435
417,L11,15:54,16:02,16:23,True,F260019433
418,E9,15:53,16:12,16:12,True,F260019432
419,E32,15:52,15:55,16:18,True,F260019431
420,M10,16:00,,16:10,False,F260019431
421,E25,15:50,15:53,16:01,True,F260019430
422,L10,15:51,15:54,16:02,False,F260019430
423,L4,15:50,,15:51,False,F260019430
424,E13,15:49,15:59,16:45,True,F260019429
425,E36,15:49,16:04,16:32,False,F260019429
426,H1,15:46,16:08,17:18,True,F260019428
427,E29,15:43,15:49,16:10,True,F260019427
428,A5,15:46,15:48,15:59,True,F260019425
429,A2,15:37,15:42,16:18,True,F260019419
430,B4,15:35,15:37,15:47,False,F260019416
431,E18,15:34,15:37,16:22,True,F260019416
432,E9,15:35,,15:42,False,F260019416
433,L8,15:35,15:37,15:57,False,F260019416
434,MAR5,15:35,,15:46,False,F260019416
435,SAFT2,15:35,,15:41,False,F260019416
436,E16,15:31,15:34,16:01,True,F260019412
437,A25,15:34,15:37,16:02,True,F260019414
438,M1,15:36,15:39,16:33,False,F260019414
439,M17,15:36,,15:36,False,F260019414
440,E24,15:29,15:32,15:43,True,F260019411
441,E31,15:29,,15:33,False,F260019411
442,E20,15:26,15:28,15:59,True,F260019409
443,A4,15:23,15:27,16:40,True,F260019407
444,M18,15:24,15:47,16:58,False,F260019407
445,H98,15:17,15:30,15:47,True,F260019405
446,E40,15:09,15:13,15:35,True,F260019401
447,A10,15:09,15:14,16:09,True,F260019402
448,H99,15:16,15:19,17:19,False,F260019402
449,L10,15:10,15:15,15:51,False,F260019402
450,M32,15:10,15:22,16:05,False,F260019402
451,B4,15:02,,15:13,False,F260019398
452,E22,15:02,15:07,15:11,True,F260019398
453,L9,15:02,,15:09,False,F260019398
454,L10,14:53,,14:57,False,F260019397
455,L3,14:57,14:58,15:05,True,F260019397
456,B5,14:53,15:06,15:15,False,F260019396
457,E2,14:53,14:58,15:21,True,F260019396
458,L4,14:53,14:58,15:23,False,F260019396
459,L12,14:53,15:00,15:23,True,F260019395
460,E20,14:45,14:56,15:03,True,F260019392
461,A5,14:45,14:56,15:17,False,F260019391
462,B2,14:45,14:55,15:15,False,F260019391
463,E25,14:45,14:53,15:38,True,F260019391
464,E36,14:45,14:54,15:43,False,F260019391
465,E5,14:45,14:53,15:49,False,F260019391
466,M28,14:45,14:55,15:50,False,F260019391
467,M31,14:45,15:00,15:39,False,F260019391
468,M44,14:45,14:58,15:49,False,F260019391
469,SAFT2,14:45,14:54,15:15,False,F260019391
470,E6,14:43,14:50,15:14,True,F260019389
471,L10,14:43,,14:53,False,F260019389
472,E28,14:42,14:47,15:14,True,F260019388
473,L5,14:36,14:41,14:52,True,F260019386
474,E37,14:36,14:41,15:15,True,F260019385
475,E38,14:35,14:39,15:05,False,F260019384
476,M17,14:35,14:41,15:30,True,F260019384
477,E31,14:32,14:35,15:15,True,F260019383
478,A10,14:31,14:34,14:46,True,F260019382
479,E21,14:26,14:26,14:55,True,F260019381
480,MIH,14:27,,14:29,False,F260019381
481,E24,14:27,14:33,14:52,True,F260019380
482,E30,14:28,14:35,14:45,True,F260019379
483,A2,14:20,,14:22,False,F260019378
484,E2,14:20,,14:22,False,F260019378
485,M17,14:20,,14:21,True,F260019378
486,A5,14:19,,14:29,False,F260019377
487,E30,14:19,,14:27,False,F260019377
488,E36,14:19,14:26,14:44,True,F260019377
489,B2,14:13,,14:20,False,F260019374
490,E6,14:13,14:19,14:33,True,F260019374
491,L10,14:13,,14:20,False,F260019374
492,E31,14:11,14:16,14:29,True,F260019373
493,A25,14:11,14:18,14:46,True,F260019372
494,E25,14:10,,14:11,False,F260019372
495,M1,14:23,14:30,15:36,False,F260019372
496,E26,13:59,14:06,14:53,False,F260019370
497,L13,13:58,14:05,14:54,True,F260019370
498,M10,13:59,14:14,15:49,False,F260019370
499,H98,13:54,14:32,14:43,True,F260019369
500,E28,13:45,13:48,14:08,True,F260019367
501,L10,13:37,13:41,14:05,True,F260019365
502,E39,13:34,13:43,14:08,False,F260019364
503,M31,13:34,13:47,13:48,True,F260019364
504,E9,13:33,13:40,13:41,True,F260019362
505,L9,13:33,13:37,13:47,False,F260019362
506,A10,13:34,13:40,14:13,True,F260019363
507,E31,13:32,13:38,14:02,True,F260019360
508,A2,13:32,,13:35,False,F260019361
509,A4,13:35,,13:42,False,F260019361
510,E16,13:32,,13:46,False,F260019361
511,E22,13:32,13:37,13:51,True,F260019361
512,E25,13:24,13:27,13:43,True,F260019355
513,A25,13:21,13:26,13:46,True,F260019354
514,E37,13:25,13:28,14:10,False,F260019353
515,L13,13:21,,13:26,True,F260019353
516,M32,13:33,13:42,15:07,False,F260019353
517,E17,13:17,13:22,13:51,True,F260019351
518,M17,13:30,13:37,13:55,False,F260019351
519,E9,13:16,,13:18,True,F260019350
520,L8,13:16,13:20,13:27,False,F260019350
521,E6,13:16,13:21,13:25,True,F260019349
522,H98,13:13,13:39,13:51,True,F260019348
523,E30,13:11,13:11,13:22,True,F260019346
524,E40,13:08,13:11,13:45,True,F260019345
525,L5,13:05,13:14,13:33,True,F260019344
526,L10,13:04,13:11,13:15,False,F260019343
527,L10,13:16,13:16,13:25,True,F260019343
528,A5,12:58,13:02,13:23,True,F260019342
529,M1,13:08,13:19,14:21,False,F260019342
530,M17,13:07,,13:08,False,F260019342
531,A10,12:57,13:01,13:20,True,F260019338
532,H99,13:01,13:03,14:00,False,F260019338
533,E25,12:57,13:03,13:10,True,F260019339
534,E17,12:57,,13:02,True,F260019340
535,E38,13:01,13:08,13:41,False,F260019340
536,E9,12:47,12:51,12:59,True,F260019334
537,E38,12:47,12:53,13:01,False,F260019333
538,L9,12:47,12:54,12:59,True,F260019333
539,E5,12:47,12:51,13:01,True,F260019332
540,L4,12:47,,12:52,False,F260019332
541,E32,12:44,12:48,13:05,True,F260019331
542,E2,12:43,12:45,13:04,True,F260019330
543,E8,12:47,,12:49,False,F260019328
544,E9,12:43,,12:47,False,F260019328
545,L6,12:43,12:51,12:53,True,F260019328
546,E31,12:41,12:43,13:06,True,F260019329
547,A2,12:36,12:37,13:19,False,F260019325
548,L4,12:33,,12:36,True,F260019325
549,M1,12:36,12:44,13:08,False,F260019325
550,A25,12:31,12:34,13:18,False,F260019324
551,E25,12:30,,12:31,True,F260019324
552,M10,12:45,12:51,13:41,False,F260019324
553,E33,12:23,12:26,12:30,True,F260019322
554,E31,12:23,12:26,12:39,True,F260019321
555,A5,12:21,12:31,12:44,True,F260019320
556,E8,12:15,12:19,12:19,True,F260019318
557,E11,12:09,12:13,12:30,True,F260019316
558,E29,12:05,12:09,12:10,True,F260019314
559,A10,12:01,12:04,12:15,True,F260019311
560,E2,12:02,12:07,12:28,False,F260019309
561,M10,12:02,,12:13,True,F260019309
562,E10,12:03,12:07,12:12,True,F260019312
563,L3,12:03,,12:09,False,F260019312
564,E25,11:56,12:00,12:28,True,F260019308
565,E24,11:52,11:54,12:09,True,F260019307
566,E8,11:47,11:59,12:00,True,F260019306
567,A2,11:46,11:49,12:35,True,F260019305
568,A5,11:39,11:51,11:59,True,F260019303
569,E9,11:39,11:43,11:55,True,F260019302
570,A25,11:36,11:39,12:03,True,F260019301
571,E2,11:27,11:35,11:38,True,F260019298
572,E5,11:18,11:21,11:28,True,F260019296
573,L10,11:18,,11:21,False,F260019296
574,E17,11:15,11:18,11:23,True,F260019293
575,H99,11:20,,11:22,False,F260019293
576,A14,11:12,11:15,11:33,True,F260019292
577,E10,11:14,11:15,11:17,False,F260019292
578,H99,11:15,11:17,11:19,False,F260019292
579,M1,11:14,,11:20,False,F260019292
580,E21,11:09,11:11,11:29,True,F260019291
581,L5,11:09,,11:11,False,F260019291
582,L5,11:06,,11:08,True,F260019290
583,A4,11:05,11:07,12:46,False,F260019289
584,L3,11:05,,11:09,False,F260019289
585,M10,11:05,,11:09,True,F260019289
586,A4,10:55,,11:00,True,F260019287
587,A5,11:00,11:16,11:16,False,F260019287
588,E38,10:52,11:02,11:38,True,F260019286
589,M17,11:10,11:20,12:42,False,F260019286
590,L12,10:48,10:53,11:11,True,F260019285
591,E21,10:39,10:41,10:48,True,F260019283
592,L5,10:39,,10:44,False,F260019283
593,E5,10:37,10:42,11:09,True,F260019282
594,MIH,10:50,,10:56,False,F260019282
595,A5,10:31,10:34,11:00,True,F260019281
596,M1,10:31,10:36,11:06,False,F260019281
597,E25,10:28,10:31,10:34,True,F260019280
598,L10,10:28,10:31,10:35,False,F260019280
599,A25,10:21,10:28,10:46,True,F260019279
600,M18,10:22,10:27,10:51,False,F260019279
601,E2,10:19,10:22,10:52,True,F260019276
602,E5,10:17,10:22,10:27,True,F260019275
603,L3,10:17,,10:20,False,F260019275
604,E20,10:15,10:20,10:45,True,F260019273
605,E17,10:15,10:18,10:26,False,F260019272
606,L9,10:15,,10:16,True,F260019272
607,E24,10:10,10:23,10:40,True,F260019270
608,E31,10:00,10:06,10:21,True,F260019267
609,A2,10:02,10:08,10:33,True,F260019268
610,A4,09:58,10:00,10:33,True,F260019266
611,E17,09:55,09:57,10:12,False,F260019265
612,E17,10:13,10:13,10:15,True,F260019265
613,E26,09:45,09:49,10:02,True,F260019262
614,E18,09:49,09:52,09:59,True,F260019261
615,L11,09:39,09:44,10:05,True,F260019260
616,E16,09:31,09:31,10:12,True,F260019259
617,E31,09:28,,09:31,False,F260019259
618,M31,09:35,09:41,11:14,False,F260019259
619,A4,09:23,09:28,09:58,True,F260019258
620,M10,09:41,,09:46,False,F260019258
621,E16,09:16,09:17,09:30,False,F260019257
622,M31,09:16,,09:20,True,F260019257
623,E9,09:07,09:11,09:29,True,F260019254
624,A25,09:06,09:09,09:24,True,F260019253
625,E18,09:05,09:06,09:13,True,F260019250
626,E16,08:58,,09:16,True,F260019248
627,E31,08:56,09:00,09:11,True,F260019247
628,L10,08:38,08:44,08:51,True,F260019245
629,E32,08:38,,08:38,False,F260019244
630,L11,08:43,08:45,08:59,True,F260019244
631,E11,08:36,08:40,08:46,False,F260019243
632,L13,08:36,,08:43,True,F260019243
633,E10,08:35,08:40,08:51,True,F260019242
634,L3,08:35,08:38,08:50,False,F260019242
635,E38,08:34,08:44,08:46,True,F260019240
636,A10,08:28,08:33,09:09,True,F260019239
637,M1,08:39,08:44,09:29,False,F260019239
638,E32,08:26,08:31,08:38,False,F260019238
639,E32,08:40,08:40,08:53,True,F260019238
640,E13,08:24,,08:25,True,F260019237
641,E30,08:25,08:25,08:39,False,F260019237
642,L3,08:24,,08:28,False,F260019237
643,E30,08:18,08:21,08:25,True,F260019234
644,A25,08:16,08:20,08:22,True,F260019232
645,E41,08:14,08:19,08:31,True,F260019231
646,E17,08:11,08:20,08:44,True,F260019230
647,A14,08:08,,08:11,True,F260019227
648,B2,08:08,,08:19,False,F260019227
649,B6,08:08,08:17,08:17,False,F260019227
650,E38,08:08,,08:16,False,F260019227
651,E40,08:08,08:11,08:35,False,F260019227
652,L9,08:08,08:17,08:20,False,F260019227
653,M17,08:08,,08:15,False,F260019227
654,M44,08:08,,08:17,False,F260019227
655,R1,08:08,,08:17,False,F260019227
656,SAFT2,08:08,,08:15,False,F260019227
657,E33,08:02,08:06,08:23,True,F260019224
658,L12,08:02,08:07,08:17,False,F260019224
659,A2,08:13,08:17,08:29,True,F260019223
660,L4,07:54,08:00,08:07,True,F260019220
661,E21,07:49,07:52,08:07,True,F260019219
662,SQ14,07:44,07:44,,True,V260019218
663,E13,07:40,07:46,07:50,True,F260019217
664,E2,07:39,07:46,08:00,True,F260019215
665,E40,07:37,07:42,07:49,True,F260019214
666,E20,07:35,07:39,08:03,True,F260019213
667,A2,07:23,07:27,07:46,True,F260019212
668,L4,07:23,,07:23,False,F260019212
669,E17,07:06,07:10,07:20,True,F260019209
670,L9,07:06,07:10,07:17,False,F260019209
671,E28,07:06,07:11,07:32,False,F260019208
672,M28,07:06,07:13,07:21,True,F260019208
673,E5,07:05,,07:11,True,F260019207
674,L4,07:05,07:09,07:18,False,F260019207
675,E30,07:02,07:06,08:15,True,F260019206
676,MAR5,07:26,07:43,08:43,False,F260019206
677,E26,07:02,07:04,07:11,True,F260019205
678,E2,06:59,07:06,07:11,True,F260019204
679,E40,06:54,07:00,07:05,True,F260019203
680,E5,06:49,06:54,07:00,True,F260019201
681,A10,06:46,,06:50,True,F260019200
682,E38,06:45,06:50,07:04,True,F260019199
683,A2,06:38,06:43,06:58,True,F260019192
684,A25,06:32,06:40,06:54,True,F260019189
685,E17,06:16,06:22,06:32,True,F260019188
686,E24,06:04,,06:10,True,F260019186
687,E31,06:10,06:11,06:27,False,F260019186
688,M17,06:05,,06:07,False,F260019186
689,M31,06:07,06:09,07:10,False,F260019186
690,E10,06:03,06:08,06:16,True,F260019185
691,E28,06:02,,06:04,True,F260019184
692,E31,05:59,06:03,06:09,True,F260019183
693,L5,06:00,06:05,06:06,False,F260019183
694,M31,06:00,06:04,06:06,False,F260019183
695,E39,05:57,06:04,06:11,True,F260019182
696,E18,05:34,05:42,05:57,True,F260019181
697,A5,05:17,05:24,06:06,True,F260019178
698,M10,05:26,05:35,06:25,False,F260019178
699,E5,05:12,05:17,05:30,True,F260019177
700,E35,05:05,05:10,05:53,True,F260019176
701,M18,05:18,05:26,06:26,False,F260019176
702,E32,04:51,04:58,05:07,True,F260019175
703,E29,04:25,04:33,04:51,True,F260019172
704,E33,04:25,04:31,04:57,True,F260019171
705,E16,04:22,04:26,04:42,True,F260019169
706,A10,04:16,04:21,04:41,False,F260019168
707,M1,04:16,04:22,05:10,True,F260019168
708,E24,04:10,04:15,04:34,True,F260019167
709,E10,03:45,03:49,03:57,True,F260019166
710,L1,03:45,03:49,03:57,False,F260019166
711,E24,03:44,03:48,03:59,True,F260019165
712,L5,03:44,03:52,03:55,False,F260019165
713,E36,03:39,03:44,04:04,False,F260019164
714,M32,03:39,03:49,03:50,True,F260019164
715,E8,03:33,03:37,03:59,True,F260019163
716,A5,03:27,03:31,03:48,True,F260019159
717,A2,03:20,03:24,03:34,True,F260019158
718,A10,03:15,03:19,03:35,True,F260019156
719,E27,03:11,03:17,03:32,True,F260019155
720,A25,03:06,03:17,03:24,True,F260019154
721,E27,02:50,02:54,03:08,True,F260019153
722,R1,02:50,,02:55,False,F260019153
723,E17,02:42,02:45,02:52,True,F260019151
724,A25,02:18,02:23,02:38,True,F260019147
725,A14,02:04,,02:09,True,F260019146
726,B2,02:04,,02:09,False,F260019146
727,B6,02:04,02:07,02:09,False,F260019146
728,E17,02:04,02:07,02:15,False,F260019146
729,E22,02:04,,02:08,False,F260019146
730,L9,02:04,,02:09,False,F260019146
731,M17,02:04,,02:09,False,F260019146
732,M44,02:04,,02:08,False,F260019146
733,R1,02:04,,02:08,False,F260019146
734,SAFT2,02:04,,02:08,False,F260019146
735,E39,02:04,02:10,02:18,True,F260019144
736,A2,01:58,02:01,02:15,False,F260019142
737,E2,01:58,02:02,02:15,False,F260019142
738,M10,01:58,02:06,02:13,True,F260019142
739,E5,01:54,01:58,02:16,True,F260019141
740,E8,01:44,01:56,02:42,True,F260019140
741,L6,01:44,,01:49,False,F260019140
742,E16,01:24,01:32,01:50,True,F260019136
743,L9,01:24,01:28,01:45,False,F260019136
744,E25,01:23,01:27,01:35,True,F260019135
745,L5,01:21,01:43,01:44,True,F260019133
746,E31,01:11,01:27,01:34,True,F260019130
747,E28,01:15,01:19,01:37,True,F260019129
748,E30,01:06,01:09,01:26,True,F260019127
749,E17,01:03,01:12,01:33,True,F260019126
750,E32,01:04,01:09,01:18,True,F260019125
751,A25,01:00,01:11,01:26,True,F260019124
752,A5,00:42,00:49,01:09,True,F260019122
753,E9,00:39,00:45,01:20,False,F260019119
754,M17,00:39,00:47,01:27,True,F260019119
755,E31,00:39,00:43,00:56,True,F260019120
756,E39,00:13,00:17,00:40,True,F260019116
757,M31,00:20,,00:23,False,F260019116
758,A10,00:00,00:04,00:17,False,F260019115
759,E10,00:00,00:04,00:27,False,F260019115
760,M1,00:00,00:08,00:19,True,F260019115
761,E16,00:01,00:04,00:23,True,F260019114
762,E31,23:58,00:01,00:11,True,F260019112
763,E6,23:49,23:55,00:16,True,F260019110
764,M10,23:49,23:58,00:20,False,F260019110
765,A25,23:48,23:51,23:56,True,F260019109
766,E5,23:38,23:41,23:52,True,F260019107
767,E33,23:30,23:37,23:53,True,F260019106
768,E8,23:26,23:31,23:41,True,F260019105
769,E37,23:18,23:24,23:34,True,F260019104
770,E25,23:03,23:07,23:09,True,F260019102
771,A5,22:58,23:01,23:08,True,F260019101
772,L8,22:58,23:02,23:34,True,F260019100
773,E39,22:50,22:56,23:06,True,F260019098
774,E24,22:48,22:57,23:25,True,F260019095
775,E18,22:46,22:56,23:21,True,F260019094
776,A25,22:46,22:54,23:10,True,F260019093
777,A2,22:27,22:29,22:52,True,F260019090
778,A10,22:30,22:34,22:48,True,F260019091
779,E35,22:12,22:15,22:33,True,F260019088
780,A2,22:03,22:07,22:21,True,F260019084
781,E39,21:48,21:50,22:03,True,F260019080
782,E13,21:46,21:50,21:56,True,F260019078
783,E41,21:41,21:46,21:56,False,F260019076
784,M17,21:41,,21:49,True,F260019076
785,E6,21:39,21:43,21:55,True,F260019075
786,E21,21:38,21:42,21:57,True,F260019074
787,E17,21:21,21:27,22:00,True,F260019071
788,E30,21:18,21:23,21:24,True,F260019069
789,E39,21:10,21:15,21:17,True,F260019068
790,E24,21:06,21:13,21:42,True,F260019067
791,E6,21:01,21:05,21:23,True,F260019065
792,L3,21:01,21:05,21:21,False,F260019065
793,E2,21:00,21:03,21:21,True,F260019064
794,E29,20:57,21:02,21:25,True,F260019063
795,E28,20:56,21:00,21:19,True,F260019062
796,B4,20:58,21:01,21:44,False,F260019061
797,E18,20:56,21:02,21:52,False,F260019061
798,E9,20:54,20:59,22:38,True,F260019061
799,M18,20:56,21:02,22:58,False,F260019061
800,A2,20:50,20:50,21:03,True,F260019059
801,A5,20:48,20:51,21:12,True,F260019058
802,E37,20:44,20:44,21:16,True,F260019054
803,M26,20:50,20:59,21:25,False,F260019054
804,E30,20:44,20:47,21:05,True,F260019053
805,E8,20:40,20:44,20:51,True,F260019051
806,E5,20:38,20:42,21:24,True,F260019050
807,M1,20:51,20:59,21:25,False,F260019050
808,E36,20:36,20:40,20:49,True,F260019049
809,L11,20:40,,20:40,False,F260019049
810,R1,20:36,,20:40,False,F260019049
811,E2,20:31,20:35,20:41,True,F260019047
812,L4,20:31,20:35,20:44,False,F260019047
813,A2,20:31,20:35,20:49,True,F260019046
814,E32,20:18,20:23,20:36,True,F260019045
815,L11,20:18,20:23,20:36,False,F260019045
816,L13,20:16,20:23,20:53,False,F260019044
817,M32,20:16,20:25,21:00,True,F260019044
818,E28,20:08,20:13,20:45,True,F260019041
819,M28,20:20,20:26,20:40,False,F260019041
820,E33,19:58,20:05,20:09,True,F260019040
821,E24,19:51,19:57,20:15,True,F260019039
822,E9,19:43,19:47,20:13,False,F260019037
823,M10,19:43,19:52,20:23,True,F260019037
824,A2,19:37,19:37,19:51,False,F260019035
825,L4,19:35,,19:37,True,F260019035
826,E2,19:29,19:33,19:48,True,F260019034
827,E25,19:26,19:29,19:36,True,F260019032
828,L10,19:28,19:29,20:20,False,F260019032
829,L3,19:26,,19:28,False,F260019032
830,A10,19:26,,19:30,False,F260019031
831,B2,19:26,19:30,19:40,False,F260019031
832,E6,19:26,19:30,19:49,True,F260019031
833,M1,19:26,,19:30,False,F260019031
834,M44,19:26,,19:30,False,F260019031
835,E39,19:19,19:22,19:34,True,F260019029
836,FAC1,19:14,,19:33,True,F260019026
837,E16,19:15,19:19,19:40,True,F260019027
838,A2,19:16,19:20,19:37,True,F260019025
839,A5,19:07,19:11,19:45,True,F260019023
840,E25,19:08,19:08,19:12,True,F260019022
841,E40,19:03,19:09,19:20,True,F260019021
842,L5,19:03,19:11,19:14,False,F260019021
843,E39,18:59,19:03,19:18,True,F260019020
844,M31,19:00,,19:05,False,F260019020
845,E18,18:52,18:58,19:25,True,F260019017
846,E22,18:57,19:02,19:05,False,F260019016
847,L9,18:56,18:59,19:14,True,F260019016
848,E17,18:53,18:57,19:05,True,F260019018
849,A4,18:51,18:57,19:40,True,F260019015
850,E2,18:46,18:50,18:52,True,F260019014
851,A25,19:09,19:21,19:42,False,F260019013
852,M10,19:09,,19:19,True,F260019013
853,L12,18:26,18:32,18:39,True,F260019008
854,E27,18:24,18:29,18:33,True,F260019006
855,E17,18:24,18:27,18:36,True,F260019005
856,B2,18:25,18:35,19:16,False,F260019007
857,E25,18:31,18:36,19:00,False,F260019007
858,E34,18:25,18:29,19:25,True,F260019007
859,L10,18:25,18:30,19:28,False,F260019007
860,A10,18:23,18:26,18:44,True,F260019004
861,E31,18:23,18:27,18:32,True,F260019003
862,E38,18:14,18:19,18:31,True,F260019001
863,L9,18:14,18:23,18:29,False,F260019001
864,E28,18:14,18:17,18:28,True,F260019000
865,E22,18:10,18:15,18:25,True,F260018999
866,E6,17:45,17:49,18:03,False,F260018996
867,L1,17:45,,17:47,False,F260018996
868,L3,17:47,17:50,18:02,True,F260018996
869,A2,17:31,17:34,17:37,True,F260018995
870,E40,17:30,17:37,17:45,True,F260018994
871,L5,17:30,,17:42,False,F260018994
872,H2,17:30,17:45,18:31,True,F260018993
873,E39,17:28,17:36,18:04,True,F260018991
874,L3,17:28,,17:31,True,F260018990
875,A2,17:14,,17:16,False,F260018986
876,A4,17:16,17:21,17:45,True,F260018986
877,E6,17:11,17:13,17:40,True,F260018983
878,L4,17:04,17:10,17:34,True,F260018981
879,E11,17:03,17:12,17:13,True,F260018980
880,A5,17:02,17:07,17:29,True,F260018979
881,E28,17:01,17:08,17:08,True,F260018978
882,E16,16:59,17:02,17:33,False,F260018977
883,M17,16:59,17:05,17:37,True,F260018977
884,E37,16:56,17:00,17:18,True,F260018975
885,L13,16:56,17:01,17:17,False,F260018975
886,L1,16:53,17:00,17:23,True,F260018974
887,E24,16:39,16:42,17:00,True,F260018969
888,E8,16:38,16:42,17:11,True,F260018968
889,MIH,16:44,,16:49,False,F260018968
890,A4,16:53,16:57,17:10,True,F260018967
891,E34,16:34,16:39,17:10,True,F260018966
892,L3,16:34,,16:34,False,F260018966
893,E25,16:32,16:36,16:44,True,F260018964
894,L3,16:35,16:35,16:44,False,F260018964
895,L6,16:32,,16:35,False,F260018964
896,A4,16:21,16:26,16:31,True,F260018962
897,H99,16:24,,16:27,False,F260018962
898,H2,16:21,16:53,17:30,True,F260018961
899,E16,16:16,16:22,16:39,True,F260018959
900,L5,16:16,16:22,16:29,False,F260018959
901,E24,16:15,16:19,16:32,True,F260018958
902,E2,16:14,16:16,16:22,True,F260018957
903,L6,16:14,16:19,16:20,False,F260018957
904,L4,16:08,16:29,16:39,True,F260018954
905,E6,16:07,16:11,16:27,True,F260018953
906,L3,16:07,16:12,16:32,False,F260018953
907,H98,15:55,15:55,18:13,True,F260018952
908,E30,15:53,15:56,16:27,True,F260018951
909,A10,15:50,15:52,16:15,True,F260018950
910,A4,15:45,,15:47,True,F260018948
911,E31,15:38,,15:45,False,F260018946
912,E31,15:46,15:46,16:19,True,F260018946
913,E24,15:38,15:42,16:08,True,F260018947
914,L5,15:38,15:45,16:07,False,F260018947
915,L3,15:37,15:50,16:02,True,F260018945
916,E25,15:28,15:32,15:49,True,F260018943
917,E28,15:26,15:35,15:39,True,F260018941
918,E11,15:22,15:25,15:44,True,F260018940
919,E16,15:22,15:27,15:38,True,F260018939
920,A31,15:21,15:24,16:01,True,F260018938
921,A25,15:15,15:22,15:48,True,F260018937
922,E37,15:01,15:06,15:40,True,F260018936
923,E17,14:57,15:02,15:32,False,F260018934
924,M17,14:57,15:03,15:51,True,F260018934
925,L6,14:55,14:59,15:24,True,F260018933
926,E28,14:52,14:54,15:02,True,F260018932
927,E21,14:52,14:59,15:15,True,F260018931
928,L9,14:52,15:00,15:06,False,F260018931
929,L5,14:50,14:55,15:16,True,F260018928
930,A25,14:48,14:52,14:54,True,F260018927
931,A5,14:44,14:47,14:58,True,F260018926
932,E8,14:35,14:40,15:09,True,F260018923
933,M1,14:35,14:45,15:04,False,F260018923
934,H98,14:32,14:32,15:22,True,F260018922
935,L11,14:32,14:40,15:13,True,F260018921
936,E20,14:30,14:36,14:46,True,F260018920
937,E31,14:25,14:28,15:01,True,F260018917
938,M31,14:25,14:34,15:31,False,F260018917
939,E30,14:25,14:30,14:54,True,F260018916
940,H98,14:15,14:17,14:31,True,F260018914
941,A4,14:16,14:20,14:42,True,F260018915
942,A31,14:07,14:20,14:57,True,F260018912
943,A10,14:05,14:09,14:32,True,F260018910
944,E10,14:08,14:11,14:11,False,F260018910
945,H99,14:10,14:12,15:28,False,F260018910
946,M10,14:08,,14:11,False,F260018910
947,E5,14:02,14:04,14:17,True,F260018909
948,E40,13:50,13:58,14:28,True,F260018908
949,L6,13:50,13:53,14:27,True,F260018907
950,E38,13:40,13:44,14:08,True,F260018903
951,M17,13:41,13:47,14:36,False,F260018903
952,E41,13:35,13:39,13:45,True,F260018902
953,L8,13:35,,13:45,False,F260018902
954,E16,13:36,13:45,13:56,True,F260018901
955,A5,13:33,13:36,13:48,True,F260018900
956,H99,13:38,13:38,13:57,False,F260018900
957,E10,13:33,13:38,14:05,True,F260018899
958,E24,13:23,13:28,13:46,True,F260018895
959,A4,13:20,13:24,13:44,True,F260018894
960,E31,13:19,13:23,13:39,True,F260018892
961,A10,13:19,13:22,13:42,True,F260018893
962,E29,13:16,13:21,13:55,True,F260018891
963,M1,13:17,13:30,14:05,False,F260018891
964,A31,13:12,13:24,13:34,True,F260018890
965,A25,13:10,,13:15,False,F260018888
966,A25,13:18,13:23,13:28,True,F260018888
967,E18,12:54,12:57,13:19,True,F260018887
968,A25,12:42,12:46,13:07,False,F260018886
969,L10,12:41,,12:42,True,F260018886
970,M10,12:43,12:48,12:50,False,F260018886
971,E28,12:37,12:40,13:02,True,F260018884
972,E11,12:33,12:38,12:57,True,F260018881
973,E16,12:32,12:34,12:53,True,F260018880
974,L9,12:32,12:37,12:49,False,F260018880
975,H2,12:26,12:26,13:35,True,F260018879
976,E20,12:24,12:27,12:43,True,F260018875
977,L6,12:24,,12:31,False,F260018875
978,E27,12:23,12:27,12:37,True,F260018873
979,E10,12:22,12:25,12:45,True,F260018872
980,L3,12:22,12:27,12:45,False,F260018872
981,A5,12:24,12:30,12:44,True,F260018871
982,E30,12:20,12:22,12:48,True,F260018870
983,L12,12:20,12:25,12:29,False,F260018870
984,A5,12:19,,12:22,True,F260018868
985,E6,12:21,12:31,12:49,False,F260018868
986,E31,12:10,,12:12,True,F260018863
987,A2,12:15,,12:17,True,F260018866
988,A4,12:17,12:22,12:41,False,F260018866
989,E8,12:05,12:10,12:11,True,F260018861
990,A10,12:04,12:07,12:24,True,F260018859
991,E35,11:55,11:58,12:11,True,F260018857
992,E11,11:47,11:51,12:06,True,F260018856
993,M1,11:49,,11:54,False,F260018856
994,A14,11:47,,11:57,True,F260018855
995,A5,11:47,,11:57,False,F260018855
996,AIR10,11:47,,11:58,False,F260018855
997,B5,11:47,11:57,11:58,False,F260018855
998,B7,11:47,11:56,12:02,False,F260018855
999,DEP1,11:47,,11:58,False,F260018855
1000,E27,11:47,,11:50,False,F260018855
1001,E29,11:47,11:56,12:39,False,F260018855
1002,E32,11:47,11:55,11:58,False,F260018855
1003,E36,11:47,11:55,12:01,False,F260018855
1004,E37,11:49,11:56,11:58,False,F260018855
1005,E5,11:47,11:56,11:58,False,F260018855
1006,L11,11:47,11:57,12:39,False,F260018855
1007,L12,11:47,,11:57,False,F260018855
1008,L13,11:47,,11:57,False,F260018855
1009,M26,11:47,,11:58,False,F260018855
1010,M44,11:47,,11:57,False,F260018855
1011,MAR5,11:47,12:17,12:37,False,F260018855
1012,R1,11:48,,11:58,False,F260018855
1013,REHAB1,11:47,,11:58,False,F260018855
1014,SAFT2,11:47,,11:57,False,F260018855
1015,STAF10,11:47,,11:58,False,F260018855
1016,E18,11:37,11:42,12:05,False,F260018853
1017,L8,11:36,,11:37,True,F260018853
1018,L9,11:30,11:34,11:35,True,F260018852
1019,E21,11:26,,11:27,False,F260018850
1020,E35,11:25,11:28,11:52,True,F260018850
1021,M18,11:26,11:34,12:07,False,F260018850
1022,A2,11:18,,11:19,True,F260018849
1023,A4,11:19,11:23,11:29,False,F260018849
1024,E27,11:16,11:20,11:38,False,F260018848
1025,R1,11:16,11:22,11:47,True,F260018848
1026,E28,11:13,11:15,11:37,True,F260018847
1027,E20,11:07,11:11,11:39,True,F260018845
1028,A31,11:01,11:08,11:28,True,F260018843
1029,E26,11:01,11:02,11:15,True,F260018842
1030,E36,10:49,10:52,11:20,True,F260018840
1031,E5,10:45,10:52,11:03,True,F260018838
1032,L4,10:45,,10:51,False,F260018838
1033,L6,10:51,,10:55,False,F260018838
1034,A4,10:42,10:44,11:01,True,F260018836
1035,A10,10:34,10:41,11:02,True,F260018835
1036,A2,10:22,,10:24,True,F260018833
1037,A4,10:24,10:26,10:31,False,F260018833
1038,H99,10:30,,10:31,False,F260018833
1039,E37,10:22,10:27,10:47,True,F260018832
1040,E32,10:20,10:25,10:38,True,F260018831
1041,A5,10:08,10:10,10:38,True,F260018828
1042,M26,10:16,10:20,10:39,False,F260018828
1043,E34,10:07,10:14,10:26,True,F260018827
1044,L10,10:07,10:11,10:24,False,F260018827
1045,E10,10:06,,10:09,False,F260018826
1046,L3,10:06,10:08,10:09,False,F260018826
1047,M26,10:06,,10:09,True,F260018826
1048,E6,10:05,10:10,10:54,True,F260018825
1049,L3,10:10,10:10,10:50,False,F260018825
1050,M10,10:11,10:12,11:25,False,F260018825
1051,M26,10:10,,10:11,False,F260018825
1052,A4,10:03,10:06,10:21,True,F260018824
1053,E9,09:58,10:04,10:46,False,F260018821
1054,L4,09:58,,10:06,True,F260018821
1055,E8,09:52,09:55,10:10,True,F260018820
1056,L6,09:52,09:57,10:10,False,F260018820
1057,A5,09:53,09:55,10:01,True,F260018818
1058,MIH,09:58,,10:01,False,F260018818
1059,E36,09:49,,09:51,False,F260018815
1060,M26,09:49,,09:51,True,F260018815
1061,A10,09:45,09:48,10:18,True,F260018812
1062,M10,10:03,10:08,10:10,False,F260018812
1063,E6,09:46,09:48,10:02,True,F260018811
1064,A2,09:42,09:43,10:08,True,F260018809
1065,E32,09:41,09:44,10:05,False,F260018807
1066,H2,11:11,11:14,12:26,True,F260018807
1067,MIH,09:48,,09:58,False,F260018807
1068,E10,09:37,09:40,09:43,True,F260018806
1069,E39,09:35,09:39,09:59,True,F260018802
1070,L8,09:33,09:42,10:05,True,F260018798
1071,E13,09:36,09:39,09:47,True,F260018797
1072,E10,09:25,,09:28,False,F260018795
1073,E13,09:28,09:30,09:35,True,F260018795
1074,L13,09:27,09:33,09:45,True,F260018794
1075,A2,09:23,09:25,09:40,True,F260018792
1076,A4,09:16,09:23,09:53,True,F260018791
1077,E13,09:13,09:17,09:28,True,F260018790
1078,R1,09:13,09:20,09:22,False,F260018790
1079,E6,09:14,09:22,09:39,True,F260018787
1080,L3,09:13,,09:14,False,F260018787
1081,M10,09:13,09:22,09:51,False,F260018787
1082,E16,09:12,09:14,09:21,True,F260018786
1083,E35,09:12,09:15,09:32,True,F260018785
1084,E32,09:15,09:22,09:32,True,F260018782
1085,E8,09:01,09:06,09:22,True,F260018781
1086,A25,09:01,09:04,09:18,True,F260018778
1087,E25,09:00,,09:01,False,F260018778
1088,L10,09:00,,09:00,False,F260018778
1089,E9,08:56,09:02,09:06,True,F260018777
1090,L6,08:56,,09:03,False,F260018777
1091,A2,08:56,09:00,09:06,True,F260018776
1092,A5,08:48,08:50,09:00,True,F260018769
1093,E10,08:47,,08:48,False,F260018769
1094,E25,08:40,08:45,09:00,True,F260018763
1095,R1,08:34,,08:35,True,F260018760
1096,A10,08:32,08:35,09:01,False,F260018759
1097,M1,08:32,08:35,09:18,True,F260018759
1098,L5,08:28,08:28,08:51,True,F260018755
1099,A5,08:29,08:33,08:48,True,F260018756
1100,A25,08:34,08:40,09:01,True,F260018754
1101,E31,08:19,08:24,08:37,True,F260018750
1102,E32,08:42,08:46,08:49,True,F260018749
1103,E29,08:13,08:18,08:40,True,F260018748
1104,L13,08:10,08:20,08:28,True,F260018745
1105,E25,07:55,07:56,08:04,True,F260018743
1106,L10,07:55,07:57,08:05,False,F260018743
1107,SQ14,07:53,07:53,,True,V260018740
1108,E29,09:54,10:06,10:54,False,F260018735
1109,E37,10:48,10:53,,False,F260018735
1110,EVENT6,07:45,07:45,,True,F260018735
1111,L11,08:58,08:58,10:22,False,F260018735
1112,E28,10:06,10:23,11:08,False,F260018734
1113,E30,08:53,09:10,10:07,False,F260018734
1114,EVENT5,07:44,07:44,,True,F260018734
1115,L12,11:07,,11:11,False,F260018734
1116,A10,11:04,11:16,,False,F260018733
1117,A25,10:29,,10:31,False,F260018733
1118,A5,11:00,11:03,11:04,False,F260018733
1119,E10,10:12,10:27,10:58,False,F260018733
1120,E2,08:57,09:12,10:54,False,F260018733
1121,E25,09:47,09:49,10:10,False,F260018733
1122,E34,10:58,11:11,,False,F260018733
1123,EVENT4,07:44,07:44,,True,F260018733
1124,E21,11:31,,,False,F260018732
1125,E24,09:13,09:26,10:19,False,F260018732
1126,E31,10:43,10:54,11:31,False,F260018732
1127,EVENT3,07:43,07:43,,True,F260018732
1128,L5,10:01,10:14,10:50,False,F260018732
1129,E18,08:50,08:50,09:53,False,F260018731
1130,E20,09:37,09:45,10:45,False,F260018731
1131,E41,11:15,11:30,,False,F260018731
1132,E8,10:30,10:38,11:16,False,F260018731
1133,EVENT2,07:42,07:43,,True,F260018731
1134,E17,09:38,09:40,10:17,False,F260018730
1135,E22,10:44,10:48,11:33,False,F260018730
1136,E40,11:32,,,False,F260018730
1137,EVENT1,07:42,07:42,,True,F260018730
1138,L9,10:13,10:14,10:53,False,F260018730
1139,E25,07:41,07:45,07:51,True,F260018729
1140,L10,07:41,07:45,07:51,False,F260018729
1141,A10,07:39,07:41,07:52,False,F260018726
1142,E10,07:39,07:42,07:42,False,F260018726
1143,M10,07:39,,07:42,True,F260018726
1144,E24,07:32,07:36,07:50,True,F260018724
1145,E11,07:17,07:21,07:30,True,F260018723
1146,A5,07:10,07:16,07:43,True,F260018722
1147,E31,07:08,07:10,07:18,True,F260018721
1148,E38,07:07,07:12,07:32,True,F260018720
1149,E30,07:05,07:09,07:25,True,F260018719
1150,E2,07:02,07:08,07:17,True,F260018716
1151,L4,07:02,07:08,07:15,False,F260018716
1152,A2,07:03,07:06,07:07,True,F260018717
1153,E17,06:55,07:01,07:02,True,F260018715
1154,A10,06:51,06:56,07:02,True,F260018711
1155,E9,06:46,06:52,07:33,True,F260018710
1156,E37,06:44,06:46,06:57,False,F260018708
1157,M1,06:44,,06:53,True,F260018708
1158,A2,06:37,06:40,07:00,True,F260018707
1159,A14,06:34,06:38,06:47,True,F260018706
1160,E30,06:18,06:26,06:35,True,F260018703
1161,A25,06:11,06:14,06:30,True,F260018701
1162,A2,06:08,06:16,06:30,True,F260018700
1163,E38,06:08,06:10,06:56,True,F260018698
1164,A25,05:51,05:54,06:04,True,F260018697
1165,A31,05:23,05:33,05:34,True,F260018692
1166,E21,05:17,,05:20,True,F260018690
1167,E37,05:15,05:20,05:49,True,F260018689
1168,E25,04:55,05:10,05:13,False,F260018687
1169,M1,04:55,,05:01,True,F260018687
1170,A5,04:53,04:59,05:27,True,F260018686
1171,A31,04:33,04:45,05:02,False,F260018684
1172,M18,04:33,04:43,06:00,True,F260018684
1173,A25,04:31,04:36,05:13,True,F260018683
1174,E9,04:23,04:27,04:47,False,F260018682
1175,M17,04:23,04:30,04:42,True,F260018682
1176,E24,04:18,04:22,04:35,True,F260018681
1177,L5,04:18,04:26,04:27,False,F260018681
1178,E31,04:18,,04:20,True,F260018680
1179,L9,04:18,,04:20,False,F260018680
1180,E10,03:46,03:49,04:06,True,F260018675
1181,L1,03:46,03:49,04:06,False,F260018675
1182,E38,03:40,03:45,04:06,False,F260018673
1183,M17,03:40,03:48,03:53,True,F260018673
1184,E17,03:35,03:41,03:46,True,F260018672
1185,E13,03:25,03:32,04:02,False,F260018671
1186,M1,03:25,03:36,04:23,True,F260018671
1187,E31,03:20,03:24,03:54,True,F260018670
1188,E30,03:13,03:17,03:51,True,F260018669
1189,M28,03:19,03:28,04:38,False,F260018669
1190,E25,03:10,03:14,03:23,True,F260018667
1191,L10,03:10,03:14,03:21,False,F260018667
1192,A14,02:52,02:57,03:10,True,F260018665
1193,E11,02:49,02:57,03:18,False,F260018663
1194,M32,02:49,02:57,03:46,True,F260018663
1195,E9,02:50,02:55,03:20,True,F260018664
1196,M17,02:51,02:59,03:19,False,F260018664
1197,A26,06:32,06:37,,True,F260018662
1198,E39,02:43,02:48,03:03,True,F260018661
1199,A10,02:32,02:35,02:43,True,F260018659
1200,E37,02:30,02:36,02:47,True,F260018658
1201,E2,02:26,02:31,02:38,True,F260018657
1202,L4,02:26,02:31,02:37,False,F260018657
1203,L8,02:20,02:25,02:47,True,F260018656
1204,E17,02:11,02:15,02:19,True,F260018655
1205,M17,02:12,,02:17,False,F260018655
1206,B5,02:05,02:10,02:18,False,F260018652
1207,E30,02:05,02:09,02:19,True,F260018652
1208,L3,02:05,02:11,02:19,False,F260018652
1209,A2,02:00,02:05,02:43,True,F260018650
1210,A25,01:57,02:00,02:13,False,F260018649
1211,M1,01:57,02:08,02:13,True,F260018649
1212,L8,01:53,01:58,02:05,True,F260018648
1213,A2,01:29,01:33,01:39,True,F260018646
1214,A5,01:25,01:28,01:54,True,F260018645
1215,M1,01:27,01:29,01:39,False,F260018645
1216,M17,01:25,,01:27,False,F260018645
1217,L8,01:24,01:32,01:38,True,F260018643
1218,E25,01:25,01:33,01:34,True,F260018644
1219,A10,01:21,01:23,01:30,False,F260018641
1220,E10,01:21,01:23,01:29,False,F260018641
1221,M1,01:21,01:25,01:27,True,F260018641
1222,E6,01:15,01:20,01:26,True,F260018639
1223,A25,00:56,01:00,01:06,True,F260018637
1224,E29,00:52,00:56,01:14,True,F260018635
1225,A5,00:50,00:54,01:15,True,F260018634
1226,E35,00:34,00:39,01:06,True,F260018632
1227,A14,00:10,,00:10,True,F260018627
1228,B2,00:10,,00:16,False,F260018627
1229,B5,00:10,,00:16,False,F260018627
1230,E10,00:10,00:14,00:19,False,F260018627
1231,E5,00:10,00:14,00:32,False,F260018627
1232,L1,00:10,00:15,00:30,False,F260018627
1233,M1,00:10,,00:16,False,F260018627
1234,M44,00:10,,00:16,False,F260018627
1235,R1,00:10,,00:16,False,F260018627
1236,SAFT2,00:10,,00:16,False,F260018627
1237,A10,00:11,00:13,00:55,False,F260018628
1238,B5,00:16,00:22,00:39,False,F260018628
1239,B6,00:11,,00:16,False,F260018628
1240,DEP1,00:18,00:24,00:28,False,F260018628
1241,E6,00:11,00:16,00:47,False,F260018628
1242,L3,00:11,00:16,00:38,False,F260018628
1243,M1,00:16,00:19,00:33,False,F260018628
1244,M17,00:11,00:21,00:37,True,F260018628
1245,M28,00:11,,00:16,False,F260018628
1246,M44,00:16,00:22,00:37,False,F260018628
1247,R1,00:21,00:21,00:46,False,F260018628
1248,SAFT2,00:17,00:19,00:29,False,F260018628
1249,E37,00:00,00:05,00:13,True,F260018626
1250,M32,00:01,00:11,00:12,False,F260018626
1251,E27,23:53,23:57,00:08,True,F260018624
1252,E24,23:43,23:46,23:58,True,F260018621
1253,E6,23:35,23:42,23:45,True,F260018619
1254,E24,23:21,23:24,23:34,True,F260018618
1255,E13,23:11,23:14,23:18,True,F260018617
1256,A2,23:47,23:52,00:01,True,F260018614
1257,E5,22:56,23:12,23:26,True,F260018610
1258,E2,22:52,22:57,23:01,True,F260018609
1259,L6,22:51,23:08,23:18,True,F260018608
1260,E38,22:50,22:53,23:09,True,F260018606
1261,E25,22:45,22:50,23:04,True,F260018605
1262,A5,22:43,22:47,23:16,True,F260018604
1263,L8,22:42,22:45,22:52,True,F260018602
1264,E34,22:38,,22:40,True,F260018601
1265,E20,22:33,,22:34,False,F260018598
1266,L8,22:33,,22:34,False,F260018598
1267,M18,22:33,,22:34,True,F260018598
1268,E29,22:26,22:30,22:48,True,F260018596
1269,M32,22:26,22:30,23:23,False,F260018596
1270,A2,22:35,22:39,22:43,True,F260018597
1271,E10,22:29,22:33,22:34,True,F260018595
1272,E25,22:24,22:31,22:33,True,F260018594
1273,A25,22:19,22:21,23:01,True,F260018593
1274,M1,22:20,22:24,22:25,False,F260018593
1275,A2,22:17,22:22,22:26,True,F260018590
1276,A10,22:14,22:18,22:33,True,F260018589
1277,A5,00:12,00:21,00:44,True,F260018587
1278,E38,22:06,22:08,22:20,True,F260018586
1279,A2,22:01,22:06,22:08,True,F260018582
1280,E21,21:56,22:04,22:38,True,F260018581
1281,A25,21:48,21:50,22:16,True,F260018579
1282,L3,21:53,21:59,22:02,True,F260018578
1283,E24,21:40,21:44,22:03,True,F260018576
1284,E35,21:39,21:44,22:04,True,F260018574
1285,E22,21:33,21:39,21:54,True,F260018572
1286,E32,21:30,21:34,21:49,True,F260018571
1287,E13,21:27,21:31,21:43,True,F260018570
1288,A2,21:20,,21:22,True,F260018569
1289,E33,21:19,,21:21,True,F260018568
1290,E40,21:19,21:23,21:31,True,F260018567
1291,L5,21:19,21:26,21:28,False,F260018567
1292,E37,21:17,21:22,21:51,False,F260018566
1293,M32,21:17,21:26,22:25,True,F260018566
1294,B2,21:07,21:08,21:12,False,F260018561
1295,E10,21:04,21:07,21:16,True,F260018561
1296,L10,21:05,,21:08,False,F260018561
1297,M1,21:05,21:09,21:11,False,F260018561
1298,E13,21:05,21:09,21:14,True,F260018562
1299,E17,21:04,21:08,21:20,True,F260018560
1300,A25,20:55,20:57,21:17,False,F260018558
1301,B2,20:55,20:59,21:06,False,F260018558
1302,E25,20:55,,20:56,False,F260018558
1303,L10,20:56,21:00,21:04,True,F260018558
1304,M1,20:55,20:59,21:04,False,F260018558
1305,M44,20:55,21:01,21:04,False,F260018558
1306,L12,20:54,20:57,21:08,True,F260018557
1307,L1,20:52,21:00,21:12,True,F260018555
1308,E39,20:50,20:55,21:10,True,F260018553
1309,E10,20:50,20:53,21:01,True,F260018554
1310,A5,20:50,20:58,21:08,False,F260018552
1311,E10,20:49,,20:50,True,F260018552
1312,E5,20:49,20:55,21:17,True,F260018551
1313,E28,20:45,20:49,21:09,True,F260018549
1314,A2,20:41,20:49,21:03,True,F260018547
1315,E20,20:41,20:45,20:56,True,F260018546
1316,A25,20:41,20:44,20:52,False,F260018545
1317,E25,20:40,,20:42,True,F260018545
1318,E31,20:34,20:38,21:01,True,F260018543
1319,E17,20:32,20:37,20:43,True,F260018541
1320,A5,20:32,20:40,20:43,False,F260018540
1321,E10,20:32,,20:33,True,F260018540
1322,L10,20:32,20:38,20:50,True,F260018542
1323,A14,20:26,20:30,20:50,True,F260018539
1324,A10,20:24,20:30,21:06,True,F260018538
1325,A25,20:12,20:15,20:41,True,F260018535
1326,E31,20:14,,20:17,True,F260018536
1327,E28,20:11,,20:13,True,F260018534
1328,E33,20:13,20:16,20:19,False,F260018534
1329,E22,20:06,20:10,20:38,True,F260018531
1330,E2,20:05,20:07,20:17,True,F260018530
1331,L4,20:05,20:09,20:16,False,F260018530
1332,E10,20:05,20:07,20:16,True,F260018529
1333,E33,20:04,20:06,20:12,True,F260018528
1334,E24,20:01,20:03,20:20,True,F260018527
1335,A5,19:57,20:04,20:17,True,F260018524
1336,M1,19:57,,20:00,False,F260018524
1337,E37,19:47,19:51,20:02,True,F260018523
1338,A10,19:46,19:57,20:12,True,F260018521
1339,E30,19:40,19:44,19:57,True,F260018520
1340,E5,19:37,19:39,19:57,True,F260018517
1341,E2,19:32,19:37,19:58,True,F260018516
1342,L6,19:32,19:35,20:04,False,F260018516
1343,L8,19:31,19:34,19:41,True,F260018515
1344,L13,19:31,19:35,19:52,True,F260018514
1345,E30,19:23,19:28,19:29,True,F260018510
1346,A5,19:20,19:30,19:35,True,F260018509
1347,E11,19:14,19:17,19:27,True,F260018508
1348,E25,19:07,19:11,19:21,True,F260018505
1349,L10,19:07,19:11,19:18,False,F260018505
1350,E30,19:06,19:09,19:19,True,F260018503
1351,L3,19:06,19:09,19:18,False,F260018503
1352,E37,19:04,19:07,19:39,False,F260018502
1353,L13,19:02,,19:04,True,F260018502
1354,M32,19:03,19:12,19:48,False,F260018502
1355,E13,19:01,19:05,20:18,True,F260018501
1356,E27,19:04,19:07,20:01,False,F260018501
1357,M28,19:02,19:09,20:55,False,F260018501
1358,B6,18:57,19:00,19:16,False,F260018500
1359,E17,18:53,19:00,19:22,False,F260018500
1360,E38,18:53,18:57,19:28,False,F260018500
1361,M17,18:53,19:00,20:08,True,F260018500
1362,A2,18:48,18:53,18:57,True,F260018497
1363,E10,18:51,18:54,18:55,True,F260018498
1364,A10,18:46,18:53,19:41,True,F260018496
1365,E33,18:44,18:47,19:03,True,F260018495
1366,E37,18:42,18:46,19:00,True,F260018493
1367,E28,18:22,18:26,18:35,True,F260018491
1368,E38,18:19,18:24,18:43,True,F260018490
1369,L4,18:03,18:11,18:23,True,F260018487
1370,E35,18:01,18:07,18:11,False,F260018484
1371,L8,18:00,18:05,18:44,True,F260018484
1372,E17,18:00,18:03,18:23,False,F260018483
1373,M17,18:00,18:03,18:07,True,F260018483
1374,E39,17:51,17:55,18:13,True,F260018481
1375,A5,17:51,18:03,18:08,False,F260018480
1376,E10,17:50,,17:51,True,F260018480
1377,E29,17:48,17:51,18:13,True,F260018478
1378,E21,17:46,,17:48,True,F260018477
1379,E2,17:39,17:42,17:58,True,F260018476
1380,E13,17:34,17:36,17:46,True,F260018474
1381,A5,17:27,17:31,17:49,True,F260018472
1382,E25,17:27,17:29,17:47,True,F260018471
1383,A25,17:24,17:26,17:47,True,F260018469
1384,L10,17:23,,17:24,False,F260018469
1385,M1,17:24,17:28,17:45,False,F260018469
1386,A10,17:24,17:30,17:49,True,F260018468
1387,E29,17:23,17:28,17:48,True,F260018467
1388,E35,17:20,17:26,17:30,True,F260018465
1389,E20,17:11,,17:14,False,F260018462
1390,L8,17:14,,17:16,True,F260018462
1391,A2,17:10,17:14,17:49,True,F260018461
1392,H1,17:30,17:46,18:07,False,F260018461
1393,MIH,17:17,17:17,17:17,False,F260018461
1394,MIH,17:17,,17:30,False,F260018461
1395,E25,17:05,17:09,17:23,True,F260018460
1396,L10,17:05,17:09,17:19,False,F260018460
1397,L8,17:03,17:09,17:13,True,F260018459
1398,A25,16:58,17:02,17:24,False,F260018458
1399,L10,17:24,,17:26,True,F260018458
1400,E24,16:56,17:05,17:09,True,F260018457
1401,L5,16:56,,17:02,False,F260018457
1402,A5,16:51,16:56,17:03,True,F260018456
1403,E27,16:34,16:39,16:40,True,F260018453
1404,E38,16:27,16:30,16:43,True,F260018452
1405,E28,16:22,,16:23,False,F260018450
1406,E33,16:23,16:26,16:48,True,F260018450
1407,L8,16:17,16:22,16:44,True,F260018449
1408,E32,16:12,16:15,16:42,True,F260018447
1409,E5,16:06,16:08,16:29,True,F260018444
1410,E25,16:01,16:05,16:24,True,F260018443
1411,L10,16:01,16:04,16:17,False,F260018443
1412,E33,15:58,16:02,16:23,True,F260018442
1413,E24,15:48,15:52,16:02,True,F260018440
1414,A2,15:48,15:53,16:03,True,F260018439
1415,A25,15:43,15:48,16:12,True,F260018437
1416,E31,15:43,15:46,15:53,True,F260018436
1417,L5,15:43,15:47,15:55,False,F260018436
1418,A10,15:38,15:43,16:10,False,F260018434
1419,M32,15:38,15:50,16:22,True,F260018434
1420,EVENT15,15:41,15:41,,True,F260018433
1421,A5,15:36,15:38,16:09,False,F260018432
1422,M1,15:36,15:39,16:06,True,F260018432
1423,L6,15:33,15:39,16:01,True,F260018431
1424,B4,15:35,15:40,15:44,False,F260018430
1425,B4,15:45,15:45,15:52,False,F260018430
1426,E21,15:35,15:38,15:56,True,F260018430
1427,E35,15:35,,15:44,False,F260018430
1428,M18,15:35,15:43,15:54,False,F260018430
1429,M44,15:35,,15:44,False,F260018430
1430,E20,15:22,15:28,15:32,True,F260018429
1431,A31,15:12,15:15,15:31,True,F260018424
1432,M18,15:12,,15:16,False,F260018424
1433,A25,15:12,,15:14,True,F260018423
1434,E25,15:11,,15:12,False,F260018423
1435,E2,15:09,15:12,15:24,True,F260018422
1436,A2,15:08,15:12,15:24,True,F260018421
1437,E30,15:06,15:10,15:23,True,F260018420
1438,L3,15:06,15:09,15:22,False,F260018420
1439,E24,15:03,15:05,15:22,True,F260018419
1440,A10,14:54,14:57,15:06,True,F260018416
1441,H1,14:54,15:02,15:10,True,F260018417
1442,E40,14:50,14:55,15:36,True,F260018415
1443,M17,15:10,15:19,15:38,False,F260018415
1444,L3,14:48,14:53,15:00,True,F260018414
1445,E10,14:45,14:47,15:05,True,F260018411
1446,A25,14:43,14:48,15:12,False,F260018410
1447,E25,15:12,,15:13,True,F260018410
1448,A5,14:42,14:45,15:11,True,F260018409
1449,E28,14:35,14:39,15:02,True,F260018406
1450,M28,14:36,14:44,14:56,False,F260018406
1451,A31,14:31,14:40,15:02,True,F260018404
1452,E17,14:31,,14:34,False,F260018404
1453,E21,14:31,14:44,15:08,False,F260018404
1454,E31,14:34,14:38,15:06,False,F260018404
1455,A10,14:27,14:31,14:53,True,F260018403
1456,E32,14:27,14:30,14:41,True,F260018402
1457,E9,14:25,14:30,14:50,True,F260018401
1458,H1,14:17,14:17,14:51,True,F260018398
1459,E31,14:09,14:14,14:34,True,F260018394
1460,M17,14:12,14:19,14:55,False,F260018394
1461,E30,14:07,14:11,14:24,True,F260018392
1462,L12,14:07,14:13,14:19,False,F260018392
1463,E37,14:08,14:12,14:26,False,F260018393
1464,M32,14:08,,14:15,True,F260018393
1465,A31,13:54,14:00,14:14,True,F260018390
1466,E10,13:49,,13:54,True,F260018389
1467,L3,13:49,13:53,13:57,False,F260018389
1468,A25,13:46,14:05,14:28,True,F260018387
1469,A5,13:39,13:44,14:29,True,F260018385
1470,A2,13:30,13:38,14:02,True,F260018383
1471,L3,13:24,13:28,13:33,True,F260018382
1472,A25,13:22,13:28,13:45,True,F260018381
1473,H1,13:22,13:38,13:48,True,F260018380
1474,A31,12:54,13:06,13:08,True,F260018375
1475,E2,12:49,12:54,13:07,True,F260018374
1476,L4,12:49,12:54,12:57,False,F260018374
1477,L10,12:57,13:01,13:14,True,F260018373
1478,E31,12:25,12:26,12:42,False,F260018370
1479,L5,12:24,,12:25,True,F260018370
1480,E11,12:10,12:15,12:35,True,F260018368
1481,E39,12:07,12:10,13:13,True,F260018367
1482,E40,12:01,12:06,12:07,True,F260018364
1483,A14,12:01,,12:04,True,F260018365
1484,E13,12:03,12:07,12:25,False,F260018365
1485,E38,11:57,12:01,12:19,True,F260018359
1486,A25,11:51,11:58,12:08,True,F260018357
1487,L8,11:51,11:56,12:17,True,F260018356
1488,E37,11:47,11:51,12:09,True,F260018355
1489,E21,11:45,11:47,12:08,True,F260018354
1490,A10,11:42,11:48,12:23,True,F260018353
1491,E28,11:33,11:37,11:52,True,F260018351
1492,L12,11:33,11:37,11:38,False,F260018351
1493,L6,11:21,11:23,11:32,True,F260018349
1494,E2,11:18,11:22,11:42,True,F260018346
1495,A2,11:13,11:16,11:29,True,F260018344
1496,E24,11:06,11:08,11:23,True,F260018343
1497,L9,10:56,11:01,11:24,True,F260018339
1498,L6,10:53,10:57,11:14,True,F260018337
1499,A10,10:55,11:02,11:13,True,F260018338
1500,E37,10:51,10:54,11:04,True,F260018336
1501,E5,10:47,10:50,11:19,True,F260018334
1502,E21,10:45,10:49,11:01,True,F260018332
1503,E20,10:45,,10:48,True,F260018333
1504,E34,10:41,10:45,11:02,True,F260018331
1505,E9,10:38,10:45,10:55,True,F260018329
1506,L8,10:38,10:45,10:47,False,F260018329
1507,A2,10:38,10:42,11:01,True,F260018330
1508,M1,10:39,,10:40,False,F260018330
1509,M32,10:38,,10:40,False,F260018330
1510,E29,10:33,10:38,11:10,True,F260018327
1511,M1,10:42,,10:43,False,F260018327
1512,M32,10:42,10:52,11:47,False,F260018327
1513,A5,10:33,10:36,10:54,True,F260018326
1514,A31,10:37,10:40,10:56,True,F260018325
1515,E28,10:18,,10:22,True,F260018322
1516,L12,10:18,,10:22,False,F260018322
1517,A10,10:14,10:19,10:50,True,F260018320
1518,E40,10:12,10:16,10:32,False,F260018318
1519,M17,10:12,10:20,10:21,True,F260018318
1520,A5,10:13,10:15,10:18,True,F260018319
1521,E34,10:06,10:08,10:19,True,F260018315
1522,E11,10:01,10:06,10:33,True,F260018314
1523,M32,10:02,10:10,10:29,False,F260018314
1524,L3,10:01,10:06,10:19,True,F260018313
1525,E30,09:56,10:01,10:01,True,F260018312
1526,A25,09:46,09:50,10:42,True,F260018311
1527,M1,10:09,10:14,10:35,False,F260018311
1528,L5,09:31,,09:43,True,F260018307
1529,A2,09:28,09:31,09:44,True,F260018306
1530,M18,09:39,,09:40,False,F260018306
1531,E36,09:27,09:33,09:50,True,F260018305
1532,E9,09:22,09:25,09:33,True,F260018304
1533,L9,09:22,,09:26,False,F260018304
1534,E37,08:59,09:01,09:05,True,F260018294
1535,E31,08:53,08:54,09:12,True,F260018292
1536,L5,08:52,,08:53,False,F260018292
1537,L5,08:53,,08:53,False,F260018292
1538,M17,08:53,09:00,09:31,False,F260018292
1539,E25,08:52,08:55,09:03,True,F260018291
1540,L6,08:45,08:49,09:18,True,F260018290
1541,E31,08:35,08:40,08:52,True,F260018289
1542,E24,08:32,08:34,08:44,True,F260018287
1543,E30,08:13,08:23,09:04,False,F260018281
1544,M28,08:13,08:19,09:18,True,F260018281
1545,E11,08:22,08:26,08:44,True,F260018282
1546,A26,08:07,,08:08,True,F260018278
1547,E17,08:00,08:05,08:16,True,F260018275
1548,L9,08:00,08:07,08:16,False,F260018275
1549,E31,07:58,08:05,08:30,True,F260018273
1550,E34,07:59,08:02,08:31,True,F260018274
1551,M1,08:09,08:14,09:04,False,F260018274
1552,A25,07:52,07:57,08:28,True,F260018272
1553,E39,07:51,07:57,08:07,True,F260018271
1554,E24,07:45,07:49,08:16,True,F260018270
1555,M18,07:46,,07:56,False,F260018270
1556,E9,07:43,07:48,08:10,True,F260018269
1557,E5,07:35,07:38,08:23,False,F260018268
1558,M32,07:35,07:46,07:55,True,F260018268
1559,E13,07:34,,07:36,False,F260018267
1560,E30,07:36,07:36,07:47,True,F260018267
1561,L12,07:34,07:38,07:45,False,F260018267
1562,E17,07:22,07:27,07:55,False,F260018265
1563,M17,07:22,07:29,08:20,True,F260018265
1564,A10,07:14,07:25,07:47,True,F260018264
1565,E21,07:07,07:12,07:36,True,F260018262
1566,E30,07:04,07:09,07:34,True,F260018260
1567,M1,07:18,07:26,07:58,False,F260018260
1568,E10,07:06,07:09,07:22,True,F260018261
1569,A5,06:59,07:03,07:20,True,F260018258
1570,E31,06:54,06:59,07:18,True,F260018257
1571,E36,06:47,06:52,07:16,True,F260018255
1572,B2,06:41,06:47,06:55,False,F260018254
1573,E2,06:41,06:46,07:19,True,F260018254
1574,L4,06:41,06:46,07:11,False,F260018254
1575,E24,06:35,06:40,07:08,True,F260018251
1576,E31,06:31,,06:35,False,F260018251
1577,E16,06:31,06:35,06:38,True,F260018252
1578,A10,06:29,06:40,07:10,True,F260018250
1579,A25,06:28,06:34,06:58,True,F260018249
1580,E38,06:22,06:26,06:58,True,F260018247
1581,M17,06:22,06:32,06:51,False,F260018247
1582,E21,06:14,06:22,06:30,True,F260018243
1583,E24,06:05,06:09,06:32,True,F260018241
1584,L9,06:05,,06:16,False,F260018241
1585,A10,06:04,06:08,06:24,True,F260018240
1586,E26,05:54,05:59,06:21,True,F260018239
1587,L5,05:40,05:52,06:15,True,F260018238
1588,A2,05:22,,05:25,True,F260018235
1589,E16,05:15,05:20,05:49,True,F260018234
1590,L8,05:13,05:19,05:28,True,F260018233
1591,A5,05:10,05:14,05:20,True,F260018232
1592,E31,05:00,05:05,05:20,True,F260018231
1593,A2,04:33,04:43,05:15,True,F260018228
1594,E9,04:28,04:36,05:06,True,F260018227
1595,L8,04:28,04:39,05:07,False,F260018227
1596,E8,04:15,04:21,04:55,True,F260018226
1597,M18,04:26,04:55,05:45,False,F260018226
1598,E31,04:16,04:21,04:31,True,F260018225
1599,E26,04:14,04:17,04:33,True,F260018224
1600,E27,03:55,03:59,04:13,True,F260018221
1601,E28,03:47,03:51,04:36,True,F260018220
1602,M28,04:00,04:07,05:26,False,F260018220
1603,E30,03:41,03:47,04:06,True,F260018219
1604,E9,03:30,03:35,04:00,True,F260018216
1605,FB3,03:33,,03:40,False,F260018216
1606,FIREBOAT,03:30,,03:40,False,F260018216
1607,L9,03:30,03:37,03:40,False,F260018216
1608,E24,03:24,03:28,03:36,True,F260018214
1609,L5,03:24,,03:31,False,F260018214
1610,E13,03:20,03:26,03:30,True,F260018213
1611,E6,03:14,03:17,03:47,True,F260018210
1612,L3,03:14,03:17,03:36,False,F260018210
1613,E33,03:14,03:20,03:32,True,F260018209
1614,B2,03:13,03:17,03:23,False,F260018208
1615,E10,03:18,,03:21,False,F260018208
1616,E2,03:18,,03:21,False,F260018208
1617,E5,03:13,03:17,03:26,True,F260018208
1618,L1,03:13,03:24,03:26,False,F260018208
1619,E18,03:09,03:14,03:28,True,F260018207
1620,A25,03:05,03:14,03:40,True,F260018206
1621,A10,03:02,03:07,03:15,True,F260018205
1622,L6,02:53,02:59,03:18,True,F260018204
1623,E31,02:51,02:55,03:02,True,F260018202
1624,E8,02:47,02:52,03:20,False,F260018201
1625,M10,02:47,02:57,03:52,True,F260018201
1626,E5,02:42,02:49,02:56,True,F260018198
1627,E36,02:40,02:40,02:46,True,F260018197
1628,L4,02:35,02:41,03:02,True,F260018196
1629,A2,02:32,02:41,02:42,False,F260018194
1630,A2,02:45,02:50,03:17,False,F260018194
1631,B2,02:30,02:39,03:00,False,F260018194
1632,E2,02:30,02:38,02:59,True,F260018194
1633,L4,02:30,,02:32,False,F260018194
1634,M1,02:30,,02:42,False,F260018194
1635,M1,02:46,02:48,02:52,False,F260018194
1636,M44,02:30,02:40,02:42,False,F260018194
1637,M44,02:48,02:49,02:50,False,F260018194
1638,E17,02:25,02:30,02:37,True,F260018192
1639,E8,02:19,02:24,02:40,True,F260018190
1640,L6,02:19,02:28,02:41,False,F260018190
1641,E38,02:18,02:23,02:30,True,F260018189
1642,A2,02:10,02:16,02:21,False,F260018187
1643,E2,02:10,02:16,02:18,False,F260018187
1644,M10,02:10,,02:18,True,F260018187
1645,E24,02:07,02:11,02:29,True,F260018185
1646,E25,02:07,02:11,02:23,True,F260018183
1647,E33,02:06,02:12,02:21,True,F260018184
1648,A25,02:02,02:06,02:25,True,F260018182
1649,E37,01:57,02:02,02:37,False,F260018180
1650,M32,01:57,02:07,03:22,True,F260018180
1651,E24,01:20,01:26,01:44,False,F260018177
1652,M31,01:20,01:28,01:42,True,F260018177
1653,E26,01:06,01:12,01:39,True,F260018176
1654,E9,01:01,01:05,01:12,True,F260018175
1655,E10,00:49,00:54,01:03,True,F260018173
1656,L1,00:49,00:55,01:01,False,F260018173
1657,E37,00:27,00:32,00:45,True,F260018168
1658,E31,00:11,00:17,00:36,True,F260018167
1659,E33,00:11,00:15,00:23,True,F260018166
1660,L4,00:06,00:10,00:19,True,F260018163
1661,A25,00:12,00:17,00:33,True,F260018162
1662,E2,00:03,00:09,00:12,False,F260018162
1663,B6,23:57,00:00,00:05,False,F260018161
1664,E17,23:57,00:00,00:19,True,F260018161
1665,L9,23:57,00:00,00:18,False,F260018161
1666,E35,23:48,23:51,00:04,True,F260018160
1667,E28,23:46,23:51,00:03,False,F260018159
1668,M28,23:46,23:51,23:57,True,F260018159
1669,A2,23:42,23:47,00:12,True,F260018157
1670,E35,23:20,23:24,23:48,True,F260018156
1671,M18,23:31,23:38,00:04,False,F260018156
1672,E18,22:58,23:02,23:09,True,F260018151
1673,E32,22:57,23:06,23:11,True,F260018148
1674,A2,22:32,22:43,22:54,True,F260018146
1675,E28,22:29,22:33,22:44,False,F260018145
1676,E30,22:30,22:32,22:50,False,F260018145
1677,L12,22:29,,22:30,False,F260018145
1678,M28,22:29,22:43,22:46,True,F260018145
1679,E11,22:25,22:30,22:36,True,F260018143
1680,A25,22:21,22:27,22:55,True,F260018142
1681,M1,22:22,22:28,23:14,False,F260018142
1682,L4,22:19,22:26,22:39,True,F260018140
1683,E30,22:21,22:24,22:30,True,F260018141
1684,E39,21:55,22:00,22:17,True,F260018137
1685,M31,21:56,22:06,22:07,False,F260018137
1686,E5,21:49,21:53,22:07,True,F260018136
1687,E2,21:36,21:39,21:50,True,F260018131
1688,E17,21:37,21:42,21:43,True,F260018132
1689,E31,21:36,21:42,21:57,True,F260018129
1690,E37,21:30,21:37,22:08,True,F260018127
1691,L4,21:20,21:23,21:24,True,F260018124
1692,E2,21:19,21:22,21:33,True,F260018122
1693,E17,21:15,21:19,21:22,True,F260018121
1694,E13,21:07,21:12,21:28,True,F260018119
1695,A25,21:04,21:08,21:22,True,F260018115
1696,E8,21:04,21:09,21:16,True,F260018116
1697,A2,21:01,21:05,21:59,True,F260018114
1698,M10,21:14,21:21,22:25,False,F260018114
1699,B2,20:59,,21:01,False,F260018112
1700,E2,20:59,21:02,21:17,True,F260018112
1701,L4,20:59,21:02,21:13,False,F260018112
1702,E16,20:58,21:02,21:22,True,F260018111
1703,E34,20:50,20:53,20:58,True,F260018109
1704,E5,20:49,20:53,21:15,True,F260018108
1705,E2,20:40,20:49,20:54,True,F260018106
1706,A2,20:31,20:35,20:57,True,F260018103
1707,E2,20:30,,20:31,False,F260018103
1708,L4,20:29,,20:30,False,F260018103
1709,L9,20:26,20:35,20:46,True,F260018102
1710,E20,20:22,20:26,21:10,True,F260018101
1711,E21,20:19,20:29,20:29,True,F260018100
1712,E34,20:12,20:16,20:35,True,F260018097
1713,E16,20:11,,20:15,True,F260018098
1714,E24,20:14,20:18,20:23,True,F260018099
1715,E38,20:11,20:17,20:32,True,F260018095
1716,E32,20:10,20:14,20:21,True,F260018094
1717,E28,20:07,20:11,20:20,True,F260018093
1718,E2,20:06,20:10,20:29,True,F260018092
1719,E17,20:03,20:08,20:19,True,F260018090
1720,A5,19:58,20:10,20:16,True,F260018089
1721,E8,19:57,20:01,20:17,True,F260018088
1722,L6,19:57,20:02,20:17,False,F260018088
1723,E25,19:55,19:57,20:05,True,F260018085
1724,E6,19:46,19:49,20:28,True,F260018083
1725,L3,19:55,20:00,20:11,False,F260018083
1726,E25,19:46,19:50,19:53,False,F260018084
1727,L10,19:46,19:51,19:54,True,F260018084
1728,A2,19:46,19:49,20:31,True,F260018082
1729,E2,19:45,,19:46,False,F260018082
1730,E36,19:45,19:48,20:05,True,F260018080
1731,E2,19:29,19:32,19:43,False,F260018074
1732,L4,19:29,19:32,19:43,False,F260018074
1733,M1,19:29,19:37,19:39,True,F260018074
1734,E13,19:27,19:33,19:47,True,F260018073
1735,A2,19:14,19:19,19:38,True,F260018072
1736,E27,19:09,19:13,19:30,True,F260018070
1737,L12,19:09,,19:14,False,F260018070
1738,E32,19:05,19:11,19:17,True,F260018068
1739,E24,19:04,19:07,19:26,True,F260018067
1740,E25,18:52,18:55,19:05,True,F260018065
1741,L10,18:52,18:56,19:05,False,F260018065
1742,E2,18:46,18:51,19:05,True,F260018062
1743,L4,18:46,18:52,19:04,False,F260018062
1744,E31,18:44,18:49,19:14,True,F260018061
1745,A10,18:40,18:43,18:53,True,F260018059
1746,E28,18:39,,18:40,False,F260018058
1747,L12,18:40,18:47,18:55,True,F260018058
1748,E38,18:35,18:41,18:59,True,F260018057
1749,A5,18:34,18:35,18:48,True,F260018056
1750,E30,18:32,18:34,18:45,True,F260018055
1751,E2,18:17,18:19,18:39,True,F260018051
1752,A2,18:12,18:19,18:33,True,F260018050
1753,E28,18:08,18:15,18:17,True,F260018048
1754,L10,18:08,,18:15,False,F260018048
1755,A10,18:02,18:05,18:07,False,F260018047
1756,E10,18:02,18:05,18:14,False,F260018047
1757,M10,18:02,,18:07,True,F260018047
1758,B5,17:55,18:06,18:12,False,F260018046
1759,E36,17:55,18:00,18:20,True,F260018046
1760,L4,17:55,18:05,18:13,False,F260018046
1761,E17,17:53,,17:55,False,F260018045
1762,L9,17:55,17:56,18:08,True,F260018045
1763,E13,17:49,17:54,18:19,True,F260018044
1764,L1,17:49,17:55,18:29,False,F260018044
1765,E30,17:44,17:50,18:02,True,F260018043
1766,E18,17:43,17:46,18:01,True,F260018042
1767,E33,17:41,,17:42,False,F260018039
1768,L12,17:42,17:45,18:26,True,F260018039
1769,E21,17:41,17:47,17:59,True,F260018040
1770,E32,17:30,17:34,17:42,True,F260018036
1771,A5,17:26,,17:28,True,F260018035
1772,E10,17:28,17:31,17:42,False,F260018035
1773,B5,17:25,,17:34,False,F260018034
1774,E28,17:25,17:28,17:39,True,F260018034
1775,L12,17:25,17:29,17:38,False,F260018034
1776,B2,17:19,17:23,18:12,False,F260018033
1777,E6,17:19,17:22,18:18,True,F260018033
1778,L3,17:19,17:23,18:16,False,F260018033
1779,E5,17:14,17:17,17:51,True,F260018032
1780,A5,17:11,17:12,17:17,True,F260018030
1781,E17,17:07,17:09,17:19,True,F260018029
1782,E17,17:05,,17:06,False,F260018028
1783,L9,17:06,,17:16,True,F260018028
1784,E25,17:04,17:10,17:40,True,F260018027
1785,M10,17:09,17:16,18:00,False,F260018027
1786,M17,17:05,,17:09,False,F260018027
1787,E28,17:03,17:05,17:15,True,F260018026
1788,M10,17:03,,17:09,False,F260018026
1789,E11,16:59,17:04,17:08,True,F260018024
1790,E39,16:57,16:59,17:07,True,F260018023
1791,A25,16:53,17:02,17:20,True,F260018022
1792,E13,16:51,,16:54,False,F260018021
1793,E30,16:51,16:53,17:11,False,F260018021
1794,M28,16:51,16:58,17:47,True,F260018021
1795,A5,17:01,17:04,17:08,True,F260018020
1796,E9,16:39,16:41,16:57,True,F260018019
1797,L9,16:39,16:45,16:57,False,F260018019
1798,E38,16:38,16:44,17:08,False,F260018018
1799,M10,16:38,,16:40,True,F260018018
1800,M17,16:40,,16:46,False,F260018018
1801,M18,16:46,16:54,18:35,False,F260018018
1802,E39,16:37,16:39,16:52,True,F260018016
1803,A2,16:36,16:41,16:54,True,F260018014
1804,L5,16:33,16:38,16:59,False,F260018013
1805,M18,16:33,16:43,16:45,True,F260018013
1806,E2,16:24,16:30,16:59,False,F260018012
1807,E22,16:23,16:28,17:22,True,F260018012
1808,M1,16:24,16:32,18:03,False,F260018012
1809,E17,16:18,16:21,16:31,True,F260018010
1810,E31,16:17,16:24,16:53,False,F260018008
1811,L5,16:16,,16:17,True,F260018008
1812,A2,16:13,16:17,16:33,True,F260018006
1813,E37,16:07,16:11,16:18,True,F260018003
1814,E11,15:55,16:01,16:16,True,F260017999
1815,E5,15:47,15:51,16:13,True,F260017998
1816,E28,15:41,15:44,16:03,True,F260017995
1817,E24,15:46,15:49,15:55,False,F260017993
1818,E35,15:39,,15:47,True,F260017993
1819,A25,15:38,15:43,16:00,True,F260017992
1820,B6,15:50,,15:56,False,F260017991
1821,E39,15:49,15:52,16:03,False,F260017991
1822,E40,15:39,15:44,16:10,True,F260017991
1823,M1,15:47,,15:47,False,F260017991
1824,M17,15:47,15:54,16:40,False,F260017991
1825,E38,15:25,15:30,15:51,True,F260017987
1826,L10,15:22,15:36,15:48,True,F260017985
1827,E38,15:58,16:04,16:32,True,F260017984
1828,M1,16:20,,16:21,False,F260017984
1829,M18,16:21,,16:24,False,F260017984
1830,E9,15:17,15:30,15:38,True,F260017983
1831,B6,15:24,,15:26,False,F260017981
1832,E24,15:07,15:18,15:41,True,F260017981
1833,L9,15:07,15:20,15:35,False,F260017981
1834,E33,16:18,16:21,16:31,True,F260017979
1835,E31,15:01,15:07,16:17,True,F260017978
1836,M18,15:16,15:27,16:20,False,F260017978
1837,A10,14:57,15:00,15:16,True,F260017977
1838,A5,14:56,14:59,15:14,True,F260017976
1839,A25,14:57,15:03,15:15,True,F260017975
1840,E25,14:55,,14:57,False,F260017975
1841,E18,14:56,14:58,15:08,True,F260017974
1842,L8,14:55,,14:56,False,F260017974
1843,E38,14:46,14:50,15:06,True,F260017971
1844,A14,14:44,,14:45,True,F260017970
1845,A2,14:44,14:50,15:12,False,F260017970
1846,AIR10,14:44,,15:05,False,F260017970
1847,B2,14:44,14:50,15:24,False,F260017970
1848,B6,14:44,14:55,15:07,False,F260017970
1849,DEP1,14:44,14:51,15:08,False,F260017970
1850,E10,14:44,14:50,15:11,False,F260017970
1851,E2,14:44,14:48,15:30,False,F260017970
1852,E20,14:44,14:51,15:18,False,F260017970
1853,E25,14:45,,14:48,False,F260017970
1854,E5,14:44,14:48,15:30,False,F260017970
1855,E8,14:44,14:50,15:20,False,F260017970
1856,L1,14:44,14:51,15:13,False,F260017970
1857,L10,14:46,,14:47,False,F260017970
1858,L4,14:44,14:53,15:16,False,F260017970
1859,L6,14:44,14:50,15:26,False,F260017970
1860,M10,14:44,14:54,15:07,False,F260017970
1861,M44,14:44,14:57,15:07,False,F260017970
1862,MAR5,14:44,,15:05,False,F260017970
1863,R1,14:44,14:54,15:12,False,F260017970
1864,REHAB1,14:44,14:58,15:11,False,F260017970
1865,SAFT2,14:44,14:57,15:19,False,F260017970
1866,STAF10,14:44,14:51,15:12,False,F260017970
1867,E35,14:40,14:43,15:02,True,F260017969
1868,E11,14:36,14:39,14:50,False,F260017968
1869,L13,14:36,14:42,14:51,True,F260017968
1870,A10,14:32,14:35,14:43,True,F260017967
1871,L5,15:07,15:13,15:32,True,F260017966
1872,E39,14:30,14:32,15:45,True,F260017965
1873,E40,14:34,14:38,15:11,False,F260017965
1874,M17,14:34,14:45,15:47,False,F260017965
1875,A2,14:22,,14:23,True,F260017963
1876,A2,14:25,14:26,14:31,True,F260017964
1877,L4,14:24,,14:25,False,F260017964
1878,E29,14:21,14:24,14:46,True,F260017962
1879,H1,14:17,14:23,14:41,True,F260017961
1880,R1,14:09,14:15,14:19,True,F260017959
1881,E40,14:04,14:21,14:25,True,F260017958
1882,A5,13:56,13:59,14:13,True,F260017957
1883,E38,13:51,14:00,14:17,True,F260017956
1884,E36,13:51,13:57,14:10,True,F260017955
1885,E33,13:45,13:49,14:01,True,F260017953
1886,E24,13:39,13:43,13:54,True,F260017950
1887,E21,13:35,13:45,13:53,True,F260017942
1888,E10,13:34,13:37,13:53,True,F260017940
1889,E5,13:32,,13:34,False,F260017940
1890,L3,13:32,13:38,13:53,False,F260017940
1891,E5,13:34,13:42,13:52,True,F260017941
1892,E13,13:31,13:35,13:42,True,F260017939
1893,A2,13:10,13:17,13:32,True,F260017937
1894,E29,13:10,13:16,13:35,True,F260017936
1895,E39,13:09,13:13,13:28,True,F260017935
1896,A10,13:09,13:14,13:36,True,F260017934
1897,E22,13:04,13:10,13:28,True,F260017933
1898,L10,13:04,,13:11,False,F260017933
1899,M31,13:00,13:33,,True,F260017932
1900,E25,12:55,12:59,13:22,True,F260017930
1901,L4,12:55,13:02,13:23,False,F260017930
1902,E38,12:55,13:02,13:32,True,F260017929
1903,M17,12:57,13:07,13:35,False,F260017929
1904,A2,12:45,12:50,13:10,True,F260017928
1905,L10,12:41,12:48,13:01,True,F260017927
1906,A25,12:37,12:42,12:51,True,F260017926
1907,E11,12:20,12:25,12:38,True,F260017925
1908,H1,12:10,12:42,12:58,True,F260017921
1909,E2,12:04,12:07,12:17,True,F260017917
1910,R1,11:56,12:01,12:01,True,F260017914
1911,A2,11:46,11:51,12:18,True,F260017912
1912,E16,11:45,11:48,12:16,True,F260017911
1913,E31,11:42,11:54,11:58,True,F260017909
1914,A25,11:33,11:37,11:58,True,F260017908
1915,L9,11:26,11:34,11:44,True,F260017906
1916,E38,12:08,12:12,12:23,True,F260017904
1917,E27,11:11,11:14,11:33,True,F260017901
1918,FB1,11:12,,11:25,False,F260017901
1919,FIREBOAT,11:11,,11:24,False,F260017901
1920,R1,11:11,11:17,11:35,False,F260017901
1921,E25,11:10,11:16,11:21,True,F260017899
1922,A5,11:09,11:12,11:36,False,F260017898
1923,M1,11:09,11:15,11:16,True,F260017898
1924,H1,11:02,11:28,11:44,True,F260017896
1925,E28,11:00,11:03,11:20,True,F260017895
1926,B6,10:55,11:01,11:04,False,F260017893
1927,E31,10:55,11:00,11:18,True,F260017893
1928,L5,10:55,11:00,11:17,False,F260017893
1929,A10,10:55,10:57,11:22,True,F260017892
1930,E18,10:16,10:19,10:41,True,F260017881
1931,B7,10:35,10:35,10:35,False,F260017880
1932,M26,10:17,10:21,11:12,True,F260017880
1933,L13,10:07,10:11,10:34,True,F260017879
1934,L10,10:06,10:12,10:22,True,F260017878
1935,E17,10:05,10:08,10:23,True,F260017877
1936,E39,10:03,10:08,10:28,True,F260017876
1937,E28,10:01,10:09,10:09,True,F260017874
1938,E2,09:56,10:01,10:28,False,F260017871
1939,M17,09:56,10:06,11:23,True,F260017871
1940,EVENT12,09:57,09:57,,True,F260017872
1941,WAMU-EMS,09:58,09:58,,False,F260017872
1942,E10,09:49,09:51,09:55,False,F260017870
1943,M28,09:49,,09:52,True,F260017870
1944,A5,09:43,09:46,10:14,False,F260017867
1945,E10,09:43,,09:48,False,F260017867
1946,M10,09:43,09:45,10:20,True,F260017867
1947,A14,09:43,09:53,10:00,False,F260017866
1948,B7,09:43,09:48,10:08,False,F260017866
1949,E26,09:43,09:46,10:12,False,F260017866
1950,E27,09:43,09:49,10:08,False,F260017866
1951,L13,09:49,,09:57,False,F260017866
1952,M26,09:43,09:48,10:13,True,F260017866
1953,M32,09:43,09:51,10:07,False,F260017866
1954,M44,09:43,,09:57,False,F260017866
1955,A10,09:39,09:43,10:12,False,F260017865
1956,M1,09:39,09:44,10:12,True,F260017865
1957,A2,09:23,09:31,10:07,True,F260017862
1958,E35,09:16,09:20,09:40,True,F260017859
1959,E5,09:18,09:21,09:24,True,F260017860
1960,E13,09:12,09:17,09:41,True,F260017858
1961,E38,09:10,09:17,09:54,False,F260017857
1962,M17,09:10,09:24,09:50,True,F260017857
1963,E30,09:00,09:04,09:39,True,F260017856
1964,M10,09:01,09:11,09:34,False,F260017856
1965,E24,08:48,08:52,09:17,True,F260017855
1966,E10,08:43,08:47,08:50,True,F260017853
1967,E5,08:20,08:24,08:37,True,F260017849
1968,L1,08:20,08:24,08:37,False,F260017849
1969,A5,08:23,08:39,08:40,True,F260017845
1970,E28,08:04,08:07,08:22,True,F260017844
1971,E30,08:01,08:05,08:14,True,F260017843
1972,E29,08:00,08:07,08:09,True,F260017842
1973,A2,08:01,08:05,08:29,True,F260017841
1974,L8,07:51,07:59,08:04,True,F260017838
1975,A10,07:26,07:28,07:50,True,F260017837
1976,E13,07:20,07:26,07:41,True,F260017836
1977,E30,06:54,06:58,07:01,True,F260017833
1978,A2,06:28,06:38,06:49,True,F260017828
1979,A5,06:28,06:34,07:04,False,F260017827
1980,M1,06:28,06:37,07:20,True,F260017827
1981,E28,06:24,06:28,06:35,True,F260017826
1982,E24,06:21,06:25,06:41,True,F260017825
1983,B2,06:21,06:27,06:34,False,F260017824
1984,E2,06:21,06:25,06:48,True,F260017824
1985,L4,06:21,06:25,06:48,False,F260017824
1986,A25,06:19,06:19,06:32,True,F260017823
1987,E10,06:11,06:15,06:18,True,F260017821
1988,A2,05:56,06:02,06:20,True,F260017818
1989,E16,05:52,05:55,06:16,True,F260017817
1990,E6,05:45,05:51,06:22,True,F260017814
1991,E33,05:42,05:45,06:06,False,F260017813
1992,L12,05:42,05:49,06:05,True,F260017813
1993,A25,05:49,05:55,06:15,True,F260017812
1994,E24,05:31,05:36,06:15,True,F260017810
1995,E31,05:20,05:26,05:51,True,F260017808
1996,E18,05:11,05:18,05:26,True,F260017807
1997,E40,05:05,05:10,05:10,True,F260017806
1998,E8,04:20,04:25,04:47,True,F260017800
1999,E40,03:57,04:02,04:11,True,F260017795
2000,A25,04:00,04:03,04:15,True,F260017793
2001,E2,03:56,03:59,04:04,True,F260017794
2002,E28,03:55,03:58,04:23,True,F260017791
2003,E31,04:16,04:21,04:35,True,F260017792
2004,E25,03:43,03:47,03:51,True,F260017790
2005,A2,03:36,03:44,04:27,True,F260017789
2006,M10,03:36,03:46,04:30,False,F260017789
2007,E28,03:33,03:37,03:51,True,F260017788
2008,A25,03:33,03:40,03:59,True,F260017786
2009,A5,03:19,03:28,03:30,True,F260017785
2010,E10,03:10,03:17,03:19,True,F260017782
2011,A10,05:35,05:38,05:45,True,F260017781
2012,E8,02:58,03:04,03:30,True,F260017779
2013,L6,02:58,03:04,03:30,False,F260017779
2014,A10,02:53,02:57,03:00,False,F260017778
2015,A10,03:02,03:02,03:23,True,F260017778
2016,A25,02:49,02:55,03:00,True,F260017777
2017,E2,02:36,02:41,02:52,True,F260017776
2018,A2,02:28,02:32,02:47,True,F260017775
2019,A5,02:24,02:31,02:46,True,F260017773
2020,E24,02:20,02:25,02:50,True,F260017772
2021,E16,02:09,02:13,02:22,True,F260017771
2022,E37,02:05,02:10,02:33,True,F260017770
2023,A10,01:56,02:15,02:38,True,F260017768
2024,E27,01:50,01:55,02:06,True,F260017767
2025,E11,01:44,01:48,02:00,True,F260017766
2026,A2,01:42,01:45,02:00,False,F260017763
2027,E2,01:39,,01:42,True,F260017763
2028,R1,01:33,01:45,01:46,True,F260017761
2029,E18,01:29,01:33,01:52,False,F260017760
2030,L8,01:29,01:33,01:37,False,F260017760
2031,M18,01:29,01:34,01:36,True,F260017760
2032,A25,01:27,01:32,01:43,True,F260017759
2033,A2,01:25,01:27,01:42,False,F260017757
2034,L4,01:23,,01:25,True,F260017757
2035,E2,01:18,01:19,01:24,False,F260017754
2036,L4,01:16,,01:19,True,F260017754
2037,E30,01:18,01:21,01:35,True,F260017755
2038,E37,01:11,01:17,01:48,False,F260017753
2039,M26,01:11,,01:20,True,F260017753
2040,L3,01:09,01:17,01:26,True,F260017752
2041,A5,01:08,01:12,01:17,False,F260017751
2042,E10,01:06,,01:08,False,F260017751
2043,E5,01:05,01:09,01:24,True,F260017751
2044,M1,01:06,01:14,01:15,False,F260017751
2045,E31,00:58,01:00,01:17,True,F260017750
2046,E17,00:52,00:57,01:05,True,F260017749
2047,M17,00:53,00:59,01:06,False,F260017749
2048,E2,00:51,00:55,01:17,True,F260017748
2049,A2,00:50,00:54,01:25,False,F260017747
2050,M10,00:50,01:00,01:26,True,F260017747
2051,E31,00:45,00:50,00:56,True,F260017745
2052,L5,00:45,00:50,00:56,False,F260017745
2053,E25,00:38,00:41,00:44,False,F260017744
2054,L10,00:37,,00:39,True,F260017744
2055,E6,00:36,00:43,02:04,True,F260017743
2056,A5,00:33,00:37,01:05,True,F260017742
2057,E33,00:33,00:38,00:38,True,F260017741
2058,A25,00:31,00:34,00:45,True,F260017740
2059,E37,00:26,00:32,00:52,True,F260017737
2060,E32,00:21,00:27,01:02,False,F260017736
2061,M32,00:21,00:27,01:43,True,F260017736
2062,A2,00:20,,00:21,True,F260017735
2063,E25,00:19,00:21,00:38,True,F260017734
2064,E2,00:11,00:16,00:23,True,F260017733
2065,L4,00:11,00:16,00:24,False,F260017733
2066,E11,00:10,00:14,00:31,True,F260017732
2067,A25,23:55,23:59,00:24,True,F260017731
2068,L5,23:44,23:52,00:03,True,F260017730
2069,E31,23:36,23:42,23:49,True,F260017728
2070,E40,23:33,23:37,23:52,True,F260017723
2071,E18,23:32,23:36,00:04,True,F260017722
2072,E24,23:34,23:38,23:51,True,F260017726
2073,E5,23:30,,23:34,True,F260017719
2074,A10,23:31,23:34,23:56,True,F260017721
2075,E17,23:32,23:36,00:13,True,F260017718
2076,M17,23:45,23:56,00:45,False,F260017718
2077,E39,23:12,23:25,23:38,True,F260017716
2078,E5,23:05,23:10,23:25,True,F260017714
2079,L3,23:05,23:13,23:25,False,F260017714
2080,E29,23:01,23:06,23:25,False,F260017713
2081,M32,23:01,23:08,23:37,True,F260017713
2082,E24,22:56,23:01,23:11,True,F260017710
2083,A2,22:55,23:00,23:13,True,F260017709
2084,A5,23:21,23:24,23:31,True,F260017711
2085,L1,22:53,22:57,23:41,True,F260017708
2086,A25,22:42,22:45,23:23,True,F260017707
2087,E25,22:43,22:45,23:32,False,F260017707
2088,M1,22:43,22:48,00:08,False,F260017707
2089,E2,22:37,22:43,22:45,True,F260017706
2090,L9,22:29,22:38,22:43,True,F260017705
2091,E31,22:27,22:31,22:40,True,F260017704
2092,E18,22:18,22:21,22:40,True,F260017702
2093,A25,21:59,,22:06,True,F260017699
2094,E25,22:06,22:23,22:23,False,F260017699
2095,E18,21:57,22:00,22:09,False,F260017698
2096,E20,21:57,,22:02,False,F260017698
2097,M18,21:57,,22:02,True,F260017698
2098,L12,21:57,22:15,22:33,True,F260017697
2099,E8,21:43,21:48,21:56,True,F260017694
2100,A25,21:36,21:40,21:54,True,F260017693
2101,E5,21:28,21:33,21:54,True,F260017692
2102,L4,21:28,,21:30,False,F260017692
2103,E10,21:26,21:30,21:37,True,F260017691
2104,L1,21:26,21:31,21:34,False,F260017691
2105,E25,21:01,21:05,21:11,True,F260017685
2106,L10,21:01,21:05,21:11,False,F260017685
2107,E29,20:58,,21:06,True,F260017684
2108,A2,20:55,21:00,21:09,True,F260017683
2109,E37,20:51,20:56,21:05,True,F260017681
2110,A25,20:46,20:51,20:53,True,F260017678
2111,A10,20:41,20:44,21:04,True,F260017677
2112,E6,20:40,20:43,21:18,True,F260017676
2113,E30,20:31,20:35,20:55,False,F260017675
2114,M10,20:31,20:37,20:52,True,F260017675
2115,A5,20:22,20:25,20:51,True,F260017674
2116,M1,20:24,20:26,20:45,False,F260017674
2117,M10,20:23,,20:24,False,F260017674
2118,M17,20:22,,20:24,False,F260017674
2119,L13,20:19,20:23,20:45,True,F260017673
2120,E30,20:14,20:16,20:27,True,F260017672
2121,E38,20:11,20:16,20:29,True,F260017671
2122,E21,20:09,,20:10,True,F260017670
2123,E38,20:00,,20:02,True,F260017668
2124,E32,19:55,19:58,20:23,False,F260017667
2125,M10,19:55,20:11,20:23,True,F260017667
2126,L12,19:53,20:03,20:11,True,F260017666
2127,E17,19:47,19:51,19:59,True,F260017663
2128,L9,19:47,19:51,20:00,False,F260017663
2129,E33,19:47,19:53,20:28,True,F260017662
2130,M28,19:54,20:01,21:26,False,F260017662
2131,A4,19:38,19:41,19:57,True,F260017659
2132,B6,19:36,19:43,20:36,False,F260017656
2133,E31,19:36,19:40,20:43,True,F260017656
2134,L5,19:36,19:41,20:41,False,F260017656
2135,L8,19:51,20:07,20:30,False,F260017656
2136,E37,19:37,19:44,20:07,True,F260017657
2137,A10,19:34,19:36,19:52,True,F260017655
2138,M10,19:34,,19:37,False,F260017655
2139,E21,19:33,19:38,20:03,True,F260017654
2140,E11,19:32,19:37,19:52,True,F260017652
2141,A2,19:33,19:43,20:02,False,F260017653
2142,A4,19:32,,19:33,False,F260017653
2143,E2,19:32,19:43,20:06,True,F260017653
2144,E25,19:32,19:45,20:13,False,F260017653
2145,A4,19:27,,19:30,True,F260017651
2146,E40,19:23,19:28,19:45,True,F260017650
2147,E34,19:16,19:19,19:42,False,F260017649
2148,M1,19:16,19:24,20:11,True,F260017649
2149,A5,19:04,19:08,19:32,True,F260017648
2150,E5,19:02,19:07,19:18,True,F260017646
2151,L1,19:02,19:06,19:24,False,F260017646
2152,A4,19:02,19:08,19:22,True,F260017645
2153,B4,18:59,,19:07,False,F260017644
2154,E21,18:59,19:04,19:14,True,F260017644
2155,L8,18:59,,19:06,False,F260017644
2156,E35,18:52,18:57,19:14,True,F260017642
2157,E40,18:52,19:00,19:04,True,F260017641
2158,E25,18:49,18:51,18:54,True,F260017640
2159,L10,18:49,18:51,18:54,False,F260017640
2160,E5,18:48,18:52,18:57,True,F260017639
2161,A10,18:48,18:52,19:06,True,F260017637
2162,L13,18:49,18:58,19:05,True,F260017638
2163,E39,18:43,18:48,19:11,True,F260017636
2164,E30,18:37,18:41,19:01,True,F260017626
2165,E13,18:33,18:38,18:55,True,F260017624
2166,E28,18:23,18:29,18:56,True,F260017622
2167,E33,18:21,18:25,18:42,True,F260017621
2168,A2,18:20,18:23,18:30,True,F260017620
2169,E34,18:17,,18:18,True,F260017617
2170,E25,18:18,18:21,18:36,True,F260017619
2171,L10,18:18,18:22,18:37,False,F260017619
2172,A4,18:14,18:23,18:40,True,F260017616
2173,E37,18:08,18:13,18:31,True,F260017615
2174,A5,18:06,18:30,18:37,True,F260017614
2175,E25,17:58,18:02,18:11,True,F260017613
2176,E33,17:53,17:57,18:09,True,F260017612
2177,E18,17:49,17:53,18:05,True,F260017610
2178,L8,17:49,17:53,18:05,False,F260017610
2179,A10,17:50,17:53,18:07,True,F260017611
2180,A25,17:47,18:04,18:17,False,F260017609
2181,E24,17:47,18:00,18:25,True,F260017609
2182,E31,17:47,17:59,18:23,False,F260017609
2183,A4,17:36,17:40,18:05,True,F260017605
2184,E10,17:35,17:43,17:50,True,F260017604
2185,A5,17:35,17:39,17:55,True,F260017603
2186,E18,17:33,17:34,17:48,True,F260017602
2187,E33,17:28,17:32,17:44,False,F260017601
2188,L12,17:28,,17:36,True,F260017601
2189,E37,17:25,17:31,17:54,True,F260017598
2190,E22,17:26,17:40,17:43,True,F260017600
2191,A2,17:25,17:30,17:40,True,F260017595
2192,A10,17:23,17:27,17:48,True,F260017593
2193,E18,17:22,17:32,17:33,True,F260017592
2194,E17,17:17,17:23,17:26,True,F260017589
2195,L9,17:17,,17:24,False,F260017589
2196,E8,17:11,17:15,17:39,True,F260017586
2197,A4,17:10,17:14,17:29,True,F260017585
2198,H99,17:15,17:20,17:52,False,F260017585
2199,E24,17:06,17:10,17:12,False,F260017583
2200,E39,17:04,,17:06,True,F260017583
2201,A5,16:55,17:01,17:13,True,F260017582
2202,A25,16:53,16:55,17:13,False,F260017580
2203,E25,16:50,,16:53,True,F260017580
2204,E31,16:49,16:56,17:30,True,F260017579
2205,M31,16:50,16:59,17:43,False,F260017579
2206,A5,16:40,16:45,16:51,True,F260017577
2207,A25,16:37,16:44,16:53,True,F260017576
2208,E30,16:32,16:35,16:59,False,F260017571
2209,M10,16:32,16:41,16:57,True,F260017571
2210,E24,16:31,16:35,17:04,True,F260017570
2211,L8,16:30,16:37,16:57,True,F260017568
2212,E17,16:30,16:40,16:41,True,F260017569
2213,E18,16:24,16:30,16:52,True,F260017567
2214,A10,16:19,16:23,17:14,True,F260017566
2215,MIH,16:34,,16:52,False,F260017566
2216,E24,16:10,16:15,16:25,True,F260017564
2217,L9,16:09,16:12,16:31,True,F260017562
2218,M17,16:11,16:14,16:52,False,F260017562
2219,A5,16:01,,16:17,False,F260017560
2220,E13,16:01,16:12,16:45,True,F260017560
2221,E36,16:01,16:13,16:49,False,F260017560
2222,E16,15:58,16:01,16:11,True,F260017559
2223,E17,15:53,15:58,16:20,True,F260017557
2224,E24,15:45,15:48,16:08,True,F260017556
2225,M31,15:46,15:51,15:52,False,F260017556
2226,A4,15:39,15:44,15:56,True,F260017555
2227,B7,15:28,,15:34,False,F260017553
2228,E26,15:28,15:32,15:40,True,F260017553
2229,E36,15:28,,15:33,False,F260017553
2230,L13,15:28,,15:33,False,F260017553
2231,H1,15:17,15:17,15:28,True,F260017551
2232,E37,15:12,15:17,15:40,True,F260017544
2233,E31,15:13,15:20,15:39,True,F260017545
2234,E11,15:04,15:08,16:05,True,F260017539
2235,A25,15:02,15:07,15:19,True,F260017538
2236,E13,15:01,15:10,15:18,True,F260017537
2237,A10,14:52,14:54,15:07,True,F260017536
2238,E17,14:45,14:57,15:03,True,F260017535
2239,E34,14:35,14:39,15:10,True,F260017531
2240,M1,14:35,,14:46,False,F260017531
2241,H99,14:34,15:37,17:14,True,F260017530
2242,E10,14:28,14:34,14:38,True,F260017528
2243,A2,14:26,14:30,14:43,True,F260017526
2244,E30,14:27,14:38,14:49,True,F260017527
2245,A4,14:15,14:19,14:46,True,F260017520
2246,E39,14:13,14:16,14:41,True,F260017519
2247,E10,14:10,14:11,14:25,True,F260017518
2248,E5,14:09,14:14,14:30,True,F260017517
2249,E11,13:59,14:04,14:27,True,F260017513
2250,E22,13:59,14:06,14:19,True,F260017514
2251,L10,14:00,14:04,14:17,True,F260017510
2252,E5,13:52,14:00,14:06,True,F260017508
2253,L3,13:52,,13:59,False,F260017508
2254,A5,13:50,13:55,14:36,True,F260017504
2255,H1,13:57,13:59,14:38,False,F260017504
2256,A25,13:57,14:00,14:10,True,F260017502
2257,A10,13:41,13:46,14:23,True,F260017501
2258,E11,13:38,13:48,13:55,True,F260017500
2259,E26,13:33,13:35,13:45,True,F260017499
2260,A4,13:36,13:46,14:08,True,F260017498
2261,E39,13:24,13:27,13:53,True,F260017493
2262,MIH,13:45,,13:47,False,F260017493
2263,E2,13:24,13:28,13:39,True,F260017492
2264,L4,13:24,13:28,13:40,False,F260017492
2265,E31,13:23,13:26,13:46,True,F260017491
2266,A4,13:21,13:25,13:34,True,F260017489
2267,A5,13:19,,13:22,True,F260017488
2268,E18,13:18,13:21,14:07,True,F260017487
2269,M18,13:18,13:24,14:53,False,F260017487
2270,E26,13:10,13:10,13:30,True,F260017485
2271,E10,13:09,13:12,13:25,True,F260017484
2272,L12,13:08,13:15,13:30,True,F260017482
2273,A10,13:07,,13:21,False,F260017481
2274,B2,13:07,13:11,13:19,False,F260017481
2275,L10,13:07,13:14,13:28,True,F260017481
2276,M10,13:10,13:17,13:58,False,F260017481
2277,M17,13:07,,13:10,False,F260017481
2278,M44,13:07,,13:15,False,F260017481
2279,L9,13:04,13:08,13:12,True,F260017479
2280,A25,13:00,13:06,13:43,False,F260017478
2281,M1,13:00,13:07,13:58,True,F260017478
2282,E2,12:58,13:02,13:18,True,F260017476
2283,A2,12:58,13:01,13:13,True,F260017475
2284,E24,12:57,13:00,13:15,True,F260017474
2285,E8,13:25,13:30,13:37,True,F260017471
2286,A5,12:52,12:56,13:13,True,F260017470
2287,L6,12:48,12:51,13:15,True,F260017468
2288,E35,12:45,12:48,13:04,True,F260017464
2289,A10,12:44,12:48,13:06,True,F260017463
2290,E28,12:41,12:45,13:26,False,F260017462
2291,E33,12:39,12:43,13:55,True,F260017462
2292,M28,12:41,12:48,13:58,False,F260017462
2293,A2,12:38,,12:41,True,F260017461
2294,A4,12:41,12:42,13:14,False,F260017461
2295,A5,12:18,12:20,12:39,True,F260017459
2296,E34,12:14,12:18,12:33,True,F260017457
2297,E21,12:08,12:13,12:34,True,F260017455
2298,E18,12:05,,12:06,True,F260017454
2299,E9,12:06,12:07,12:40,False,F260017454
2300,E36,12:04,12:10,12:26,True,F260017453
2301,A10,12:03,12:06,12:18,True,F260017452
2302,E39,12:03,12:08,12:20,True,F260017451
2303,E10,11:58,12:02,12:17,True,F260017449
2304,L1,11:58,12:02,12:07,False,F260017449
2305,A25,11:59,12:03,12:33,True,F260017450
2306,M1,12:12,12:16,12:59,False,F260017450
2307,E18,11:59,,12:02,True,F260017447
2308,E9,12:02,12:05,12:06,False,F260017447
2309,B6,11:57,11:58,12:35,False,F260017444
2310,E17,11:57,11:58,13:23,True,F260017444
2311,E38,11:57,12:01,14:02,False,F260017444
2312,M10,11:57,12:09,13:10,False,F260017444
2313,M18,11:57,,11:58,False,F260017444
2314,M44,11:57,12:02,12:57,False,F260017444
2315,H1,11:40,11:54,12:58,True,F260017442
2316,E20,11:36,,11:39,True,F260017441
2317,E22,11:29,11:35,11:42,True,F260017439
2318,L9,11:29,11:36,11:37,False,F260017439
2319,E17,11:28,11:31,11:44,True,F260017438
2320,E17,11:23,,11:25,True,F260017437
2321,E9,11:25,11:28,12:01,False,F260017437
2322,M17,11:24,11:31,12:13,False,F260017437
2323,M44,11:27,11:37,11:55,False,F260017437
2324,E29,11:20,,11:23,True,F260017436
2325,H1,11:16,11:24,11:38,True,F260017433
2326,E39,11:13,11:16,11:18,True,F260017432
2327,E39,11:10,,11:13,True,F260017430
2328,A10,11:09,,11:12,True,F260017429
2329,A5,11:12,11:16,11:56,False,F260017429
2330,E9,11:03,11:09,11:23,True,F260017427
2331,A4,10:58,11:01,11:38,True,F260017425
2332,M10,10:58,,11:06,False,F260017425
2333,E33,10:54,10:57,11:29,True,F260017424
2334,M28,11:04,11:15,11:23,False,F260017424
2335,EVENT12,11:19,11:19,,False,F260017423
2336,WAMU-EMS,10:51,10:51,,True,F260017423
2337,A2,10:48,10:48,11:30,True,F260017420
2338,MIH,10:48,,11:01,False,F260017420
2339,E8,10:44,10:47,10:58,True,F260017418
2340,L4,10:44,,10:57,False,F260017418
2341,E41,10:40,10:46,11:09,True,F260017416
2342,A5,10:34,10:51,11:11,False,F260017413
2343,M28,10:34,10:41,10:52,True,F260017413
2344,E31,10:34,10:38,11:13,True,F260017414
2345,M31,10:50,10:54,12:07,False,F260017414
2346,E34,10:30,10:36,10:52,True,F260017412
2347,L10,10:30,10:37,10:43,False,F260017412
2348,E40,10:23,10:31,10:49,True,F260017409
2349,E8,10:21,,10:24,True,F260017408
2350,E9,10:24,10:28,10:29,False,F260017408
2351,E37,10:43,,10:46,True,F260017406
2352,L13,10:46,10:47,11:06,False,F260017406
2353,E31,10:15,10:18,10:25,True,F260017405
2354,MIH,10:19,,10:25,False,F260017405
2355,E10,10:13,10:15,10:38,True,F260017403
2356,L1,10:14,10:18,10:44,False,F260017403
2357,L10,10:13,,10:15,False,F260017403
2358,FAC1,10:09,,10:10,True,F260017402
2359,E2,10:06,10:08,10:13,True,F260017401
2360,L1,10:06,,10:11,False,F260017401
2361,FAC1,10:02,,10:03,True,F260017400
2362,E2,09:59,10:02,10:04,True,F260017399
2363,E41,09:52,09:58,10:21,True,F260017394
2364,E30,09:58,10:02,10:07,True,F260017395
2365,FAC1,09:50,,09:52,True,F260017393
2366,FAC1,09:48,,09:49,True,F260017392
2367,A10,09:47,09:52,10:21,True,F260017391
2368,FAC1,09:44,,09:48,True,F260017388
2369,E28,09:45,09:51,10:18,True,F260017390
2370,E31,09:41,09:45,10:10,False,F260017386
2371,FAC1,10:31,,10:32,False,F260017386
2372,M17,09:41,09:49,10:45,True,F260017386
2373,E6,09:41,09:47,10:18,True,F260017387
2374,E17,09:33,09:38,09:49,True,F260017384
2375,L12,09:31,09:36,09:54,True,F260017383
2376,A14,09:26,09:31,09:56,True,F260017380
2377,E36,09:21,,09:26,True,F260017378
2378,R1,09:21,09:24,09:26,False,F260017378
2379,E25,09:21,09:24,09:27,True,F260017375
2380,A25,09:21,09:24,09:51,True,F260017374
2381,E8,09:14,09:18,09:49,True,F260017373
2382,E11,09:14,09:34,09:51,True,F260017372
2383,E2,09:12,09:16,09:37,True,F260017371
2384,M1,09:13,09:20,09:54,False,F260017371
2385,A10,09:03,09:04,09:13,True,F260017369
2386,E35,09:02,09:06,09:24,True,F260017366
2387,E38,09:01,09:05,09:17,True,F260017367
2388,A2,08:53,08:59,09:17,True,F260017365
2389,E31,08:46,08:50,09:15,False,F260017364
2390,M31,08:46,08:52,09:57,True,F260017364
2391,A10,08:37,08:38,08:43,True,F260017362
2392,E35,11:03,11:07,11:19,True,F260017361
2393,E18,08:37,08:46,09:05,True,F260017359
2394,L12,08:30,08:38,08:59,False,F260017356
2395,M26,08:30,08:41,09:47,True,F260017356
2396,E29,08:18,08:21,08:35,True,F260017355
2397,M32,08:19,,08:25,False,F260017355
2398,E40,08:17,08:21,08:40,True,F260017354
2399,E39,08:02,08:07,08:13,True,F260017352
2400,E17,07:59,08:03,08:31,True,F260017348
2401,M17,08:00,08:05,08:34,False,F260017348
2402,E36,07:52,07:59,08:14,True,F260017345
2403,R1,07:52,,07:55,False,F260017345
2404,E17,08:34,08:35,08:54,False,F260017344
2405,L9,08:33,,08:34,True,F260017344
2406,E28,07:44,07:51,09:41,False,F260017340
2407,E33,07:38,07:44,08:36,False,F260017340
2408,M28,07:38,07:49,09:41,True,F260017340
2409,E9,07:30,07:33,10:23,True,F260017338
2410,M18,07:30,07:41,09:37,False,F260017338
2411,E18,07:24,07:29,07:39,True,F260017335
2412,A2,07:23,07:25,07:42,True,F260017334
2413,E2,07:23,07:30,07:37,True,F260017333
2414,E25,07:21,,07:26,True,F260017332
2415,L3,07:21,07:24,07:27,False,F260017332
2416,E6,07:19,07:23,07:30,True,F260017331
2417,E10,07:13,07:21,07:23,True,F260017328
2418,E30,07:05,07:08,07:14,True,F260017326
2419,L8,06:49,06:52,07:07,True,F260017324
2420,E38,06:45,06:52,06:58,True,F260017323
2421,A10,06:31,06:35,07:02,True,F260017321
2422,E24,06:30,06:34,06:55,False,F260017320
2423,M17,06:30,,06:32,True,F260017320
2424,E20,06:29,06:31,06:43,True,F260017319
2425,L8,06:29,06:35,06:37,False,F260017319
2426,R1,06:05,06:11,06:55,True,F260017316
2427,E39,05:58,06:03,06:36,True,F260017315
2428,L5,05:58,06:05,06:22,False,F260017315
2429,M31,05:58,06:06,06:52,False,F260017315
2430,E18,05:54,05:59,05:59,True,F260017313
2431,A25,05:42,05:56,06:17,True,F260017312
2432,E24,05:42,05:50,06:11,False,F260017312
2433,E31,05:42,05:50,06:05,False,F260017312
2434,E33,05:30,05:33,05:38,True,F260017310
2435,A5,05:27,05:32,05:45,True,F260017309
2436,E28,05:13,05:18,05:36,True,F260017308
2437,E6,05:10,05:15,05:25,True,F260017306
2438,E22,05:05,05:10,05:26,True,F260017305
2439,E11,04:54,04:59,05:21,True,F260017300
2440,M26,04:54,05:04,05:30,False,F260017300
2441,E10,04:51,04:55,05:08,True,F260017299
2442,L1,04:51,04:56,05:21,False,F260017299
2443,E2,04:36,04:41,04:56,True,F260017297
2444,L4,04:36,04:41,04:56,False,F260017297
2445,E13,04:11,04:15,04:30,True,F260017295
2446,E24,03:59,04:09,04:09,True,F260017293
2447,E2,03:42,03:42,04:06,False,F260017290
2448,E5,03:40,,03:42,True,F260017290
2449,A10,03:37,03:41,03:59,True,F260017289
2450,E30,03:27,03:33,03:41,True,F260017288
2451,M10,03:28,,03:30,False,F260017288
2452,E17,03:09,03:13,03:48,True,F260017283
2453,E33,03:10,03:14,03:32,True,F260017282
2454,A2,03:02,03:07,03:41,True,F260017281
2455,E2,03:22,03:27,03:41,False,F260017281
2456,A5,02:27,02:32,02:46,True,F260017279
2457,E17,01:54,02:01,02:27,True,F260017275
2458,M18,01:55,02:09,03:03,False,F260017275
2459,E11,01:55,02:02,02:18,True,F260017276
2460,E31,01:55,01:59,02:15,True,F260017274
2461,E10,01:48,01:52,01:54,True,F260017273
2462,E13,01:33,01:36,01:48,True,F260017270
2463,E38,01:14,01:20,01:47,False,F260017269
2464,M17,01:14,01:25,02:24,True,F260017269
2465,E30,01:09,01:22,01:33,True,F260017267
2466,A10,00:47,00:51,01:01,True,F260017266
2467,E16,00:19,00:24,00:33,True,F260017263
2468,E10,00:16,,00:18,True,F260017261
2469,L1,00:16,,00:18,False,F260017261
2470,E2,23:47,23:51,00:02,True,F260017257
2471,L4,23:47,23:51,00:02,False,F260017257
2472,E25,23:42,23:46,23:48,True,F260017256
2473,E35,23:36,23:40,23:59,True,F260017254
2474,E28,23:21,23:26,23:35,True,F260017253
2475,M28,23:22,23:24,23:27,False,F260017253
2476,E32,23:18,,23:21,True,F260017252
2477,E16,23:15,23:22,23:57,False,F260017251
2478,M17,23:15,23:20,23:38,True,F260017251
2479,E6,23:12,23:16,23:19,True,F260017250
2480,E8,23:06,23:10,23:50,True,F260017249
2481,E17,23:01,23:05,23:50,True,F260017248
2482,E36,22:57,23:01,23:36,True,F260017245
2483,M32,23:06,23:13,23:47,False,F260017245
2484,L3,22:43,22:45,23:14,True,F260017242
2485,E10,22:42,22:44,22:51,True,F260017243
2486,E6,22:35,22:41,22:58,True,F260017240
2487,E24,22:35,22:39,22:52,True,F260017239
2488,L13,22:32,22:41,22:51,True,F260017237
2489,E35,22:29,22:37,23:05,True,F260017234
2490,E17,22:23,22:27,22:41,True,F260017233
2491,E28,22:18,22:21,22:58,True,F260017232
2492,M28,22:27,22:32,22:58,False,F260017232
2493,E18,22:16,22:22,22:30,False,F260017231
2494,L8,22:14,,22:17,True,F260017231
2495,L6,22:13,,22:17,True,F260017230
2496,E39,21:53,21:57,22:14,True,F260017226
2497,E40,21:53,,21:59,False,F260017226
2498,M31,21:53,22:02,22:11,False,F260017226
2499,A25,21:53,21:56,22:05,True,F260017224
2500,E34,21:49,21:53,22:14,True,F260017223
2501,E30,21:43,21:49,21:52,True,F260017222
2502,L8,21:41,21:51,22:07,True,F260017220
2503,E6,21:44,21:48,21:59,True,F260017221
2504,A25,21:26,21:29,21:42,True,F260017215
2505,E25,21:25,,21:26,False,F260017215
2506,A2,21:34,21:38,22:10,True,F260017211
2507,E28,21:00,21:03,21:23,True,F260017208
2508,M28,21:09,21:15,22:06,False,F260017208
2509,E6,21:03,21:07,21:25,True,F260017209
2510,E37,20:50,20:52,21:12,True,F260017205
2511,E32,20:48,20:53,21:37,True,F260017204
2512,M32,20:57,21:05,21:35,False,F260017204
2513,E25,20:48,20:51,21:06,True,F260017203
2514,B6,21:40,21:44,23:15,False,F260017200
2515,L9,20:45,20:58,23:32,True,F260017200
2516,R1,21:12,21:24,23:29,False,F260017200
2517,SAFT2,21:40,21:55,23:20,False,F260017200
2518,E33,20:42,,20:47,True,F260017199
2519,A25,20:36,20:39,21:26,False,F260017196
2520,M1,20:36,20:44,21:40,True,F260017196
2521,A5,20:41,20:45,21:01,True,F260017195
2522,L1,20:39,,20:41,False,F260017195
2523,E9,20:30,,20:31,True,F260017193
2524,E18,20:17,20:20,20:43,True,F260017191
2525,E5,20:16,20:19,20:27,True,F260017190
2526,L1,20:16,20:18,20:25,False,F260017190
2527,E17,20:13,20:16,20:19,True,F260017187
2528,E10,20:11,20:14,20:26,True,F260017186
2529,E33,19:58,20:01,20:17,True,F260017182
2530,E24,19:57,20:01,20:20,True,F260017181
2531,E30,19:56,19:59,20:01,True,F260017180
2532,E22,19:50,19:53,20:13,True,F260017177
2533,A4,19:52,19:55,20:20,True,F260017176
2534,E18,19:47,19:50,20:14,True,F260017175
2535,A5,19:41,19:49,20:05,True,F260017174
2536,E29,19:35,,19:36,True,F260017172
2537,E8,19:34,19:38,19:52,True,F260017171
2538,E6,19:33,19:38,19:47,False,F260017170
2539,L3,19:33,19:38,19:50,True,F260017170
2540,E30,19:28,19:30,19:55,True,F260017167
2541,E28,19:28,19:30,19:47,True,F260017168
2542,A31,19:25,19:27,20:00,True,F260017166
2543,M17,19:36,19:43,20:47,False,F260017166
2544,E27,19:18,19:23,19:41,True,F260017164
2545,E35,19:12,19:16,19:30,True,F260017160
2546,E5,19:07,19:11,19:21,True,F260017158
2547,E39,18:56,18:59,19:16,True,F260017155
2548,A10,18:55,19:00,19:14,True,F260017156
2549,E13,18:54,18:57,19:05,True,F260017153
2550,E32,18:55,18:59,19:11,True,F260017154
2551,E6,18:54,18:58,19:05,True,F260017152
2552,E25,18:52,,18:53,False,F260017150
2553,L10,18:53,18:56,19:10,True,F260017150
2554,E28,18:47,,18:50,True,F260017148
2555,A25,18:45,18:49,19:11,True,F260017147
2556,A5,18:40,18:42,19:02,True,F260017146
2557,E28,18:33,18:36,18:41,True,F260017143
2558,E31,18:32,18:35,18:37,True,F260017141
2559,E6,18:29,18:33,18:44,True,F260017140
2560,E13,18:25,18:29,18:33,True,F260017139
2561,E17,18:24,18:28,18:46,True,F260017138
2562,E41,18:20,18:23,18:41,True,F260017134
2563,E25,18:17,18:20,18:36,False,F260017132
2564,M10,18:17,18:23,19:09,True,F260017132
2565,E26,18:14,18:18,18:24,True,F260017131
2566,A10,18:15,18:23,18:44,True,F260017130
2567,L3,18:08,18:13,18:28,True,F260017128
2568,E25,18:03,18:06,18:08,True,F260017126
2569,E37,18:02,18:07,18:28,True,F260017125
2570,A25,17:59,18:01,18:21,True,F260017124
2571,E6,17:58,18:03,18:29,True,F260017123
2572,E8,17:57,18:02,18:24,True,F260017122
2573,A4,17:54,18:08,18:53,True,F260017119
2574,L6,18:36,18:42,18:53,False,F260017119
2575,A14,17:45,17:51,17:52,True,F260017118
2576,H99,17:47,17:50,17:57,False,F260017118
2577,E18,17:41,17:44,18:08,True,F260017116
2578,E16,17:35,17:41,18:01,True,F260017113
2579,A4,17:34,,17:40,True,F260017112
2580,E33,17:32,17:38,17:45,True,F260017111
2581,E31,17:32,17:34,17:36,True,F260017110
2582,L1,17:28,17:32,17:39,True,F260017109
2583,E38,17:19,17:23,17:45,True,F260017107
2584,E37,17:17,,17:18,False,F260017106
2585,L13,17:18,17:23,18:05,True,F260017106
2586,E40,17:16,17:19,17:39,True,F260017103
2587,E13,17:14,17:17,17:44,True,F260017102
2588,L3,17:14,17:21,17:41,False,F260017102
2589,A25,17:15,17:19,17:40,True,F260017101
2590,A5,17:11,17:16,17:20,True,F260017100
2591,E28,17:09,17:13,17:44,True,F260017099
2592,E8,17:08,17:14,17:17,True,F260017098
2593,E32,17:06,17:13,17:37,True,F260017097
2594,A10,16:58,17:02,17:24,True,F260017095
2595,E9,16:55,16:58,17:03,True,F260017094
2596,E31,16:54,16:59,17:10,True,F260017093
2597,L5,16:54,17:00,17:10,False,F260017093
2598,E5,16:56,16:58,17:21,True,F260017092
2599,H98,16:49,16:49,18:22,True,F260017091
2600,A2,16:48,16:51,16:57,False,F260017089
2601,E8,16:48,,16:50,False,F260017089
2602,M1,16:48,,16:50,True,F260017089
2603,E20,16:46,16:51,17:03,True,F260017088
2604,E6,16:45,16:49,16:53,True,F260017087
2605,L1,16:45,16:48,17:03,False,F260017087
2606,E10,16:43,16:48,16:49,True,F260017086
2607,A31,16:42,16:46,16:55,True,F260017085
2608,EVENT14,16:41,16:41,,True,F260017084
2609,M31,16:42,16:42,20:22,False,F260017084
2610,A5,16:42,16:49,17:08,False,F260017083
2611,H98,16:41,,16:42,True,F260017083
2612,A14,16:39,16:42,16:53,True,F260017082
2613,E35,16:36,16:41,17:08,True,F260017081
2614,A4,16:27,16:32,17:16,False,F260017079
2615,M10,16:29,16:35,16:55,False,F260017079
2616,M32,16:27,,16:29,True,F260017079
2617,E32,16:26,16:31,16:34,True,F260017078
2618,L11,16:26,16:31,16:37,False,F260017078
2619,A25,16:18,16:22,16:50,True,F260017076
2620,H99,16:21,16:28,17:29,False,F260017076
2621,E17,16:14,16:14,16:17,True,F260017075
2622,E2,16:14,16:19,16:36,True,F260017074
2623,E35,16:12,16:16,16:19,True,F260017072
2624,E37,16:15,,16:16,True,F260017073
2625,L13,16:16,16:20,16:54,False,F260017073
2626,A4,15:59,16:07,16:26,False,F260017070
2627,E2,15:57,15:59,15:59,True,F260017070
2628,A2,15:53,15:58,16:46,True,F260017067
2629,H1,16:23,16:53,17:06,False,F260017067
2630,MIH,16:02,,16:23,False,F260017067
2631,E24,15:52,15:56,16:39,True,F260017066
2632,M17,16:12,16:17,16:39,False,F260017066
2633,M32,16:01,,16:09,False,F260017066
2634,NOR-M163,16:10,,16:12,False,F260017066
2635,E29,15:49,15:53,16:18,False,F260017064
2636,M32,15:49,15:55,15:56,True,F260017064
2637,E31,15:38,15:43,15:57,True,F260017062
2638,E9,15:34,15:38,15:57,True,F260017060
2639,E10,15:36,15:40,15:51,True,F260017059
2640,E37,15:30,15:32,15:40,True,F260017057
2641,L13,15:30,15:32,15:40,False,F260017057
2642,A4,15:30,15:33,15:58,True,F260017056
2643,E2,15:27,15:32,15:33,True,F260017055
2644,L4,15:27,15:38,16:10,True,F260017054
2645,E5,15:25,15:27,16:08,True,F260017053
2646,M10,15:41,15:51,16:14,False,F260017053
2647,M32,15:33,,15:42,False,F260017053
2648,A10,15:25,15:28,15:41,False,F260017052
2649,E10,15:23,,15:25,True,F260017052
2650,A31,15:19,15:24,15:53,True,F260017051
2651,M17,15:20,15:30,16:12,False,F260017051
2652,A25,15:21,15:24,15:57,False,F260017050
2653,M1,15:25,15:33,16:28,False,F260017050
2654,M32,15:21,,15:25,True,F260017050
2655,A5,15:15,15:20,15:41,False,F260017049
2656,M1,15:15,15:22,15:25,True,F260017049
2657,E21,15:17,15:18,15:40,False,F260017046
2658,E35,15:15,,15:17,False,F260017046
2659,M18,15:16,15:25,16:12,False,F260017046
2660,M31,15:15,,15:16,True,F260017046
2661,E34,15:11,15:15,15:49,False,F260017047
2662,M10,15:11,15:23,15:41,True,F260017047
2663,E21,15:05,15:08,15:17,True,F260017045
2664,A4,14:56,14:58,15:17,False,F260017041
2665,E2,14:56,,14:59,False,F260017041
2666,H99,14:58,15:04,15:09,False,F260017041
2667,M1,14:56,,14:59,True,F260017041
2668,E10,14:53,15:00,15:02,True,F260017040
2669,L9,14:51,14:56,15:20,True,F260017039
2670,E33,14:49,14:53,16:08,True,F260017038
2671,M28,15:06,15:18,16:33,False,F260017038
2672,A10,14:47,14:55,15:04,True,F260017037
2673,E28,14:46,14:50,15:35,True,F260017036
2674,M26,14:58,15:08,16:47,False,F260017036
2675,E5,14:43,14:48,14:50,True,F260017035
2676,L10,14:43,14:47,14:57,False,F260017035
2677,E31,14:42,14:47,14:54,True,F260017034
2678,E17,14:40,14:44,14:57,True,F260017032
2679,A5,14:41,14:46,14:58,True,F260017028
2680,H99,14:44,14:47,14:57,False,F260017028
2681,E16,14:36,14:41,14:56,True,F260017024
2682,M17,14:38,14:42,14:44,False,F260017024
2683,A25,14:29,14:32,14:42,True,F260017022
2684,E13,14:25,14:29,14:41,True,F260017020
2685,L3,14:25,14:31,14:40,False,F260017020
2686,E6,14:20,14:23,14:56,True,F260017018
2687,M10,14:20,14:26,14:27,False,F260017018
2688,A4,14:06,14:10,14:26,True,F260017015
2689,E21,13:58,14:01,14:09,True,F260017014
2690,E16,13:52,,13:55,True,F260017012
2691,E37,13:48,13:51,13:56,True,F260017011
2692,E6,13:48,13:51,14:01,True,F260017010
2693,E31,13:39,13:45,14:04,True,F260017009
2694,E5,13:38,13:41,13:48,True,F260017008
2695,A10,13:33,13:38,13:58,True,F260017005
2696,L12,13:34,13:39,13:54,True,F260017006
2697,E28,13:33,13:35,14:05,True,F260017003
2698,M28,13:48,13:50,15:06,False,F260017003
2699,A2,13:33,13:38,13:41,False,F260017002
2700,E2,13:31,,13:33,True,F260017002
2701,E22,13:23,13:29,13:52,True,F260016999
2702,A2,13:19,13:22,13:32,True,F260016996
2703,E2,13:17,13:18,13:19,False,F260016996
2704,A2,13:17,,13:19,True,F260016995
2705,A4,13:19,13:22,13:42,False,F260016995
2706,A31,13:16,13:20,13:48,True,F260016994
2707,E30,13:17,13:20,13:32,True,F260016993
2708,E18,13:15,13:18,13:41,True,F260016992
2709,A25,13:10,13:13,13:22,True,F260016990
2710,A31,14:28,14:35,14:49,True,F260016991
2711,E21,12:56,13:00,13:21,False,F260016987
2712,M17,12:56,13:03,13:20,True,F260016987
2713,A4,12:48,12:58,13:18,True,F260016983
2714,A5,12:46,12:51,13:14,True,F260016982
2715,E40,12:47,12:54,13:21,True,F260016980
2716,E38,12:33,12:41,12:41,True,F260016979
2717,E40,12:27,12:31,12:39,True,F260016976
2718,E29,12:28,12:36,12:59,True,F260016977
2719,A10,12:26,12:35,13:01,False,F260016974
2720,M1,12:26,,12:28,True,F260016974
2721,E39,12:26,12:30,13:15,True,F260016975
2722,B5,12:22,12:28,12:32,False,F260016972
2723,E27,12:22,,12:23,False,F260016972
2724,E33,12:22,12:25,12:32,True,F260016972
2725,L12,12:23,12:24,12:32,False,F260016972
2726,M28,12:22,,12:32,False,F260016972
2727,M44,12:24,,12:32,False,F260016972
2728,E28,12:16,12:19,12:29,True,F260016970
2729,L12,12:16,,12:22,False,F260016970
2730,E2,12:12,12:13,12:26,True,F260016967
2731,L4,12:12,12:16,12:26,False,F260016967
2732,E34,12:08,12:12,12:20,True,F260016964
2733,E10,12:07,12:09,12:13,True,F260016965
2734,E5,12:06,12:09,12:22,True,F260016962
2735,A5,12:05,12:06,12:21,True,F260016960
2736,A25,12:05,12:12,12:39,False,F260016957
2737,B2,12:05,12:10,12:25,False,F260016957
2738,E6,12:14,12:15,12:46,False,F260016957
2739,L3,12:05,12:12,12:28,True,F260016957
2740,M1,12:11,,12:19,False,F260016957
2741,M10,12:05,12:11,12:41,False,F260016957
2742,M44,12:05,,12:08,False,F260016957
2743,M44,12:19,12:19,12:24,False,F260016957
2744,E37,11:59,,12:04,True,F260016955
2745,A10,11:59,12:03,12:15,True,F260016954
2746,E27,11:52,11:56,12:15,True,F260016949
2747,E31,11:49,11:54,12:00,True,F260016948
2748,L5,11:49,11:54,12:03,False,F260016948
2749,A10,11:32,11:36,11:46,True,F260016941
2750,E10,11:24,11:25,11:37,True,F260016936
2751,L1,11:24,11:26,11:38,False,F260016936
2752,E34,11:24,11:31,11:31,True,F260016937
2753,H99,11:26,11:29,11:30,False,F260016937
2754,E13,12:22,12:28,12:39,True,F260016935
2755,A5,11:24,11:30,11:44,True,F260016938
2756,E13,11:08,,11:10,False,F260016933
2757,E30,11:08,11:13,11:22,False,F260016933
2758,H99,11:12,,11:19,False,F260016933
2759,M10,11:08,,11:10,True,F260016933
2760,E26,11:05,11:11,11:28,True,F260016932
2761,E27,11:02,,11:03,False,F260016931
2762,L12,11:03,11:09,11:37,True,F260016931
2763,M28,11:03,11:07,11:38,False,F260016931
2764,EVENT12,11:01,11:01,,True,F260016930
2765,E28,10:53,10:59,11:24,True,F260016927
2766,A10,10:54,10:57,11:07,True,F260016928
2767,E20,10:52,10:57,11:19,True,F260016926
2768,E24,10:52,10:57,11:12,True,F260016925
2769,E21,10:49,10:53,11:14,True,F260016922
2770,E39,10:54,11:03,11:19,True,F260016924
2771,A31,10:49,10:51,11:01,False,F260016921
2772,M31,10:49,,10:53,True,F260016921
2773,E40,10:43,10:44,10:57,True,F260016918
2774,E9,10:31,10:35,10:44,True,F260016916
2775,L9,10:31,10:38,10:41,False,F260016916
2776,E29,10:30,10:35,10:48,True,F260016915
2777,E18,10:30,10:35,10:47,True,F260016913
2778,E21,10:28,10:32,10:39,True,F260016911
2779,E26,10:29,10:38,10:49,True,F260016912
2780,E37,10:28,10:32,11:12,True,F260016909
2781,M26,10:28,,10:30,False,F260016909
2782,M32,10:30,10:33,11:34,False,F260016909
2783,A4,10:28,10:41,10:59,True,F260016910
2784,L13,10:18,10:24,10:41,False,F260016908
2785,M32,10:18,,10:30,True,F260016908
2786,E30,10:07,10:10,10:24,True,F260016907
2787,E33,10:03,10:05,10:27,True,F260016906
2788,A4,09:56,10:02,10:10,True,F260016905
2789,E10,09:50,09:54,10:16,True,F260016902
2790,E40,09:48,09:50,10:03,True,F260016900
2791,M17,09:49,,09:55,False,F260016900
2792,E37,09:47,09:52,10:11,True,F260016899
2793,E38,09:42,09:56,10:07,True,F260016897
2794,E28,09:40,09:42,09:58,True,F260016896
2795,E29,09:37,09:43,09:54,True,F260016894
2796,E9,09:39,,09:44,True,F260016895
2797,L6,09:39,09:44,09:46,False,F260016895
2798,E39,09:36,09:38,10:49,True,F260016893
2799,M31,09:56,10:04,10:11,False,F260016893
2800,E8,09:35,09:42,09:55,True,F260016892
2801,E33,09:35,09:38,09:46,True,F260016891
2802,E16,09:30,09:33,10:28,True,F260016890
2803,L9,09:30,09:34,09:34,False,F260016890
2804,E21,09:26,09:29,09:42,True,F260016889
2805,A31,09:19,09:23,09:37,True,F260016887
2806,E25,09:14,09:18,09:22,True,F260016885
2807,L10,09:14,09:18,09:20,False,F260016885
2808,E17,09:04,09:10,09:17,True,F260016882
2809,L9,09:04,09:11,09:18,False,F260016882
2810,E32,09:14,09:18,09:27,True,F260016881
2811,E30,08:54,08:58,09:15,True,F260016880
2812,E24,08:49,08:53,09:29,False,F260016877
2813,M31,08:49,08:57,09:54,True,F260016877
2814,A14,08:44,08:48,09:02,True,F260016876
2815,E25,08:33,08:36,08:48,True,F260016874
2816,M17,08:34,,08:42,False,F260016874
2817,E21,08:22,08:25,08:41,True,F260016871
2818,M31,08:23,,08:29,False,F260016871
2819,E17,08:21,08:26,08:45,True,F260016870
2820,L9,08:21,08:26,08:45,False,F260016870
2821,E8,08:16,08:21,08:31,True,F260016868
2822,L6,08:16,08:21,08:31,False,F260016868
2823,A2,08:13,08:14,08:56,True,F260016867
2824,L4,08:12,,08:13,False,F260016867
2825,M10,08:13,08:21,09:06,False,F260016867
2826,A25,08:09,08:12,08:38,True,F260016866
2827,E2,08:03,08:08,08:11,False,F260016864
2828,L1,08:03,08:08,08:11,False,F260016864
2829,E39,08:02,08:08,08:28,True,F260016862
2830,A5,08:01,08:04,08:04,False,F260016863
2831,E5,08:01,08:03,08:22,False,F260016863
2832,M1,08:01,,08:06,True,F260016863
2833,L4,07:59,08:03,08:09,True,F260016861
2834,E9,07:59,08:07,08:14,True,F260016859
2835,E2,07:54,08:00,08:03,True,F260016858
2836,E40,07:51,07:56,08:09,True,F260016857
2837,A2,07:48,07:53,08:11,True,F260016856
2838,A25,07:41,07:44,07:57,True,F260016853
2839,E24,07:31,07:38,07:41,False,F260016852
2840,L5,07:31,07:39,07:40,False,F260016852
2841,E20,07:30,07:34,07:36,False,F260016850
2842,L8,07:30,,07:35,False,F260016850
2843,E29,07:05,07:16,07:34,True,F260016848
2844,A25,07:02,07:06,07:19,True,F260016847
2845,E28,06:49,06:53,07:09,False,F260016840
2846,M28,06:49,06:55,06:57,True,F260016840
2847,A10,06:46,06:50,06:55,True,F260016838
2848,A2,06:43,06:46,06:50,True,F260016837
2849,E6,06:43,06:48,06:52,True,F260016836
2850,E17,06:40,06:46,07:00,True,F260016835
2851,E13,06:35,06:39,06:57,True,F260016833
2852,E33,06:26,06:32,06:38,True,F260016828
2853,E30,06:25,06:29,06:43,True,F260016826
2854,A2,06:23,06:29,06:40,True,F260016824
2855,A14,06:25,,06:31,True,F260016825
2856,B2,06:25,,06:31,False,F260016825
2857,B5,06:25,,06:31,False,F260016825
2858,E13,06:25,06:30,06:31,False,F260016825
2859,E6,06:25,06:30,06:34,False,F260016825
2860,L3,06:25,,06:31,False,F260016825
2861,M10,06:25,,06:31,False,F260016825
2862,M44,06:25,,06:31,False,F260016825
2863,R1,06:25,,06:31,False,F260016825
2864,SAFT2,06:25,,06:31,False,F260016825
2865,E5,06:22,06:28,06:38,True,F260016823
2866,FAC,06:32,,06:32,False,F260016823
2867,E30,06:17,,06:18,True,F260016822
2868,E10,06:08,06:15,06:17,True,F260016821
2869,E18,05:58,06:02,06:12,True,F260016819
2870,E6,05:49,05:56,06:03,True,F260016817
2871,E25,05:49,05:54,05:54,True,F260016816
2872,E31,05:16,05:22,05:54,True,F260016814
2873,M31,05:17,05:23,05:49,False,F260016814
2874,A25,04:59,05:03,05:20,True,F260016812
2875,E30,04:58,05:02,05:25,True,F260016811
2876,E2,04:57,05:02,05:17,True,F260016810
2877,A2,04:53,04:58,05:10,True,F260016809
2878,E25,04:06,04:11,04:13,True,F260016806
2879,B2,03:59,,04:02,False,F260016805
2880,E10,03:58,04:01,04:14,True,F260016805
2881,E5,03:59,,04:02,False,F260016805
2882,L1,03:59,,04:02,False,F260016805
2883,MAR5,03:59,,04:02,False,F260016805
2884,SAFT2,03:59,,04:02,False,F260016805
2885,E36,03:56,04:04,04:28,True,F260016804
2886,E24,03:52,03:55,04:12,True,F260016801
2887,E31,03:49,03:56,04:07,True,F260016800
2888,E2,03:45,03:51,04:16,True,F260016799
2889,A2,03:36,03:43,04:22,False,F260016795
2890,M1,03:36,03:45,04:37,True,F260016795
2891,R1,05:38,05:56,05:57,True,F260016793
2892,A14,03:11,,03:13,False,F260016792
2893,E30,03:13,03:15,03:28,True,F260016792
2894,A25,02:55,03:13,03:22,True,F260016790
2895,E37,02:55,03:02,03:16,True,F260016789
2896,E29,02:36,02:40,02:58,True,F260016788
2897,E31,02:35,02:41,02:58,True,F260016787
2898,E33,02:32,02:36,02:58,False,F260016786
2899,M28,02:32,02:41,03:01,True,F260016786
2900,E21,02:30,02:34,02:38,True,F260016785
2901,E25,02:14,02:21,02:33,True,F260016777
2902,E10,02:12,02:18,02:22,True,F260016776
2903,E30,02:05,02:09,02:33,True,F260016774
2904,E24,01:59,02:03,02:22,True,F260016773
2905,A2,01:57,02:00,02:13,False,F260016770
2906,E5,01:57,,01:59,False,F260016770
2907,M10,01:57,,02:01,True,F260016770
2908,E21,01:45,01:48,02:08,True,F260016766
2909,A5,01:31,01:36,01:52,True,F260016764
2910,M1,01:31,01:39,01:41,False,F260016764
2911,E8,01:27,01:33,02:09,True,F260016763
2912,E40,01:26,,01:34,True,F260016762
2913,A2,01:20,01:27,01:52,True,F260016761
2914,E37,01:08,01:13,01:30,True,F260016759
2915,A10,01:06,01:11,01:31,True,F260016756
2916,E17,00:26,00:32,00:45,False,F260016754
2917,L9,00:25,00:33,00:44,True,F260016754
2918,A10,23:58,,23:59,True,F260016751
2919,E6,23:58,00:02,00:13,False,F260016751
2920,E18,23:33,23:38,23:42,True,F260016748
2921,E16,23:24,23:27,23:52,True,F260016745
2922,E34,23:06,23:11,23:26,True,F260016744
2923,E6,23:21,23:24,23:35,True,F260016742
2924,A5,23:00,23:03,23:33,False,F260016741
2925,M10,23:00,,23:02,False,F260016741
2926,M10,23:03,23:05,00:06,True,F260016741
2927,M17,23:02,,23:03,False,F260016741
2928,A10,22:58,23:04,23:15,False,F260016737
2929,B2,22:58,23:04,23:15,False,F260016737
2930,E10,22:58,23:03,23:15,True,F260016737
2931,E2,23:01,23:09,23:15,False,F260016737
2932,L1,23:00,23:09,23:09,False,F260016737
2933,L4,23:00,,23:01,False,F260016737
2934,M1,22:58,23:07,23:36,False,F260016737
2935,M10,23:02,,23:03,False,F260016737
2936,M17,23:00,,23:02,False,F260016737
2937,M17,23:03,23:06,23:07,False,F260016737
2938,M44,22:58,23:05,23:15,False,F260016737
2939,SAFT2,23:00,23:06,23:13,False,F260016737
2940,E5,22:54,22:57,23:14,True,F260016736
2941,A2,22:52,22:53,22:55,True,F260016735
2942,E40,22:44,22:49,23:14,False,F260016733
2943,M31,22:44,22:51,22:53,True,F260016733
2944,E2,22:44,22:47,23:00,True,F260016732
2945,E33,22:41,22:45,23:23,True,F260016731
2946,M28,22:51,22:57,23:14,False,F260016731
2947,A5,22:33,22:35,22:51,True,F260016728
2948,E36,22:27,22:32,23:14,False,F260016726
2949,M32,22:27,22:34,23:34,True,F260016726
2950,A25,22:24,22:35,23:20,True,F260016725
2951,E28,22:22,22:28,22:39,True,F260016724
2952,M10,22:23,,22:24,False,F260016724
2953,A2,22:32,22:34,22:50,True,F260016723
2954,E25,22:17,22:21,22:37,True,F260016722
2955,L10,22:17,22:21,22:37,False,F260016722
2956,E6,22:07,22:12,22:36,False,F260016720
2957,M10,22:07,,22:16,True,F260016720
2958,A2,22:11,22:13,22:29,True,F260016719
2959,E18,21:59,22:02,22:26,False,F260016718
2960,M18,21:59,22:04,22:08,False,F260016718
2961,M18,22:15,22:19,22:48,True,F260016718
2962,A10,21:57,22:01,22:20,False,F260016717
2963,M1,21:57,22:04,22:31,True,F260016717
2964,E16,21:57,,22:09,False,F260016716
2965,E31,21:51,,21:57,False,F260016716
2966,M31,21:51,,22:09,True,F260016716
2967,L6,21:51,21:56,22:27,True,F260016715
2968,E25,21:56,22:01,22:04,True,F260016714
2969,L4,21:48,,21:56,False,F260016714
2970,E9,21:49,21:53,21:54,True,F260016713
2971,E37,21:47,21:53,22:07,True,F260016712
2972,E2,21:43,21:48,21:56,True,F260016711
2973,L10,21:43,21:48,21:56,False,F260016711
2974,E13,21:46,21:49,22:05,True,F260016710
2975,M10,21:48,,21:52,False,F260016710
2976,A2,21:43,21:46,22:00,True,F260016709
2977,E2,21:42,,21:43,False,F260016709
2978,E38,21:39,21:47,22:21,True,F260016706
2979,E33,21:37,21:41,22:11,True,F260016703
2980,M28,21:48,21:54,22:42,False,F260016703
2981,E8,21:37,21:42,22:21,True,F260016704
2982,M17,21:51,21:59,22:56,False,F260016704
2983,A5,21:37,,21:39,True,F260016705
2984,E10,21:37,,21:38,False,F260016705
2985,M10,21:37,,21:38,False,F260016705
2986,E2,21:33,21:37,21:41,True,F260016701
2987,E25,21:29,21:39,21:54,True,F260016699
2988,A10,21:25,21:30,21:36,True,F260016698
2989,A2,21:23,21:23,21:41,True,F260016697
2990,E2,21:22,,21:23,False,F260016697
2991,A10,21:03,21:07,21:15,True,F260016696
2992,E38,21:03,,21:08,True,F260016695
2993,L9,21:03,21:07,21:16,False,F260016695
2994,E5,21:04,,21:07,False,F260016694
2995,L4,21:03,21:06,21:17,True,F260016694
2996,M17,21:04,,21:07,False,F260016694
2997,E17,21:01,21:05,21:15,True,F260016693
2998,E37,20:58,21:05,21:09,True,F260016689
2999,A25,20:58,21:00,21:40,True,F260016688
3000,M17,21:07,21:12,21:51,False,F260016688
3001,E6,20:54,20:58,21:23,True,F260016686
3002,A2,20:59,20:59,21:22,True,F260016685
3003,E2,20:51,20:55,20:59,False,F260016685
3004,E20,20:51,20:56,21:15,True,F260016684
3005,A2,20:47,20:52,20:59,False,F260016682
3006,E2,20:59,20:59,21:13,False,F260016682
3007,M1,20:48,20:53,21:22,True,F260016682
3008,M17,20:47,,20:48,False,F260016682
3009,E32,20:38,20:44,20:50,True,F260016677
3010,E28,20:39,20:39,20:56,True,F260016678
3011,A25,20:33,20:37,20:49,True,F260016676
3012,L5,20:32,20:42,20:52,True,F260016675
3013,A10,20:28,20:31,20:52,False,F260016674
3014,M1,20:28,20:32,20:48,True,F260016674
3015,E33,20:26,20:31,20:33,False,F260016673
3016,M28,20:26,,20:33,True,F260016673
3017,E30,20:26,20:33,20:52,True,F260016672
3018,E28,20:23,20:27,20:39,True,F260016671
3019,L12,20:23,20:27,20:38,False,F260016671
3020,A5,20:18,20:21,21:02,True,F260016670
3021,M10,20:31,20:37,21:26,False,F260016670
3022,L1,20:10,20:14,20:24,True,F260016668
3023,E17,20:10,,20:12,False,F260016667
3024,E9,20:12,20:17,20:32,True,F260016667
3025,L9,20:10,,20:14,False,F260016667
3026,E2,19:58,20:08,20:26,True,F260016665
3027,A10,19:58,20:01,20:14,True,F260016664
3028,E9,19:55,20:00,20:11,True,F260016659
3029,E5,19:51,19:54,20:05,True,F260016658
3030,A2,19:42,19:45,19:51,True,F260016655
3031,A25,19:34,19:37,19:41,True,F260016654
3032,A4,19:32,19:33,20:06,True,F260016653
3033,E24,19:30,19:34,19:49,True,F260016652
3034,L5,19:30,19:37,19:38,False,F260016652
3035,E8,19:30,19:37,19:59,True,F260016651
3036,E20,19:27,19:32,19:39,True,F260016650
3037,E37,19:20,19:24,19:35,True,F260016648
3038,A4,19:15,19:19,19:30,True,F260016646
3039,A14,19:09,19:10,19:30,True,F260016643
3040,R1,19:09,19:10,19:30,False,F260016643
3041,E20,19:10,,19:13,True,F260016644
3042,E13,20:07,20:11,20:38,True,F260016641
3043,E13,19:05,,19:18,True,F260016640
3044,E13,19:01,,19:04,True,F260016637
3045,L3,19:01,,19:02,False,F260016637
3046,E21,19:01,19:05,19:11,True,F260016638
3047,E31,18:59,19:01,19:06,True,F260016636
3048,L5,18:59,,19:03,False,F260016636
3049,A5,18:51,18:53,19:02,True,F260016632
3050,E11,18:50,18:55,18:59,True,F260016630
3051,E18,18:51,18:53,19:05,True,F260016627
3052,E27,18:45,18:48,19:44,False,F260016628
3053,M26,18:45,18:50,20:20,True,F260016628
3054,EVENT14,18:43,18:43,,True,F260016625
3055,HUSKY-EMS,18:45,18:45,,False,F260016625
3056,A25,18:40,,18:52,False,F260016624
3057,E16,18:40,,18:52,False,F260016624
3058,E16,18:56,19:00,19:27,True,F260016624
3059,E31,18:40,18:46,18:54,False,F260016624
3060,E39,18:31,18:36,18:45,True,F260016621
3061,R1,18:26,18:39,18:50,True,F260016620
3062,A10,18:26,18:26,18:52,True,F260016618
3063,E10,18:24,,18:26,False,F260016618
3064,E18,18:21,18:27,18:32,True,F260016617
3065,A4,18:20,18:22,18:57,True,F260016616
3066,M10,18:21,18:30,19:56,False,F260016616
3067,A5,18:15,18:18,18:40,True,F260016615
3068,M1,18:15,18:19,18:20,False,F260016615
3069,M1,18:22,18:39,19:27,False,F260016615
3070,L3,18:10,18:18,18:36,True,F260016614
3071,E30,18:09,18:12,18:13,True,F260016613
3072,E37,18:07,18:11,18:23,True,F260016612
3073,E24,18:03,18:07,18:30,True,F260016611
3074,E6,18:02,18:04,18:36,True,F260016610
3075,A25,18:01,18:08,18:30,True,F260016609
3076,E33,17:55,18:01,18:30,False,F260016608
3077,M28,17:55,18:05,18:09,True,F260016608
3078,E39,17:55,17:58,18:19,True,F260016607
3079,L5,17:48,18:03,18:13,True,F260016605
3080,A10,17:44,17:48,18:24,True,F260016604
3081,E10,17:43,17:48,17:59,True,F260016603
3082,L1,17:43,17:47,18:01,False,F260016603
3083,E17,17:43,17:47,18:07,True,F260016601
3084,L12,17:39,17:55,18:30,True,F260016600
3085,E6,17:38,17:40,17:49,True,F260016598
3086,L3,17:36,,17:38,False,F260016598
3087,E28,17:23,17:26,17:30,True,F260016596
3088,E6,17:22,17:22,17:37,True,F260016592
3089,L3,17:19,,17:22,False,F260016592
3090,A2,17:19,17:22,17:55,False,F260016591
3091,E2,17:19,17:22,17:52,False,F260016591
3092,H99,17:27,17:35,18:42,False,F260016591
3093,M1,17:20,17:28,18:09,True,F260016591
3094,M18,17:19,,17:20,False,F260016591
3095,E9,17:12,17:15,17:30,True,F260016590
3096,L8,17:12,17:20,17:25,False,F260016590
3097,E6,17:11,17:14,17:22,True,F260016589
3098,E31,17:05,17:10,17:30,True,F260016587
3099,A2,17:03,17:07,17:11,True,F260016585
3100,E16,17:01,,17:16,True,F260016584
3101,L9,17:01,17:05,17:18,False,F260016584
3102,A2,19:52,19:58,20:09,True,F260016583
3103,A25,19:48,,19:52,False,F260016583
3104,R1,16:53,17:00,17:15,True,F260016580
3105,E25,16:53,16:56,17:12,False,F260016579
3106,M10,16:55,17:05,17:40,True,F260016579
3107,M17,16:53,,16:55,False,F260016579
3108,A4,16:51,16:58,17:26,True,F260016578
3109,M10,16:52,,16:55,False,F260016578
3110,M17,16:55,17:02,17:46,False,F260016578
3111,A25,16:50,16:58,17:06,True,F260016577
3112,E18,16:46,16:53,17:01,False,F260016576
3113,E18,17:03,17:03,17:38,True,F260016576
3114,E21,16:41,16:45,17:04,True,F260016574
3115,E35,16:39,16:43,17:03,True,F260016573
3116,E2,16:38,16:42,16:46,True,F260016571
3117,A5,16:32,16:36,16:56,True,F260016570
3118,M1,16:36,16:55,17:19,False,F260016570
3119,M32,16:33,,16:36,False,F260016570
3120,L1,16:32,16:38,16:42,True,F260016569
3121,E31,16:19,16:24,16:46,True,F260016563
3122,A2,16:19,16:24,16:45,True,F260016562
3123,A10,16:10,16:13,16:33,False,F260016561
3124,M1,16:10,16:14,16:36,True,F260016561
3125,E40,16:08,16:10,16:19,False,F260016560
3126,L5,16:08,,16:13,True,F260016560
3127,L12,16:05,16:09,16:32,True,F260016558
3128,E28,16:05,16:09,16:17,True,F260016557
3129,E25,16:03,16:07,16:15,True,F260016556
3130,A4,16:01,16:05,16:08,True,F260016555
3131,E17,16:03,16:06,16:15,False,F260016554
3132,E38,16:00,,16:03,True,F260016554
3133,E31,15:51,15:57,16:11,True,F260016552
3134,L5,15:51,,15:55,False,F260016552
3135,H2,15:50,15:50,16:48,True,F260016551
3136,L3,15:47,15:53,16:17,True,F260016550
3137,M10,15:48,15:53,16:43,False,F260016550
3138,A5,15:45,15:49,16:01,True,F260016548
3139,E24,15:38,15:43,16:10,False,F260016547
3140,M18,15:40,,15:46,False,F260016547
3141,M32,15:38,,15:40,True,F260016547
3142,E16,15:36,15:42,16:37,True,F260016546
3143,M1,15:39,,15:45,False,F260016546
3144,M17,15:57,15:59,16:35,False,F260016546
3145,M18,15:36,,15:39,False,F260016546
3146,L10,15:33,15:36,15:57,True,F260016544
3147,M1,15:34,,15:38,False,F260016544
3148,E28,15:30,15:33,15:52,True,F260016541
3149,A25,15:31,15:34,15:43,False,F260016543
3150,E25,15:31,15:34,15:44,False,F260016543
3151,H99,15:36,15:41,15:51,False,F260016543
3152,M10,15:31,15:38,15:40,True,F260016543
3153,E9,15:31,15:36,15:48,True,F260016542
3154,B4,15:28,,15:32,False,F260016540
3155,E18,15:28,,15:32,False,F260016540
3156,E41,15:28,15:32,15:34,True,F260016540
3157,L8,15:28,,15:32,False,F260016540
3158,E22,15:06,15:11,15:36,False,F260016537
3159,M17,15:06,15:16,15:52,True,F260016537
3160,M44,15:13,15:16,15:23,False,F260016537
3161,E17,15:00,15:06,15:22,True,F260016535
3162,E38,14:58,,15:08,True,F260016534
3163,E21,14:47,14:51,15:15,True,F260016532
3164,M31,14:48,,14:52,False,F260016532
3165,M31,14:57,15:00,15:58,False,F260016532
3166,E41,14:47,14:51,15:02,True,F260016531
3167,H2,14:43,15:20,15:46,True,F260016530
3168,E25,14:39,14:39,14:40,False,F260016526
3169,E34,14:36,14:42,15:01,True,F260016526
3170,E6,14:40,14:42,15:02,False,F260016526
3171,M1,14:38,14:44,15:30,False,F260016526
3172,E32,14:24,14:28,14:39,True,F260016523
3173,E25,14:13,14:17,14:27,True,F260016518
3174,L8,14:12,14:28,14:33,True,F260016515
3175,E17,14:08,14:10,14:19,True,F260016514
3176,L9,14:08,14:11,14:19,False,F260016514
3177,A4,14:06,14:10,14:12,True,F260016513
3178,E31,14:06,14:07,14:25,True,F260016512
3179,E6,14:05,14:08,14:24,True,F260016511
3180,H99,14:17,14:25,14:27,False,F260016511
3181,MIH,14:12,,14:17,False,F260016511
3182,E27,13:57,,14:01,False,F260016509
3183,L12,13:57,,14:00,False,F260016509
3184,L12,14:01,14:09,14:11,False,F260016509
3185,L12,14:14,14:14,14:26,True,F260016509
3186,E31,13:57,14:02,14:05,True,F260016508
3187,E2,13:55,13:59,14:04,True,F260016506
3188,L10,13:55,,14:00,False,F260016506
3189,E28,13:52,14:00,14:15,True,F260016503
3190,E33,13:51,13:55,14:07,True,F260016502
3191,H1,13:50,14:04,15:04,True,F260016501
3192,E17,15:23,15:28,15:58,True,F260016499
3193,B7,13:42,13:45,14:11,False,F260016498
3194,E26,13:41,13:45,14:11,True,F260016498
3195,M26,13:46,13:51,14:12,False,F260016498
3196,L11,13:40,13:50,13:58,True,F260016497
3197,E11,13:31,13:36,13:47,True,F260016494
3198,A4,13:32,13:33,13:48,True,F260016493
3199,E20,13:31,13:35,13:59,True,F260016492
3200,E2,13:28,13:36,13:42,True,F260016491
3201,E9,13:24,13:30,13:52,True,F260016489
3202,A4,13:22,,13:27,True,F260016488
3203,E39,13:20,,13:22,True,F260016487
3204,A25,13:14,13:17,13:28,True,F260016486
3205,E31,13:12,13:18,13:53,True,F260016483
3206,M31,13:25,13:30,14:17,False,F260016483
3207,E2,13:13,13:18,13:21,True,F260016484
3208,A10,13:02,13:02,13:42,True,F260016482
3209,B2,13:04,13:18,13:26,False,F260016482
3210,B7,13:02,,13:05,False,F260016482
3211,E16,12:59,13:06,13:15,True,F260016481
3212,L9,12:59,13:05,13:10,False,F260016481
3213,B2,13:00,,13:04,False,F260016480
3214,B4,13:04,,13:10,False,F260016480
3215,B6,13:10,13:30,13:31,True,F260016480
3216,E6,12:53,12:59,13:01,True,F260016477
3217,E25,12:52,12:58,13:32,True,F260016476
3218,L10,12:52,12:59,13:28,False,F260016476
3219,A5,12:48,12:49,12:57,True,F260016474
3220,E17,13:12,13:17,13:35,True,F260016471
3221,A5,12:41,12:45,12:47,True,F260016470
3222,E40,12:38,12:46,12:58,True,F260016468
3223,L5,12:38,,12:49,False,F260016468
3224,A2,12:37,12:41,12:47,True,F260016467
3225,E31,12:35,12:40,13:00,True,F260016466
3226,E30,12:34,12:37,12:48,True,F260016465
3227,E17,12:35,,12:37,False,F260016464
3228,E38,12:35,12:39,12:48,False,F260016464
3229,M17,12:35,12:41,12:43,True,F260016464
3230,E24,12:35,12:40,13:05,True,F260016463
3231,MIH,12:50,,13:37,False,F260016463
3232,E39,12:25,12:30,12:48,True,F260016462
3233,E26,12:22,12:27,12:44,False,F260016461
3234,M26,12:22,12:30,12:47,True,F260016461
3235,A4,12:21,12:25,12:48,True,F260016460
3236,E32,12:16,12:20,12:40,True,F260016457
3237,E21,12:11,12:14,12:29,True,F260016456
3238,A10,12:05,12:08,12:28,True,F260016453
3239,E37,12:03,12:08,12:28,False,F260016451
3240,M32,12:03,12:12,12:35,True,F260016451
3241,L6,12:02,12:07,12:28,True,F260016450
3242,E25,11:58,12:01,12:16,True,F260016449
3243,L4,11:58,12:04,12:16,False,F260016449
3244,A5,11:50,11:51,12:05,True,F260016445
3245,E24,11:49,11:53,11:58,True,F260016444
3246,A25,11:49,11:57,12:09,False,F260016443
3247,M10,11:49,11:56,12:48,True,F260016443
3248,E17,11:50,11:53,11:59,True,F260016442
3249,L9,11:50,,11:57,False,F260016442
3250,A4,11:46,11:49,12:07,True,F260016441
3251,E31,11:47,11:50,12:02,True,F260016439
3252,E35,11:45,,11:47,False,F260016439
3253,E32,11:42,11:49,11:56,True,F260016434
3254,E33,11:37,11:41,11:55,True,F260016433
3255,E8,11:29,11:32,11:51,True,F260016432
3256,E39,11:29,11:50,12:03,True,F260016431
3257,L12,11:23,11:26,11:39,True,F260016430
3258,A25,10:52,10:55,11:10,True,F260016426
3259,A2,10:51,10:58,11:48,False,F260016425
3260,M1,10:52,10:58,12:03,True,F260016425
3261,M18,10:51,,10:52,False,F260016425
3262,A4,10:33,10:35,10:37,True,F260016420
3263,EVENT12,10:31,10:31,,True,F260016419
3264,WAMU-EMS,10:31,10:31,,False,F260016419
3265,A5,10:26,10:32,11:06,True,F260016416
3266,MIH,10:43,,10:56,False,F260016416
3267,E40,10:21,10:25,10:45,True,F260016414
3268,E41,10:20,10:22,10:47,True,F260016413
3269,L8,10:20,,10:25,False,F260016413
3270,A10,10:19,10:21,10:41,True,F260016412
3271,A25,10:17,10:20,10:29,True,F260016411
3272,L5,10:12,10:15,10:30,True,F260016409
3273,E39,10:12,10:16,10:37,True,F260016405
3274,B5,10:05,,10:16,False,F260016404
3275,E32,10:05,10:09,10:22,True,F260016404
3276,L11,10:05,10:09,10:11,False,F260016404
3277,M26,10:05,10:13,10:18,False,F260016404
3278,A4,09:44,09:47,09:57,False,F260016402
3279,M1,09:45,09:50,09:52,True,F260016402
3280,M18,09:44,,09:45,False,F260016402
3281,E31,09:34,09:43,10:21,True,F260016399
3282,E17,09:33,09:43,10:03,True,F260016397
3283,A2,09:29,09:32,10:03,True,F260016396
3284,E5,09:28,,09:29,False,F260016396
3285,L4,09:27,09:30,09:36,True,F260016395
3286,E11,09:24,09:27,09:35,True,F260016393
3287,A10,11:05,11:11,11:12,False,F260016391
3288,E6,11:05,11:11,11:27,False,F260016391
3289,M10,11:07,,11:07,False,F260016391
3290,M17,11:06,11:09,11:18,True,F260016391
3291,M18,11:05,,11:06,False,F260016391
3292,A4,09:05,09:09,09:28,True,F260016388
3293,E28,09:03,09:08,09:16,True,F260016384
3294,E39,08:49,08:52,09:50,False,F260016383
3295,E40,08:51,08:56,09:46,False,F260016383
3296,M31,08:49,08:58,10:22,True,F260016383
3297,E17,08:49,08:54,09:13,True,F260016382
3298,A2,08:46,08:48,09:29,True,F260016379
3299,M1,08:55,09:02,09:45,False,F260016379
3300,E16,08:49,08:53,09:38,True,F260016377
3301,E22,08:42,08:48,08:57,True,F260016375
3302,E13,08:35,08:39,08:47,True,F260016373
3303,E30,08:33,,08:35,False,F260016373
3304,L12,08:33,,08:36,False,F260016373
3305,R1,08:36,08:42,08:45,False,F260016373
3306,E35,08:31,08:37,08:57,True,F260016372
3307,L11,08:31,08:31,08:46,True,F260016371
3308,E30,08:29,,08:30,False,F260016369
3309,E6,08:30,08:34,08:39,True,F260016369
3310,A5,08:28,08:31,08:39,True,F260016368
3311,E36,08:28,08:33,08:44,True,F260016367
3312,E10,08:17,08:24,08:51,True,F260016365
3313,E2,08:13,08:16,08:49,True,F260016363
3314,L3,08:11,08:14,08:33,True,F260016362
3315,E32,08:09,,08:11,True,F260016361
3316,A2,08:09,08:14,08:35,False,F260016360
3317,M17,08:10,08:14,09:03,True,F260016360
3318,M18,08:09,,08:10,False,F260016360
3319,E13,08:07,08:10,08:34,False,F260016359
3320,M1,08:07,,08:15,True,F260016359
3321,E11,08:09,08:14,08:28,True,F260016358
3322,A25,08:06,08:10,08:19,True,F260016355
3323,E37,08:08,08:14,08:19,True,F260016357
3324,E24,07:52,07:54,08:20,True,F260016352
3325,M31,07:52,07:58,08:21,False,F260016352
3326,E6,07:50,07:55,08:29,True,F260016351
3327,M10,08:00,08:11,09:45,False,F260016351
3328,E11,07:41,07:46,08:07,True,F260016350
3329,E6,07:32,07:36,07:42,True,F260016347
3330,E39,07:27,07:49,08:15,True,F260016345
3331,A10,07:17,07:19,07:44,True,F260016344
3332,M1,07:35,,07:39,False,F260016344
3333,E26,07:05,07:07,07:19,False,F260016343
3334,L13,07:05,,07:12,True,F260016343
3335,L4,06:58,07:08,07:23,True,F260016341
3336,L10,06:55,06:57,07:38,False,F260016340
3337,M17,06:55,07:02,08:10,True,F260016340
3338,E37,06:50,06:54,07:03,True,F260016339
3339,L9,06:51,06:55,07:17,True,F260016338
3340,E2,06:47,,06:51,True,F260016336
3341,E5,06:32,06:37,06:42,True,F260016334
3342,E2,06:28,06:33,06:35,True,F260016333
3343,E6,06:16,06:18,06:32,True,F260016329
3344,E31,06:16,,06:19,False,F260016327
3345,E35,06:19,,06:20,True,F260016327
3346,E16,06:08,06:21,06:30,True,F260016326
3347,B2,06:05,06:12,06:21,False,F260016325
3348,E10,06:05,06:09,06:22,True,F260016325
3349,L1,06:05,06:09,06:21,False,F260016325
3350,E25,05:59,06:07,06:08,True,F260016324
3351,E39,05:57,06:02,06:23,True,F260016323
3352,E35,05:56,06:11,06:18,True,F260016322
3353,A14,05:51,,06:26,True,F260016320
3354,A2,05:51,06:16,06:42,False,F260016320
3355,AIR10,05:51,06:12,07:15,False,F260016320
3356,B4,05:51,05:56,09:45,False,F260016320
3357,B6,05:51,06:17,06:54,False,F260016320
3358,DEP1,05:51,06:02,06:52,False,F260016320
3359,E17,06:07,06:15,06:55,False,F260016320
3360,E18,05:51,05:56,07:20,False,F260016320
3361,E18,08:16,08:29,,False,F260016320
3362,E20,05:51,05:58,07:21,False,F260016320
3363,E21,05:51,06:00,06:44,False,F260016320
3364,E22,06:07,06:16,07:09,False,F260016320
3365,E8,05:51,06:00,06:41,False,F260016320
3366,E9,05:51,05:56,08:23,False,F260016320
3367,L4,06:07,06:15,06:42,False,F260016320
3368,L6,05:51,06:02,07:04,False,F260016320
3369,L8,05:51,05:57,08:48,False,F260016320
3370,L9,05:51,06:02,06:49,False,F260016320
3371,M18,05:51,05:59,06:56,False,F260016320
3372,M44,05:51,06:04,06:41,False,F260016320
3373,MAR5,05:51,06:23,08:18,False,F260016320
3374,MAR5,09:35,,,False,F260016320
3375,R1,05:51,06:04,07:09,False,F260016320
3376,REHAB1,05:51,06:08,06:35,False,F260016320
3377,SAFT2,05:51,06:17,06:59,False,F260016320
3378,STAF10,05:51,06:03,07:06,False,F260016320
3379,E11,05:49,05:56,06:22,True,F260016319
3380,L13,05:49,05:55,06:22,False,F260016319
3381,E37,05:35,05:41,06:11,True,F260016318
3382,E18,05:33,05:35,05:36,True,F260016317
3383,E34,05:23,05:27,05:47,True,F260016315
3384,M10,05:23,,05:30,False,F260016315
3385,E2,05:19,05:24,05:24,True,F260016313
3386,A25,05:14,05:19,05:33,True,F260016312
3387,E6,04:58,05:01,05:15,True,F260016311
3388,E17,04:56,05:00,05:34,True,F260016310
3389,E32,04:39,04:43,05:13,True,F260016307
3390,E18,04:31,04:32,04:41,True,F260016305
3391,L8,04:31,04:33,04:35,False,F260016305
3392,M18,04:31,,04:35,False,F260016305
3393,E31,04:30,04:34,05:07,True,F260016304
3394,A2,04:29,04:41,04:56,True,F260016303
3395,E2,04:28,04:33,04:35,True,F260016302
3396,L4,04:28,04:33,04:35,False,F260016302
3397,E25,04:27,04:30,04:42,True,F260016301
3398,L8,04:09,04:16,04:30,True,F260016300
3399,A5,04:07,04:17,04:27,True,F260016299
3400,E2,04:04,04:09,04:16,True,F260016298
3401,L4,04:04,04:11,04:16,False,F260016298
3402,E33,03:55,03:58,04:19,True,F260016297
3403,E18,03:54,03:58,04:21,True,F260016296
3404,A2,03:47,03:52,04:11,True,F260016295
3405,E6,03:46,03:49,04:06,False,F260016294
3406,M1,03:46,03:54,03:56,True,F260016294
3407,E31,03:43,03:47,04:05,True,F260016293
3408,E2,03:40,03:45,04:03,True,F260016292
3409,E39,03:31,03:35,03:46,True,F260016291
3410,E32,03:30,03:34,03:53,False,F260016290
3411,M32,03:30,03:37,03:54,True,F260016290
3412,A25,03:18,03:24,03:53,True,F260016289
3413,E22,03:12,03:17,03:45,True,F260016288
3414,A10,03:07,03:11,03:38,True,F260016287
3415,E20,02:58,03:04,03:10,True,F260016286
3416,E17,02:39,02:47,03:02,True,F260016283
3417,E20,02:21,02:28,02:43,True,F260016280
3418,E39,02:14,02:19,02:33,True,F260016278
3419,A14,02:12,02:18,02:31,True,F260016277
3420,E28,02:10,02:17,02:36,True,F260016276
3421,E2,02:06,02:11,02:27,True,F260016274
3422,L4,02:06,02:11,02:27,False,F260016274
3423,E10,02:05,02:09,02:27,True,F260016273
3424,E2,01:45,01:49,02:01,True,F260016271
3425,L4,01:45,01:49,02:01,False,F260016271
3426,E29,01:30,01:36,02:12,True,F260016268
3427,E33,01:19,01:26,01:44,True,F260016267
3428,L12,01:19,01:28,01:42,False,F260016267
3429,E22,01:14,,01:16,True,F260016265
3430,E6,01:11,01:14,01:42,False,F260016264
3431,L3,01:11,,01:16,False,F260016264
3432,M10,01:11,01:18,02:04,True,F260016264
3433,L4,00:59,01:03,01:12,True,F260016261
3434,E31,00:27,,00:39,True,F260016260
3435,L5,00:27,,00:39,False,F260016260
3436,E10,00:21,00:25,00:29,True,F260016258
3437,L1,00:21,00:25,00:29,False,F260016258
3438,A5,00:16,00:19,00:41,True,F260016257
3439,A10,00:14,00:18,01:37,True,F260016256
3440,E10,00:34,00:36,01:10,False,F260016256
3441,M1,00:28,00:33,01:49,False,F260016256
3442,E24,00:06,00:19,00:39,True,F260016255
3443,A2,00:03,00:08,00:14,True,F260016253
3444,L10,00:08,00:12,00:26,True,F260016251
3445,L4,00:05,,00:08,False,F260016251
3446,B2,23:53,23:59,00:00,False,F260016249
3447,E5,23:53,23:57,00:18,True,F260016249
3448,L1,23:53,23:57,00:15,False,F260016249
3449,E33,23:53,23:57,00:09,True,F260016250
3450,M26,23:55,,23:57,False,F260016250
3451,M28,23:57,,00:00,False,F260016250
3452,E21,23:52,23:56,00:06,True,F260016247
3453,E25,23:48,23:53,00:14,True,F260016245
3454,L10,23:48,23:53,00:07,False,F260016245
3455,E30,23:47,23:51,00:03,False,F260016242
3456,E6,23:47,23:51,23:58,False,F260016242
3457,M28,23:47,,23:56,True,F260016242
3458,E40,23:44,23:48,23:56,True,F260016240
3459,E18,23:33,23:35,23:52,True,F260016238
3460,E29,23:26,23:31,00:00,True,F260016235
3461,A2,23:07,23:09,23:42,False,F260016233
3462,M1,23:07,23:16,00:06,True,F260016233
3463,E11,23:05,23:11,23:16,True,F260016232
3464,E40,23:01,23:06,23:27,True,F260016231
3465,E38,22:57,23:03,23:09,True,F260016230
3466,E39,22:55,23:00,23:06,True,F260016227
3467,A5,22:55,22:59,23:12,True,F260016228
3468,B2,22:53,23:00,23:05,False,F260016226
3469,E10,22:53,22:56,23:19,True,F260016226
3470,L1,22:53,22:56,23:21,False,F260016226
3471,A25,22:55,23:01,00:00,True,F260016225
3472,M10,23:10,23:18,00:01,False,F260016225
3473,A2,22:46,22:50,23:06,True,F260016224
3474,E21,22:34,22:39,22:41,False,F260016222
3475,E9,22:33,22:38,23:05,True,F260016222
3476,M18,22:34,22:40,23:03,False,F260016222
3477,E17,22:34,22:37,22:45,True,F260016221
3478,E30,22:25,22:28,22:43,True,F260016220
3479,E2,22:13,22:18,22:37,True,F260016218
3480,L4,22:13,22:18,22:37,False,F260016218
3481,L5,22:11,22:22,22:40,True,F260016217
3482,A25,22:11,22:22,22:33,True,F260016216
3483,A2,22:08,,22:13,True,F260016214
3484,A14,22:05,22:09,22:11,True,F260016210
3485,E29,21:57,22:00,22:30,False,F260016208
3486,M32,21:57,22:05,23:26,True,F260016208
3487,E18,21:49,21:51,21:57,True,F260016203
3488,E38,21:41,21:45,22:05,True,F260016198
3489,E39,21:38,21:43,22:00,True,F260016197
3490,A2,21:35,,21:38,True,F260016196
3491,E2,21:35,,21:38,False,F260016196
3492,M10,21:35,,21:38,False,F260016196
3493,E18,21:35,21:37,21:45,True,F260016195
3494,E28,21:17,21:20,21:41,True,F260016194
3495,A10,21:10,21:13,21:38,True,F260016190
3496,E25,21:09,21:12,21:27,True,F260016188
3497,L4,21:03,21:13,21:23,True,F260016187
3498,E31,20:49,20:53,21:09,True,F260016185
3499,L5,20:45,20:59,21:08,True,F260016184
3500,E41,20:44,20:44,20:48,True,F260016183
3501,A2,20:39,20:42,20:52,True,F260016181
3502,A5,20:28,20:38,20:57,False,F260016180
3503,M1,20:28,20:32,21:18,True,F260016180
3504,L9,20:23,20:38,20:38,True,F260016179
3505,E37,20:14,20:17,20:29,True,F260016178
3506,A2,20:07,20:11,20:16,True,F260016177
3507,A4,20:07,20:11,20:27,True,F260016175
3508,E40,20:06,20:11,20:22,False,F260016174
3509,M17,20:06,20:14,20:15,True,F260016174
3510,E30,20:04,20:06,20:15,True,F260016173
3511,L3,20:04,,20:09,False,F260016173
3512,A25,20:01,,20:14,True,F260016172
3513,A10,20:00,,20:01,True,F260016171
3514,A5,19:59,20:03,20:20,True,F260016170
3515,E5,20:02,,20:04,False,F260016170
3516,M10,20:02,,20:04,False,F260016170
3517,E6,19:57,20:01,20:26,True,F260016168
3518,M1,20:04,,20:06,False,F260016168
3519,M10,20:06,20:13,21:05,False,F260016168
3520,E38,19:42,19:45,20:11,True,F260016165
3521,M17,19:42,19:47,20:00,False,F260016165
3522,L12,19:29,19:34,19:54,True,F260016163
3523,A10,19:29,19:34,19:36,True,F260016162
3524,A25,19:25,19:30,19:46,True,F260016161
3525,E41,19:23,19:29,19:42,True,F260016160
3526,E8,19:19,19:25,19:48,True,F260016158
3527,A4,19:18,19:23,19:36,False,F260016156
3528,M1,19:18,,19:25,True,F260016156
3529,E24,19:11,19:14,19:37,False,F260016154
3530,M31,19:11,19:16,19:38,True,F260016154
3531,E20,19:09,19:13,19:34,True,F260016153
3532,E5,19:06,19:09,19:35,True,F260016152
3533,E11,19:02,19:08,19:23,True,F260016151
3534,E25,19:01,19:04,19:11,True,F260016149
3535,E32,18:58,19:02,19:22,True,F260016147
3536,E8,18:55,19:00,19:10,True,F260016146
3537,L6,18:56,,19:02,False,F260016146
3538,M18,18:56,,19:03,False,F260016146
3539,E35,18:54,18:57,19:22,True,F260016145
3540,E2,18:49,18:52,19:09,True,F260016144
3541,L4,18:49,18:52,19:07,False,F260016144
3542,E24,18:48,,18:51,True,F260016143
3543,A25,18:41,18:43,18:48,True,F260016142
3544,M10,18:41,,18:45,False,F260016142
3545,E8,18:36,18:39,18:46,True,F260016140
3546,L4,18:36,18:40,18:46,False,F260016140
3547,E6,18:28,18:33,18:53,False,F260016137
3548,M1,18:28,,18:38,True,F260016137
3549,A4,18:27,18:29,18:42,True,F260016136
3550,L6,18:24,18:28,18:48,True,F260016134
3551,E11,18:20,18:26,18:31,True,F260016132
3552,E13,18:21,18:24,18:37,True,F260016130
3553,E33,18:15,18:21,18:39,True,F260016129
3554,E8,18:09,18:13,18:27,True,F260016126
3555,L13,18:07,18:11,18:32,True,F260016125
3556,A2,18:02,18:06,18:22,True,F260016124
3557,E36,17:51,17:56,18:31,False,F260016120
3558,M32,17:51,17:58,18:25,True,F260016120
3559,E18,17:50,17:53,18:41,False,F260016119
3560,L6,17:50,,17:56,False,F260016119
3561,L8,17:56,17:59,18:39,True,F260016119
3562,A2,17:49,,17:51,False,F260016118
3563,A4,17:51,17:56,18:24,True,F260016118
3564,E29,17:41,17:44,18:26,True,F260016114
3565,B2,17:39,,17:43,True,F260016113
3566,L8,17:36,17:42,17:56,True,F260016109
3567,E33,17:35,17:37,17:43,True,F260016108
3568,A25,17:29,17:33,17:55,True,F260016105
3569,M10,17:31,17:39,17:55,False,F260016105
3570,E18,17:32,17:40,17:41,True,F260016104
3571,E8,17:15,17:19,17:49,True,F260016103
3572,E39,17:01,17:05,17:18,True,F260016102
3573,L5,17:01,17:08,17:10,False,F260016102
3574,A4,17:01,17:15,17:26,True,F260016101
3575,E9,16:51,16:56,17:05,True,F260016097
3576,L4,16:49,,16:59,True,F260016094
3577,L9,16:48,16:55,17:12,True,F260016093
3578,L13,16:47,16:54,17:01,True,F260016092
3579,E24,16:41,16:44,17:39,True,F260016091
3580,A25,16:59,17:06,17:17,True,F260016089
3581,E37,16:30,16:33,16:42,True,F260016088
3582,E34,16:30,16:34,17:04,True,F260016087
3583,A5,17:34,17:38,18:03,True,F260016085
3584,E10,16:24,16:26,16:42,True,F260016083
3585,E31,16:21,16:28,16:31,True,F260016082
3586,L5,16:21,16:27,16:31,False,F260016082
3587,A10,16:21,16:25,16:46,True,F260016080
3588,E40,16:16,16:18,16:47,True,F260016077
3589,A25,16:40,16:47,16:53,True,F260016078
3590,E2,16:12,16:15,16:22,True,F260016076
3591,L4,16:12,16:15,16:22,False,F260016076
3592,E38,16:11,16:18,16:26,True,F260016075
3593,A14,16:12,,16:20,False,F260016072
3594,A5,16:12,16:29,17:06,False,F260016072
3595,AIR10,16:12,16:41,17:34,False,F260016072
3596,B2,16:12,16:26,17:26,False,F260016072
3597,B5,16:12,16:20,18:28,False,F260016072
3598,DEP1,16:12,16:25,17:00,False,F260016072
3599,E13,16:12,16:19,17:20,False,F260016072
3600,E27,16:12,16:23,17:25,False,F260016072
3601,E28,16:06,16:09,16:11,False,F260016072
3602,E28,16:11,16:15,18:38,True,F260016072
3603,E30,16:15,16:16,18:28,False,F260016072
3604,E33,16:12,16:20,17:11,False,F260016072
3605,E6,16:12,16:19,17:14,False,F260016072
3606,L10,16:12,16:25,17:05,False,F260016072
3607,L12,16:06,,16:11,False,F260016072
3608,L12,16:12,16:15,18:39,False,F260016072
3609,L3,16:12,16:21,17:48,False,F260016072
3610,M28,16:12,16:17,16:58,False,F260016072
3611,M44,16:12,16:27,17:02,False,F260016072
3612,MAR5,16:12,16:53,18:04,False,F260016072
3613,MVU1,16:35,,17:00,False,F260016072
3614,PIO2,17:01,17:01,17:36,False,F260016072
3615,R1,16:12,16:28,17:13,False,F260016072
3616,REHAB1,16:12,,16:27,False,F260016072
3617,SAFT2,16:12,16:26,17:23,False,F260016072
3618,STAF10,16:12,16:26,17:20,False,F260016072
3619,E30,16:04,,16:12,True,F260016070
3620,E8,16:03,16:06,16:24,True,F260016068
3621,A31,16:04,,16:05,False,F260016067
3622,E31,16:03,,16:04,False,F260016067
3623,E31,16:05,16:05,16:12,True,F260016067
3624,E32,15:53,15:54,16:23,True,F260016066
3625,L11,15:52,,15:53,False,F260016066
3626,MIH,16:03,,16:06,False,F260016066
3627,A4,15:49,15:54,16:07,True,F260016065
3628,A25,15:44,15:48,16:02,True,F260016064
3629,E24,15:40,15:46,15:57,True,F260016062
3630,E37,15:35,15:41,16:00,True,F260016061
3631,E31,15:33,15:38,15:55,True,F260016060
3632,E21,15:30,15:34,16:04,True,F260016059
3633,E32,15:25,15:29,15:53,False,F260016057
3634,L11,15:53,,15:53,True,F260016057
3635,M1,15:26,15:40,16:54,False,F260016057
3636,E36,15:25,15:31,16:00,False,F260016058
3637,M10,15:25,15:39,16:24,True,F260016058
3638,L12,15:25,15:31,16:05,True,F260016056
3639,H98,15:21,15:41,17:10,True,F260016055
3640,E18,15:15,15:17,15:26,True,F260016054
3641,A31,15:14,15:20,15:56,True,F260016053
3642,E17,15:00,15:06,15:47,True,F260016050
3643,E40,14:50,14:54,15:18,True,F260016048
3644,E11,14:50,14:57,15:15,False,F260016047
3645,M32,14:50,15:00,16:14,True,F260016047
3646,A10,14:41,14:47,15:03,True,F260016045
3647,E39,14:42,14:46,14:58,True,F260016044
3648,L5,14:42,,14:48,False,F260016044
3649,E30,14:39,14:46,14:52,True,F260016043
3650,E6,14:34,14:38,14:49,True,F260016041
3651,L3,14:34,14:38,15:02,False,F260016041
3652,E17,14:18,14:23,14:32,True,F260016040
3653,E21,14:12,14:16,14:58,True,F260016036
3654,M18,14:26,14:34,15:42,False,F260016036
3655,E30,14:17,14:20,14:30,True,F260016034
3656,E5,14:10,14:13,14:19,True,F260016035
3657,A25,13:50,13:52,14:15,True,F260016030
3658,FAC,13:55,,13:55,False,F260016030
3659,E40,13:48,13:53,14:08,True,F260016029
3660,E18,13:45,13:48,13:56,True,F260016028
3661,E41,13:38,13:42,14:06,True,F260016025
3662,E25,13:35,13:38,13:44,True,F260016022
3663,A5,13:32,13:39,13:54,True,F260016018
3664,H98,13:30,14:07,14:31,True,F260016017
3665,E28,13:27,13:31,13:51,True,F260016015
3666,L12,13:27,13:41,13:50,False,F260016015
3667,A4,13:25,13:29,13:46,True,F260016014
3668,B5,13:44,,13:54,False,F260016012
3669,B7,13:43,,13:44,False,F260016012
3670,E29,13:43,13:49,14:14,True,F260016012
3671,L13,13:21,,13:23,True,F260016011
3672,E39,13:19,13:25,13:55,True,F260016010
3673,E18,13:09,,13:11,True,F260016008
3674,A25,13:07,13:11,13:47,True,F260016007
3675,M1,13:24,13:33,13:46,False,F260016007
3676,E35,13:05,13:10,13:29,True,F260016006
3677,E37,13:04,13:14,13:19,True,F260016004
3678,A10,12:59,13:03,13:25,True,F260016002
3679,E25,13:02,13:06,13:11,True,F260015999
3680,A31,12:57,13:00,13:18,True,F260016001
3681,A2,12:51,12:54,13:11,True,F260015998
3682,L8,12:49,12:54,13:57,True,F260015997
3683,E17,12:48,,12:50,False,F260015995
3684,L9,12:50,12:51,13:04,True,F260015995
3685,A4,12:40,12:44,13:05,True,F260015993
3686,E10,12:36,12:39,12:52,True,F260015991
3687,E13,12:37,12:42,13:07,True,F260015992
3688,A10,12:34,12:38,12:53,False,F260015987
3689,E6,12:34,12:37,13:00,False,F260015987
3690,H99,12:36,12:39,13:35,False,F260015987
3691,M10,12:34,12:53,13:04,True,F260015987
3692,E24,12:34,12:37,12:47,True,F260015986
3693,A5,12:32,12:34,13:02,True,F260015985
3694,A2,12:25,12:32,12:44,True,F260015982
3695,L13,12:20,12:24,12:56,True,F260015978
3696,A14,12:15,12:26,12:32,True,F260015977
3697,E13,12:15,12:15,12:18,False,F260015975
3698,L3,12:14,,12:15,True,F260015975
3699,E27,12:15,12:19,12:29,True,F260015974
3700,E21,12:11,12:19,12:31,True,F260015971
3701,A4,12:10,12:16,12:28,True,F260015970
3702,A31,12:03,12:07,12:20,True,F260015968
3703,E31,12:01,,12:03,False,F260015968
3704,E6,11:55,11:58,12:23,True,F260015966
3705,A31,11:54,,12:02,False,F260015963
3706,E39,11:54,11:57,12:32,False,F260015963
3707,M1,11:54,,11:55,False,F260015963
3708,M31,11:55,12:03,12:38,True,F260015963
3709,E13,11:54,11:57,12:14,True,F260015964
3710,E32,11:48,11:54,12:33,False,F260015962
3711,M28,11:48,12:03,12:29,True,F260015962
3712,E38,11:41,11:45,12:12,True,F260015960
3713,A25,11:38,11:44,11:48,True,F260015959
3714,H99,11:41,11:44,11:48,False,F260015959
3715,E6,11:31,11:36,11:41,True,F260015957
3716,L8,11:27,11:30,12:02,True,F260015956
3717,E31,11:23,11:27,11:55,True,F260015954
3718,E17,11:21,11:24,11:33,True,F260015953
3719,A10,11:22,,11:23,False,F260015951
3720,A10,11:25,11:26,12:01,False,F260015951
3721,E6,11:23,,11:25,False,F260015951
3722,M10,11:22,11:26,12:09,True,F260015951
3723,A5,11:18,11:21,11:44,True,F260015949
3724,A10,11:18,11:20,11:21,False,F260015948
3725,M10,11:18,,11:21,True,F260015948
3726,E39,11:16,11:20,11:48,True,F260015947
3727,L10,11:13,11:22,11:28,True,F260015945
3728,E6,11:08,11:14,11:22,True,F260015944
3729,E35,11:03,11:07,12:02,True,F260015942
3730,M32,11:27,11:40,12:55,False,F260015942
3731,EVENT12,10:59,11:04,,True,F260015939
3732,LUMEN-EMS,11:01,11:06,,False,F260015939
3733,E18,10:58,11:01,11:40,True,F260015940
3734,M17,11:08,11:21,12:13,False,F260015940
3735,M32,11:07,,11:08,False,F260015940
3736,E2,10:55,10:58,11:37,True,F260015937
3737,E8,10:52,10:59,11:13,True,F260015936
3738,L3,10:52,,10:58,False,F260015936
3739,L4,10:58,10:59,11:11,False,F260015936
3740,A25,10:51,10:57,11:28,True,F260015933
3741,L12,10:50,10:57,11:12,True,F260015934
3742,E9,10:51,10:55,11:35,False,F260015935
3743,M1,10:54,11:08,11:51,False,F260015935
3744,M32,10:51,,10:54,True,F260015935
3745,L4,10:47,10:49,10:56,True,F260015931
3746,E34,10:46,10:51,11:08,True,F260015930
3747,L10,10:46,10:49,11:02,False,F260015930
3748,B5,10:47,,11:03,False,F260015932
3749,E26,10:47,,11:03,False,F260015932
3750,E27,10:47,,11:03,True,F260015932
3751,E33,10:47,,11:03,False,F260015932
3752,A2,10:44,10:51,11:07,True,F260015929
3753,E28,10:42,10:47,11:21,True,F260015925
3754,M28,10:44,10:54,11:21,False,F260015925
3755,E11,10:39,10:42,10:51,True,F260015919
3756,E35,10:36,10:40,10:49,True,F260015918
3757,A4,10:34,10:40,10:53,False,F260015916
3758,B4,10:34,10:42,10:48,False,F260015916
3759,E2,10:34,10:38,10:54,True,F260015916
3760,M10,10:35,10:45,11:17,False,F260015916
3761,M28,10:34,,10:35,False,F260015916
3762,M44,10:34,10:43,10:50,False,F260015916
3763,H99,10:36,10:36,10:38,False,F260015915
3764,L1,10:30,10:36,10:40,True,F260015915
3765,E17,10:30,10:35,10:55,True,F260015911
3766,A10,10:18,10:22,10:48,True,F260015909
3767,E13,10:17,10:21,10:22,True,F260015908
3768,L1,10:17,10:19,10:22,False,F260015908
3769,A31,10:15,10:24,10:41,True,F260015905
3770,A25,10:14,10:17,10:28,True,F260015903
3771,E18,10:14,,10:15,False,F260015904
3772,E9,10:15,10:20,10:50,False,F260015904
3773,M31,10:14,10:25,11:54,True,F260015904
3774,E10,10:10,10:17,10:25,True,F260015900
3775,L10,10:10,10:19,10:21,False,F260015900
3776,E2,10:09,10:14,10:18,True,F260015899
3777,L4,10:09,,10:13,False,F260015899
3778,A5,10:07,10:19,11:03,True,F260015898
3779,MIH,10:18,,10:24,False,F260015898
3780,E37,09:57,10:00,10:28,True,F260015894
3781,A10,09:46,09:50,10:13,True,F260015891
3782,A25,09:44,09:47,10:05,False,F260015890
3783,E25,09:43,,09:44,True,F260015890
3784,E29,09:41,09:52,10:04,True,F260015888
3785,E31,09:41,09:45,09:51,True,F260015889
3786,L5,09:41,,09:48,False,F260015889
3787,E18,09:39,09:41,10:08,False,F260015886
3788,M17,09:39,09:50,11:07,True,F260015886
3789,E8,09:35,09:38,10:00,True,F260015884
3790,E17,09:23,09:26,09:50,True,F260015879
3791,E32,09:21,09:23,10:17,True,F260015878
3792,L11,09:21,09:26,10:05,False,F260015878
3793,M1,09:21,09:39,10:52,False,F260015878
3794,E10,09:17,09:21,09:24,True,F260015877
3795,L3,09:17,09:21,09:25,False,F260015877
3796,A5,09:09,09:13,09:30,True,F260015876
3797,A4,09:11,09:16,09:39,True,F260015875
3798,L6,09:07,09:07,09:11,False,F260015875
3799,E24,09:05,09:10,09:28,True,F260015874
3800,E11,09:03,09:07,09:35,True,F260015873
3801,M32,09:09,09:17,10:34,False,F260015873
3802,E8,09:00,09:04,09:26,False,F260015872
3803,L6,09:00,09:05,09:05,False,F260015872
3804,M17,09:04,,09:07,False,F260015872
3805,M32,09:00,,09:04,True,F260015872
3806,E6,08:59,09:00,09:24,False,F260015871
3807,L3,08:58,,09:00,True,F260015871
3808,E29,08:51,08:55,09:27,True,F260015868
3809,E22,08:49,08:53,09:38,True,F260015867
3810,A2,08:50,08:54,09:12,True,F260015866
3811,E16,08:40,08:46,09:28,True,F260015865
3812,M31,08:54,09:01,10:09,False,F260015865
3813,E39,08:35,08:40,09:02,True,F260015863
3814,E6,08:26,08:30,08:58,False,F260015859
3815,M1,08:26,08:36,09:12,True,F260015859
3816,L13,08:27,08:30,08:37,True,F260015860
3817,E20,08:19,08:26,08:33,True,F260015856
3818,L6,08:19,08:28,08:28,False,F260015856
3819,E30,08:19,08:22,08:33,True,F260015855
3820,E33,08:10,08:13,08:21,True,F260015851
3821,E9,08:09,08:16,08:31,True,F260015850
3822,E37,08:06,08:09,08:49,True,F260015849
3823,E32,08:05,,08:07,True,F260015848
3824,E18,07:58,08:01,08:56,True,F260015845
3825,L8,07:58,,08:01,False,F260015845
3826,L8,08:03,08:04,08:43,False,F260015845
3827,M17,07:58,,08:01,False,F260015845
3828,M17,08:03,08:15,09:02,False,F260015845
3829,A25,07:40,07:48,07:50,True,F260015842
3830,E37,07:37,07:39,08:02,False,F260015841
3831,L13,07:36,,07:38,True,F260015841
3832,E30,07:32,07:35,07:44,True,F260015839
3833,E21,07:23,07:28,07:52,True,F260015837
3834,A10,07:19,07:22,07:54,True,F260015835
3835,E34,07:17,07:22,07:31,True,F260015832
3836,E11,07:17,07:21,07:26,True,F260015833
3837,L10,07:21,07:27,07:33,True,F260015831
3838,E37,07:02,07:06,07:34,False,F260015828
3839,L13,07:02,07:06,07:21,False,F260015828
3840,M10,07:02,,07:05,True,F260015828
3841,M26,07:04,,07:08,False,F260015828
3842,A5,07:00,07:04,07:50,True,F260015826
3843,E10,06:58,07:01,07:14,True,F260015825
3844,A10,06:57,07:00,07:08,True,F260015824
3845,E2,06:55,07:02,07:27,True,F260015823
3846,E24,06:52,06:56,07:23,True,F260015822
3847,E25,06:47,06:51,07:34,True,F260015820
3848,E30,06:43,06:45,07:11,True,F260015819
3849,L4,06:44,06:47,07:01,True,F260015818
3850,A25,06:30,06:32,07:13,True,F260015812
3851,A2,06:15,06:22,07:09,True,F260015808
3852,E11,06:11,06:17,07:06,False,F260015805
3853,M26,06:11,06:19,07:03,True,F260015805
3854,E22,06:12,06:20,07:03,True,F260015806
3855,M17,06:22,06:34,07:47,False,F260015806
3856,E32,06:09,06:12,06:49,True,F260015803
3857,M32,06:09,06:16,07:23,False,F260015803
3858,A5,06:03,06:09,06:43,True,F260015802
3859,A25,05:56,05:58,06:20,True,F260015801
3860,E25,05:55,,05:56,False,F260015801
3861,A25,05:41,05:45,05:53,True,F260015797
3862,E32,05:37,05:40,06:00,True,F260015796
3863,E5,05:34,05:38,05:56,True,F260015795
3864,E16,05:31,05:37,05:44,True,F260015792
3865,E2,05:06,05:11,05:27,True,F260015788
3866,L4,05:06,05:11,05:27,False,F260015788
3867,B2,05:03,05:08,05:25,False,F260015786
3868,E10,05:03,05:08,05:48,True,F260015786
3869,L1,05:03,05:08,05:47,False,F260015786
3870,E28,04:57,05:02,05:06,True,F260015785
3871,E6,04:56,05:04,05:30,True,F260015784
3872,E13,04:52,04:55,05:00,True,F260015783
3873,E17,04:03,04:07,04:14,True,F260015778
3874,E8,03:42,03:48,04:07,True,F260015775
3875,A10,03:35,03:40,03:53,True,F260015773
3876,E37,03:32,03:38,04:10,True,F260015772
3877,E13,03:47,03:54,04:33,False,F260015770
3878,E30,03:36,03:40,05:10,False,F260015770
3879,E41,03:26,03:31,03:36,False,F260015770
3880,M18,03:27,,03:35,False,F260015770
3881,M28,03:36,03:43,05:38,True,F260015770
3882,E35,03:23,03:26,03:39,True,F260015769
3883,E2,03:09,03:11,03:41,True,F260015766
3884,E28,03:06,03:10,03:17,True,F260015765
3885,E25,03:00,03:04,03:24,True,F260015764
3886,A25,02:52,02:55,03:29,True,F260015763
3887,M1,03:02,03:09,04:04,False,F260015763
3888,A2,02:47,02:52,03:05,False,F260015762
3889,M10,02:47,,02:57,True,F260015762
3890,E29,02:44,02:55,03:08,True,F260015760
3891,M32,02:46,02:53,02:56,False,F260015760
3892,E24,02:41,02:45,02:56,True,F260015759
3893,E28,02:38,02:44,02:53,True,F260015758
3894,A14,02:29,02:32,02:45,True,F260015755
3895,E39,02:24,02:30,02:48,True,F260015754
3896,E2,02:09,02:13,02:28,True,F260015752
3897,L4,02:09,02:13,02:14,False,F260015752
3898,L9,01:59,02:06,02:12,True,F260015749
3899,E24,01:59,02:06,02:14,True,F260015750
3900,A25,01:53,01:58,02:09,True,F260015748
3901,E6,01:35,01:39,02:06,True,F260015747
3902,A5,01:28,01:34,02:03,True,F260015746
3903,A10,01:17,01:21,01:34,True,F260015745
3904,A2,00:41,00:44,00:55,True,F260015738
3905,A5,00:36,00:41,01:06,True,F260015735
3906,E25,00:37,00:40,01:10,True,F260015736
3907,L10,00:37,00:40,01:15,False,F260015736
3908,E24,00:20,00:26,00:50,True,F260015734
3909,E21,00:18,00:23,00:32,True,F260015731
3910,E35,00:14,00:18,00:55,True,F260015730
3911,M18,00:15,,00:20,False,F260015730
3912,A10,00:14,00:17,00:28,True,F260015729
3913,E40,00:13,00:17,00:23,True,F260015728
3914,A5,23:59,00:03,00:19,True,F260015726
3915,E2,23:52,23:58,00:48,True,F260015723
3916,L4,23:52,23:57,00:47,False,F260015723
3917,A2,23:52,23:56,00:35,True,F260015724
3918,M1,00:02,00:09,00:38,False,F260015724
3919,E28,23:41,23:46,00:02,True,F260015721
3920,E20,23:27,23:29,23:56,True,F260015720
3921,E17,23:24,23:28,23:53,False,F260015718
3922,M17,23:24,23:30,00:30,True,F260015718
3923,E39,23:26,23:32,23:55,True,F260015719
3924,A10,23:21,23:26,23:36,True,F260015717
3925,E32,23:17,23:20,23:28,True,F260015715
3926,M32,23:18,,23:23,False,F260015715
3927,E31,23:18,,23:21,False,F260015714
3928,M31,23:18,,23:21,True,F260015714
3929,A2,23:00,23:03,23:20,True,F260015712
3930,A5,22:59,23:04,23:29,True,F260015711
3931,E2,22:51,22:55,23:03,True,F260015709
3932,L4,22:51,22:55,22:58,False,F260015709
3933,E37,22:46,22:50,22:56,True,F260015707
3934,E2,22:29,22:34,22:42,True,F260015706
3935,E29,22:21,22:27,22:34,True,F260015704
3936,A14,22:11,22:13,22:32,False,F260015702
3937,M32,22:11,22:19,22:30,True,F260015702
3938,E34,22:11,22:16,22:23,True,F260015703
3939,E28,22:09,22:12,22:20,True,F260015701
3940,E25,22:04,22:06,22:12,True,F260015699
3941,L8,21:53,22:00,22:07,True,F260015695
3942,E31,21:51,22:03,22:04,True,F260015694
3943,E20,21:47,21:51,22:03,True,F260015693
3944,E9,21:47,21:51,21:58,True,F260015692
3945,E5,21:42,21:42,21:55,True,F260015690
3946,E5,21:55,21:57,22:32,True,F260015689
3947,A10,21:39,21:41,22:27,True,F260015688
3948,E21,21:37,21:41,21:45,True,F260015687
3949,E13,21:37,21:42,22:02,True,F260015686
3950,L13,21:34,21:44,22:09,True,F260015685
3951,E6,21:28,21:33,21:52,True,F260015682
3952,E9,21:35,21:37,21:44,True,F260015681
3953,A5,21:20,21:25,21:58,False,F260015680
3954,M10,21:20,21:35,22:26,True,F260015680
3955,E24,21:10,21:13,21:20,True,F260015677
3956,E9,21:06,21:09,21:34,False,F260015676
3957,M18,21:06,21:13,22:16,True,F260015676
3958,E10,21:04,,21:05,True,F260015674
3959,L4,21:04,,21:05,False,F260015674
3960,B2,21:02,21:07,21:18,False,F260015673
3961,E5,21:02,21:05,21:42,True,F260015673
3962,L1,21:02,21:06,21:31,False,F260015673
3963,E16,21:16,21:20,21:33,True,F260015672
3964,A10,20:59,21:01,21:18,False,F260015671
3965,M1,20:59,,21:01,True,F260015671
3966,E25,20:48,20:50,21:10,True,F260015669
3967,L10,20:47,,20:48,False,F260015669
3968,A5,20:34,20:46,20:58,True,F260015667
3969,A10,20:32,20:35,20:47,False,F260015663
3970,E5,20:32,20:35,20:50,False,F260015663
3971,M10,20:32,20:38,20:50,True,F260015663
3972,A25,20:31,20:53,20:55,True,F260015664
3973,E25,20:29,20:34,20:45,True,F260015661
3974,L10,20:29,20:34,20:45,False,F260015661
3975,A4,20:29,20:34,20:53,True,F260015662
3976,E18,20:27,20:27,21:08,True,F260015660
3977,E32,20:26,20:31,20:44,False,F260015659
3978,M32,20:26,20:31,20:33,True,F260015659
3979,E16,20:21,20:25,20:47,True,F260015658
3980,E2,20:15,20:38,20:38,True,F260015657
3981,L4,20:15,20:18,20:39,False,F260015657
3982,E13,20:05,20:07,20:15,True,F260015652
3983,A4,20:00,20:03,20:29,True,F260015648
3984,A5,19:53,19:56,20:10,True,F260015646
3985,A2,19:52,19:56,20:19,True,F260015645
3986,A4,19:43,19:49,19:58,False,F260015639
3987,E2,19:43,19:46,19:49,False,F260015639
3988,M1,19:43,,19:49,True,F260015639
3989,E13,19:40,19:49,19:56,True,F260015638
3990,L11,19:38,19:45,20:04,True,F260015637
3991,E17,19:35,19:41,19:55,True,F260015635
3992,A10,19:30,19:38,19:50,True,F260015634
3993,E30,19:26,19:27,19:55,True,F260015633
3994,M28,19:35,19:39,19:59,False,F260015633
3995,E6,20:12,20:15,20:37,True,F260015631
3996,E29,19:21,19:28,19:43,True,F260015632
3997,E36,19:24,19:30,19:54,True,F260015630
3998,L5,19:15,19:24,19:39,True,F260015629
3999,E32,19:13,19:18,19:40,False,F260015628
4000,M17,19:13,,19:15,False,F260015628
4001,M32,19:15,,19:20,True,F260015628
4002,A4,19:03,19:08,19:22,False,F260015624
4003,M10,19:03,19:09,19:52,True,F260015624
4004,E11,18:58,19:03,19:19,True,F260015621
4005,A25,18:57,19:00,19:14,True,F260015620
4006,L5,18:48,18:55,19:06,True,F260015619
4007,A31,18:36,18:39,19:02,True,F260015618
4008,A14,18:56,,18:58,False,F260015616
4009,L10,18:33,18:35,19:35,True,F260015616
4010,L4,18:31,,18:33,False,F260015616
4011,R1,18:53,19:08,19:35,False,F260015616
4012,E24,18:29,18:33,19:20,False,F260015615
4013,M31,18:29,18:34,18:36,True,F260015615
4014,E30,18:30,18:31,19:24,False,F260015614
4015,E6,18:24,18:29,18:30,True,F260015614
4016,M1,18:43,18:50,19:42,False,F260015614
4017,A5,18:24,18:27,18:56,True,F260015613
4018,A2,21:31,21:37,21:40,True,F260015612
4019,L10,18:20,18:26,18:33,True,F260015611
4020,A10,18:14,18:18,18:50,True,F260015609
4021,E10,18:12,18:15,18:23,True,F260015608
4022,L1,18:14,,18:15,False,F260015608
4023,L3,18:12,,18:14,False,F260015608
4024,L12,18:11,18:17,18:46,False,F260015607
4025,M26,18:11,18:21,19:28,True,F260015607
4026,M28,18:11,,18:11,False,F260015607
4027,A2,18:07,18:09,18:42,False,F260015602
4028,E2,18:07,18:10,18:35,False,F260015602
4029,M10,18:07,18:13,18:36,True,F260015602
4030,E30,18:08,18:11,18:30,True,F260015604
4031,E28,18:08,18:13,18:50,False,F260015605
4032,M26,18:08,,18:11,False,F260015605
4033,M28,18:11,18:19,19:35,True,F260015605
4034,E27,18:02,18:06,18:27,True,F260015600
4035,L1,18:02,,18:07,False,F260015600
4036,E29,18:00,18:06,18:23,True,F260015599
4037,M32,18:01,18:10,19:14,False,F260015599
4038,A5,17:59,,18:00,False,F260015598
4039,E10,17:57,,17:59,False,F260015598
4040,E5,17:57,18:00,18:17,True,F260015598
4041,H99,18:00,18:03,18:25,False,F260015598
4042,M10,17:57,,18:00,False,F260015598
4043,L5,17:49,17:51,18:04,True,F260015596
4044,E16,17:47,17:53,18:11,True,F260015594
4045,A25,17:44,17:48,18:01,True,F260015592
4046,E18,17:41,17:45,18:01,True,F260015591
4047,E30,17:37,17:38,17:56,True,F260015589
4048,E2,20:05,20:08,20:13,True,F260015587
4049,A2,17:33,17:36,17:38,True,F260015588
4050,A10,17:30,17:32,17:48,True,F260015585
4051,A2,17:25,,17:26,False,F260015584
4052,A4,17:26,17:45,18:08,True,F260015584
4053,E2,17:22,17:37,17:56,True,F260015582
4054,E25,17:21,17:24,17:38,True,F260015583
4055,E6,17:21,17:27,17:59,True,F260015581
4056,M1,17:33,17:36,17:48,False,F260015581
4057,A25,17:14,17:19,17:29,True,F260015578
4058,MIH,17:23,,17:25,False,F260015578
4059,E32,17:11,17:15,17:46,True,F260015576
4060,E18,17:07,17:11,17:18,True,F260015573
4061,L8,17:07,17:11,17:15,False,F260015573
4062,A5,17:08,17:12,17:30,True,F260015574
4063,E30,17:08,17:10,17:36,False,F260015575
4064,M1,17:08,,17:09,False,F260015575
4065,M28,17:09,17:13,18:10,True,F260015575
4066,A14,17:07,,17:07,True,F260015571
4067,B6,17:07,17:12,17:43,False,F260015571
4068,E31,17:07,17:14,17:43,False,F260015571
4069,L5,17:14,17:22,17:41,False,F260015571
4070,M31,17:07,17:11,17:33,False,F260015571
4071,R1,17:07,17:28,17:33,False,F260015571
4072,A4,16:56,17:02,17:16,True,F260015568
4073,E24,16:51,16:54,17:17,True,F260015567
4074,A10,16:45,16:49,17:21,True,F260015566
4075,L3,17:14,,17:14,False,F260015566
4076,A31,16:32,16:36,16:47,True,F260015564
4077,E16,16:30,16:35,16:48,True,F260015562
4078,H1,16:28,16:52,17:45,True,F260015561
4079,L3,16:23,16:35,16:47,True,F260015560
4080,L4,16:20,16:29,16:49,True,F260015558
4081,E13,16:16,16:19,17:00,False,F260015557
4082,M26,16:16,16:28,16:58,True,F260015557
4083,A5,16:15,16:20,16:37,True,F260015556
4084,H1,16:15,16:22,16:25,True,F260015555
4085,E35,16:13,16:15,16:17,True,F260015554
4086,E30,16:10,16:13,16:19,True,F260015553
4087,L9,16:09,16:13,16:32,False,F260015552
4088,M18,16:09,16:21,17:05,True,F260015552
4089,A4,16:06,16:12,16:32,True,F260015550
4090,E17,16:06,16:07,16:33,True,F260015549
4091,L9,16:05,,16:06,False,F260015549
4092,M17,16:05,16:23,16:57,False,F260015549
4093,E9,16:02,16:06,16:21,True,F260015548
4094,E6,15:59,16:03,16:22,True,F260015547
4095,E13,15:54,,16:02,False,F260015544
4096,E13,16:07,16:12,16:12,True,F260015544
4097,L12,16:20,16:26,16:42,True,F260015543
4098,E17,15:47,15:51,16:06,True,F260015542
4099,E13,15:47,,15:52,True,F260015541
4100,L12,15:47,15:52,15:56,False,F260015541
4101,A10,15:44,15:47,16:09,True,F260015539
4102,E28,15:44,15:51,17:17,True,F260015538
4103,M28,15:54,16:00,17:08,False,F260015538
4104,A2,15:34,15:38,16:10,True,F260015537
4105,MIH,15:47,16:25,16:25,False,F260015537
4106,E30,15:33,15:36,16:05,False,F260015536
4107,M10,15:33,15:39,16:31,True,F260015536
4108,A4,15:24,15:30,15:45,True,F260015532
4109,E21,15:20,15:23,16:19,True,F260015531
4110,E35,15:24,15:35,15:57,False,F260015531
4111,M31,15:24,15:35,17:02,False,F260015531
4112,E11,15:18,,15:25,True,F260015530
4113,E16,15:15,15:19,15:47,True,F260015529
4114,E17,15:06,15:09,15:28,True,F260015527
4115,E5,14:56,15:00,15:02,True,F260015523
4116,L1,14:56,15:00,15:07,False,F260015523
4117,E6,14:55,14:58,15:27,False,F260015522
4118,M1,14:55,15:00,15:34,True,F260015522
4119,E16,14:54,,14:59,False,F260015521
4120,E21,14:54,14:58,15:14,False,F260015521
4121,H99,15:00,15:08,15:19,False,F260015521
4122,M31,14:54,14:59,15:13,True,F260015521
4123,E13,14:52,14:55,15:04,True,F260015520
4124,E22,14:46,14:58,14:58,True,F260015518
4125,E5,14:37,14:48,14:53,True,F260015515
4126,L10,14:37,,14:40,False,F260015515
4127,E13,14:33,14:37,14:40,True,F260015513
4128,E38,14:35,14:40,14:48,True,F260015511
4129,A4,14:27,,14:30,True,F260015509
4130,E25,14:26,14:30,14:49,True,F260015508
4131,M10,14:29,14:34,15:18,False,F260015508
4132,M31,14:26,,14:29,False,F260015508
4133,A5,14:25,14:27,14:48,True,F260015504
4134,A25,14:08,14:12,14:34,True,F260015500
4135,M1,14:09,14:14,14:42,False,F260015500
4136,E18,14:16,14:19,14:30,True,F260015499
4137,E16,13:56,,14:01,False,F260015498
4138,E17,13:54,13:54,14:24,True,F260015498
4139,M17,13:55,13:58,14:49,False,F260015498
4140,M44,13:57,14:07,14:30,False,F260015498
4141,A10,13:53,13:57,14:15,True,F260015497
4142,E24,13:48,13:52,14:23,True,F260015496
4143,H1,13:44,14:25,16:08,True,F260015495
4144,E34,13:43,13:47,14:11,True,F260015494
4145,E32,13:39,13:40,13:53,True,F260015490
4146,L11,13:37,,13:39,False,F260015490
4147,A5,13:32,13:37,14:13,False,F260015488
4148,M10,13:32,13:38,14:28,True,F260015488
4149,E40,13:23,13:26,13:47,True,F260015487
4150,E34,13:12,13:16,13:17,True,F260015484
4151,A10,13:06,13:10,13:36,True,F260015483
4152,E13,13:02,13:09,13:11,True,F260015482
4153,E6,13:03,13:06,13:16,True,F260015481
4154,H99,13:07,,13:11,False,F260015481
4155,A5,12:55,12:58,13:11,True,F260015478
4156,E38,12:54,12:59,13:28,True,F260015479
4157,E40,12:52,12:57,13:17,True,F260015477
4158,E30,12:42,12:50,13:10,True,F260015473
4159,M1,12:45,12:52,13:12,False,F260015473
4160,M10,12:44,,12:45,False,F260015473
4161,A31,12:37,12:40,12:55,True,F260015471
4162,E13,12:25,12:29,12:54,False,F260015469
4163,M28,12:25,12:33,14:05,True,F260015469
4164,A10,12:11,12:13,12:23,True,F260015466
4165,E24,12:07,12:11,12:37,False,F260015465
4166,M17,12:07,,12:17,True,F260015465
4167,L1,12:05,12:17,12:25,True,F260015464
4168,A4,12:03,12:07,12:22,True,F260015463
4169,E28,12:03,12:08,12:21,True,F260015462
4170,E8,12:01,12:06,12:17,True,F260015461
4171,L4,12:01,12:04,12:19,False,F260015461
4172,E31,11:55,12:02,12:05,True,F260015458
4173,A5,11:53,11:56,12:16,True,F260015457
4174,A25,11:50,11:55,11:55,True,F260015456
4175,A10,11:44,,11:47,False,F260015454
4176,E13,11:47,11:50,11:50,True,F260015454
4177,E35,11:44,11:51,12:16,True,F260015453
4178,L8,11:44,11:50,12:12,False,F260015453
4179,E2,11:40,11:44,12:04,True,F260015451
4180,E10,11:39,11:45,12:16,True,F260015449
4181,L4,11:39,,11:45,False,F260015449
4182,A10,11:47,,11:47,False,F260015450
4183,A14,11:39,,11:41,True,F260015450
4184,B2,11:39,11:43,12:13,False,F260015450
4185,B5,11:39,,11:47,False,F260015450
4186,E13,11:39,11:43,11:47,False,F260015450
4187,L1,11:41,11:44,11:47,False,F260015450
4188,L3,11:39,,11:43,False,F260015450
4189,M10,11:42,,11:46,False,F260015450
4190,M32,11:39,,11:42,False,F260015450
4191,M44,11:39,11:45,11:47,False,F260015450
4192,R1,11:39,11:44,12:13,False,F260015450
4193,SAFT2,11:39,11:43,11:47,False,F260015450
4194,E27,11:37,11:44,11:58,True,F260015448
4195,E6,11:35,11:41,12:15,True,F260015446
4196,E9,11:34,11:37,11:46,False,F260015447
4197,E9,12:36,12:39,12:42,True,F260015447
4198,E35,11:25,11:28,11:39,False,F260015443
4199,M18,11:25,,11:29,True,F260015443
4200,E17,11:23,11:26,11:28,True,F260015442
4201,E18,11:21,11:27,12:02,True,F260015440
4202,E9,11:20,,11:21,False,F260015440
4203,A4,11:18,11:22,11:44,True,F260015439
4204,L4,11:17,,11:18,False,F260015439
4205,A25,11:16,11:21,11:38,False,F260015437
4206,M10,11:16,11:23,11:40,True,F260015437
4207,A5,11:14,,11:19,True,F260015436
4208,H99,11:17,,11:19,False,F260015436
4209,E29,11:05,11:08,11:48,False,F260015435
4210,M32,11:05,11:09,11:30,True,F260015435
4211,E39,10:55,11:01,11:26,True,F260015432
4212,M31,10:56,11:04,12:07,False,F260015432
4213,EVENT12,10:52,10:52,,True,F260015431
4214,E8,10:50,10:52,10:56,True,F260015430
4215,E32,10:46,10:53,11:29,True,F260015428
4216,H98,10:40,10:42,11:19,True,F260015426
4217,E2,10:40,10:44,10:57,True,F260015425
4218,E37,10:28,10:32,10:57,False,F260015424
4219,M32,10:28,,10:34,True,F260015424
4220,A31,10:24,10:28,10:38,True,F260015422
4221,A2,10:17,10:31,10:50,True,F260015420
4222,E20,10:16,10:23,10:58,True,F260015419
4223,A10,10:12,10:14,10:26,False,F260015418
4224,E10,10:12,10:14,10:28,False,F260015418
4225,H99,10:27,10:27,10:42,False,F260015418
4226,M10,10:12,10:13,10:26,True,F260015418
4227,A4,10:10,10:16,10:34,True,F260015417
4228,L12,10:03,10:06,10:37,True,F260015415
4229,E28,09:47,09:49,10:04,True,F260015414
4230,A14,09:46,,09:47,False,F260015412
4231,E13,09:44,09:50,10:09,False,F260015412
4232,H99,09:48,09:55,09:55,False,F260015412
4233,M28,09:44,,09:47,True,F260015412
4234,R1,09:44,,09:46,False,F260015412
4235,E5,09:41,09:46,09:57,True,F260015411
4236,L4,09:41,09:46,09:56,False,F260015411
4237,E2,09:38,09:42,09:55,True,F260015410
4238,L1,09:38,,09:43,False,F260015410
4239,E8,09:33,09:38,09:49,True,F260015409
4240,L11,09:31,09:34,09:49,True,F260015406
4241,E27,09:32,09:36,10:03,False,F260015407
4242,M26,09:32,09:40,10:45,True,F260015407
4243,A5,09:21,09:24,09:44,True,F260015404
4244,E39,09:17,09:21,09:43,True,F260015403
4245,M1,09:21,,09:23,False,F260015403
4246,M10,09:17,,09:21,False,F260015403
4247,MIH,09:28,,09:29,False,F260015403
4248,E17,09:01,09:05,09:13,True,F260015400
4249,L9,09:01,09:05,09:13,False,F260015400
4250,E37,08:58,09:04,09:16,True,F260015396
4251,E9,08:54,08:59,09:01,True,F260015395
4252,E26,08:53,08:59,09:14,True,F260015394
4253,L5,08:44,08:50,09:02,True,F260015393
4254,E31,08:40,08:45,09:24,True,F260015392
4255,M1,08:49,09:05,09:21,False,F260015392
4256,A25,08:39,08:42,08:57,True,F260015390
4257,E39,08:39,08:45,09:02,True,F260015391
4258,E35,08:33,08:37,09:21,False,F260015389
4259,M18,08:33,08:45,09:19,True,F260015389
4260,E33,08:33,08:39,08:56,True,F260015387
4261,E21,08:30,08:33,09:11,True,F260015386
4262,M31,08:40,08:48,09:44,False,F260015386
4263,E28,08:26,08:31,08:35,True,F260015385
4264,M26,08:26,,08:30,False,F260015385
4265,M28,08:30,,08:35,False,F260015385
4266,E24,08:18,08:23,08:28,True,F260015384
4267,L5,08:18,08:24,08:25,False,F260015384
4268,E29,08:10,08:14,08:21,False,F260015382
4269,L11,08:10,08:18,08:21,True,F260015382
4270,E20,08:08,08:12,08:40,True,F260015381
4271,E11,08:03,08:07,08:25,False,F260015380
4272,L13,08:01,08:06,08:30,True,F260015380
4273,M32,08:03,08:09,09:05,False,F260015380
4274,E37,07:58,08:04,08:20,True,F260015379
4275,A5,07:38,07:40,08:08,True,F260015376
4276,E2,07:30,07:34,07:58,False,F260015374
4277,L4,07:30,07:34,07:58,True,F260015374
4278,A25,07:25,07:29,07:32,True,F260015372
4279,A10,07:13,07:17,08:00,True,F260015369
4280,E2,07:10,07:16,07:21,True,F260015368
4281,E29,07:08,07:14,07:54,True,F260015367
4282,A2,07:07,07:09,07:10,False,F260015366
4283,E2,07:05,,07:07,False,F260015366
4284,E5,07:05,07:09,07:27,False,F260015366
4285,M10,07:05,,07:11,True,F260015366
4286,E30,07:04,07:09,07:42,True,F260015365
4287,M28,07:15,07:22,08:30,False,F260015365
4288,E25,07:01,07:05,07:09,True,F260015364
4289,E35,06:50,06:55,07:11,True,F260015362
4290,E28,06:49,06:49,07:26,True,F260015361
4291,L12,06:48,,06:49,False,F260015361
4292,A25,06:47,06:56,07:02,False,F260015359
4293,E34,06:47,06:54,07:07,False,F260015359
4294,M17,06:47,06:59,07:01,True,F260015359
4295,A5,06:38,06:44,07:30,False,F260015358
4296,M1,06:38,06:45,06:54,True,F260015358
4297,E41,06:36,06:39,07:06,True,F260015356
4298,L8,06:36,06:51,06:53,False,F260015356
4299,L12,06:35,06:38,06:41,True,F260015354
4300,E28,06:32,06:37,06:48,True,F260015353
4301,E18,06:22,06:25,07:05,True,F260015352
4302,E8,06:21,06:26,06:59,True,F260015351
4303,A10,06:19,06:21,07:01,True,F260015350
4304,L3,06:17,06:26,06:31,True,F260015349
4305,E22,06:05,06:10,06:52,True,F260015346
4306,A10,06:03,06:06,06:11,True,F260015345
4307,E21,05:32,05:36,05:59,True,F260015344
4308,E39,05:21,05:26,05:39,True,F260015341
4309,E30,05:21,05:25,05:31,True,F260015340
4310,E26,05:19,05:23,05:43,True,F260015339
4311,A25,05:15,05:19,05:36,True,F260015338
4312,E33,05:10,05:14,05:21,True,F260015337
4313,A2,05:27,05:35,06:20,True,F260015336
4314,E13,05:00,05:05,05:13,False,F260015332
4315,E6,05:00,,05:06,False,F260015332
4316,M10,05:00,,05:06,True,F260015332
4317,E11,04:52,05:11,05:13,True,F260015330
4318,E28,04:50,04:54,05:15,True,F260015329
4319,A14,04:14,04:20,05:13,True,F260015327
4320,M1,04:23,04:34,05:23,False,F260015327
4321,R1,04:23,,04:23,False,F260015327
4322,E30,04:06,04:10,04:42,False,F260015325
4323,M28,04:06,04:13,05:21,True,F260015325
4324,L13,03:53,03:58,04:11,True,F260015323
4325,L5,03:46,03:58,04:07,True,F260015318
4326,E31,03:47,03:51,04:00,True,F260015319
4327,A25,03:51,03:56,04:28,True,F260015317
4328,E25,03:48,,03:51,False,F260015317
4329,A5,03:40,03:44,04:07,True,F260015315
4330,E37,03:43,03:46,04:29,True,F260015316
4331,L13,03:42,,03:43,False,F260015316
4332,M32,03:43,03:49,04:37,False,F260015316
4333,A10,03:32,03:35,03:50,True,F260015314
4334,A25,03:24,03:30,03:50,True,F260015313
4335,E39,03:38,03:44,03:47,True,F260015312
4336,E30,03:13,03:16,03:49,False,F260015307
4337,M1,03:13,03:21,03:51,True,F260015307
4338,A2,03:16,03:19,03:22,False,F260015308
4339,A2,03:22,03:24,03:43,False,F260015308
4340,A5,03:13,,03:16,False,F260015308
4341,B2,03:13,03:20,03:22,False,F260015308
4342,E2,03:13,03:16,03:40,True,F260015308
4343,M10,03:13,03:19,03:22,False,F260015308
4344,M44,03:13,03:21,03:22,False,F260015308
4345,E37,03:04,03:10,03:42,False,F260015306
4346,M32,03:04,03:14,03:17,True,F260015306
4347,E27,02:46,02:52,03:00,True,F260015302
4348,E2,02:46,02:51,03:13,True,F260015303
4349,A2,02:43,02:48,03:13,True,F260015301
4350,E35,02:41,02:50,03:06,True,F260015300
4351,E17,02:38,02:45,02:58,True,F260015299
4352,E30,02:33,02:36,03:05,False,F260015298
4353,M28,02:33,,02:42,True,F260015298
4354,E8,02:33,02:38,03:15,True,F260015297
4355,L3,02:16,02:21,02:47,True,F260015296
4356,E21,02:08,02:12,02:31,True,F260015293
4357,E39,01:55,01:59,02:15,True,F260015292
4358,A25,01:34,01:41,02:12,False,F260015289
4359,M10,01:34,01:43,02:16,True,F260015289
4360,E30,01:22,01:25,01:46,True,F260015288
4361,E37,01:17,01:24,01:52,True,F260015286
4362,E34,00:56,01:02,01:12,True,F260015284
4363,L3,00:41,00:45,01:09,True,F260015283
4364,M1,00:44,00:51,01:32,False,F260015283
4365,A10,00:41,00:47,00:48,True,F260015282
4366,A2,00:39,00:44,01:17,True,F260015281
4367,E18,00:36,00:39,01:06,True,F260015279
4368,L8,00:31,,00:34,True,F260015276
4369,A5,00:30,00:35,00:54,True,F260015275
4370,E11,00:20,00:24,00:53,True,F260015270
4371,M26,00:27,00:34,00:46,False,F260015270
4372,M26,00:52,00:52,01:55,False,F260015270
4373,E24,23:57,00:01,00:16,True,F260015267
4374,L10,23:54,23:58,00:13,True,F260015266
4375,E6,23:48,23:51,00:55,True,F260015263
4376,E31,23:47,23:52,00:10,False,F260015265
4377,M17,23:47,,23:50,True,F260015265
4378,M31,23:50,23:56,00:52,False,F260015265
4379,E28,23:38,,23:42,True,F260015260
4380,E39,23:43,23:49,00:19,True,F260015259
4381,E10,23:26,23:29,23:47,True,F260015257
4382,L1,23:26,23:30,23:48,False,F260015257
4383,L3,23:17,23:24,23:47,True,F260015254
4384,A14,23:24,,23:26,False,F260015252
4385,A25,23:24,,23:31,False,F260015252
4386,AIR10,23:24,,23:32,False,F260015252
4387,B4,23:24,,23:32,False,F260015252
4388,B6,23:17,23:24,00:03,False,F260015252
4389,DEP1,23:24,,23:32,False,F260015252
4390,E16,23:17,23:21,00:17,True,F260015252
4391,E17,23:24,23:28,23:43,False,F260015252
4392,E21,23:24,,23:32,False,F260015252
4393,E22,23:24,,23:32,False,F260015252
4394,E31,23:24,,23:32,False,F260015252
4395,L5,23:24,,23:31,False,F260015252
4396,L8,23:24,,23:32,False,F260015252
4397,L9,23:17,23:24,00:03,False,F260015252
4398,M17,23:24,,23:31,False,F260015252
4399,M44,23:24,,23:32,False,F260015252
4400,MAR5,23:24,23:46,00:25,False,F260015252
4401,R1,23:24,23:25,23:32,False,F260015252
4402,REHAB1,23:24,,23:32,False,F260015252
4403,SAFT2,23:24,,23:31,False,F260015252
4404,STAF10,23:24,,23:32,False,F260015252
4405,E17,23:12,,23:13,True,F260015251
4406,E38,23:13,23:18,23:28,False,F260015251
4407,E28,23:08,23:11,23:22,True,F260015250
4408,L12,23:08,23:11,23:22,False,F260015250
4409,E9,23:05,23:08,23:16,True,F260015248
4410,E37,23:03,23:09,23:58,False,F260015247
4411,M32,23:03,23:09,23:40,True,F260015247
4412,E31,23:00,23:06,23:22,True,F260015245
4413,L9,22:50,22:54,23:02,True,F260015242
4414,E17,22:32,22:35,22:43,True,F260015240
4415,E20,22:29,22:34,22:54,True,F260015239
4416,E38,22:25,22:31,23:09,True,F260015238
4417,M31,22:29,22:39,23:49,False,F260015238
4418,E35,22:25,22:29,22:49,True,F260015237
4419,E16,22:20,22:23,23:13,True,F260015235
4420,M18,22:35,22:45,00:04,False,F260015235
4421,A2,21:46,21:53,22:12,False,F260015228
4422,B2,21:46,21:51,22:12,False,F260015228
4423,E10,21:46,21:50,22:13,False,F260015228
4424,M17,21:46,21:55,22:59,True,F260015228
4425,E2,21:45,21:47,21:50,True,F260015227
4426,L4,21:45,21:47,21:51,False,F260015227
4427,E6,21:41,21:45,21:54,True,F260015226
4428,L1,21:41,,21:48,False,F260015226
4429,E5,21:35,21:38,22:07,False,F260015225
4430,M10,21:38,21:41,21:56,False,F260015225
4431,M32,21:35,,21:38,True,F260015225
4432,B7,21:34,,21:38,False,F260015223
4433,E29,21:32,21:35,21:38,True,F260015223
4434,E25,21:35,21:39,21:50,True,F260015224
4435,A25,21:28,21:31,21:39,False,F260015221
4436,E25,21:27,,21:28,True,F260015221
4437,E17,21:22,21:24,21:42,True,F260015220
4438,CHAP5,22:05,23:36,01:05,False,F260015219
4439,E30,21:28,21:33,22:27,False,F260015219
4440,L3,21:19,21:25,23:00,True,F260015219
4441,M1,21:28,21:36,23:24,False,F260015219
4442,E11,21:18,21:22,21:49,True,F260015218
4443,E24,21:16,21:21,21:36,True,F260015217
4444,A10,21:12,21:16,21:43,False,F260015215
4445,E6,21:12,21:15,21:39,True,F260015215
4446,M10,21:12,21:16,21:38,False,F260015215
4447,A25,21:09,21:13,21:17,True,F260015214
4448,E8,21:02,21:08,21:20,True,F260015209
4449,E27,20:57,20:59,21:22,False,F260015205
4450,M26,20:57,21:00,21:27,True,F260015205
4451,B2,20:57,,21:03,False,F260015206
4452,E2,20:57,21:01,21:03,True,F260015206
4453,L4,20:57,20:59,21:03,False,F260015206
4454,A5,20:57,20:59,21:18,True,F260015204
4455,E20,20:53,20:56,21:05,True,F260015201
4456,E28,20:50,20:54,21:48,True,F260015199
4457,A2,20:52,20:55,21:16,True,F260015198
4458,E39,20:45,20:51,21:16,True,F260015196
4459,E9,20:35,20:39,20:46,True,F260015195
4460,L6,20:35,,20:42,False,F260015195
4461,E17,20:19,20:22,20:26,True,F260015191
4462,L10,20:20,20:26,20:34,True,F260015192
4463,E18,20:15,20:18,20:32,True,F260015189
4464,M18,20:15,20:18,20:20,False,F260015189
4465,B2,20:09,20:15,20:28,False,F260015188
4466,E2,20:09,20:12,20:37,True,F260015188
4467,L4,20:09,20:12,20:55,False,F260015188
4468,E13,20:08,20:14,20:17,True,F260015187
4469,A2,20:05,20:14,20:20,True,F260015185
4470,E32,20:00,20:05,20:19,True,F260015184
4471,L9,20:00,20:08,20:16,True,F260015182
4472,A10,19:43,,19:50,False,F260015181
4473,A2,19:41,,19:50,False,F260015181
4474,AIR10,19:41,,19:50,False,F260015181
4475,B2,19:41,,19:50,False,F260015181
4476,B6,19:41,19:46,19:50,False,F260015181
4477,DECON1,19:41,,19:50,False,F260015181
4478,DEP1,19:41,,19:50,False,F260015181
4479,E10,19:41,,19:50,True,F260015181
4480,E16,19:41,19:48,19:50,False,F260015181
4481,E17,19:41,19:45,19:50,False,F260015181
4482,E22,19:41,,19:50,False,F260015181
4483,E27,19:41,,19:50,False,F260015181
4484,E40,19:41,,19:50,False,F260015181
4485,E9,19:41,19:48,19:50,False,F260015181
4486,HAZ1,19:41,,19:50,False,F260015181
4487,L1,19:41,,19:49,False,F260015181
4488,L10,19:41,,19:50,False,F260015181
4489,L8,19:41,,19:50,False,F260015181
4490,L9,19:41,19:46,19:56,False,F260015181
4491,M17,19:41,19:46,19:50,False,F260015181
4492,M44,19:41,,19:50,False,F260015181
4493,SAFT2,19:41,,19:50,False,F260015181
4494,STAF10,19:41,,19:50,False,F260015181
4495,A10,19:40,,19:42,True,F260015180
4496,E6,19:42,19:46,19:54,False,F260015180
4497,A5,19:36,19:39,20:05,False,F260015178
4498,M1,19:36,19:41,20:28,True,F260015178
4499,E38,19:31,19:37,19:55,True,F260015175
4500,E30,19:29,19:32,20:43,True,F260015174
4501,M10,19:42,19:54,21:12,False,F260015174
4502,E39,19:21,19:27,19:35,True,F260015171
4503,L5,19:21,19:27,19:33,False,F260015171
4504,A25,19:19,19:26,19:45,True,F260015170
4505,E24,19:16,19:19,20:02,True,F260015169
4506,E41,19:13,19:15,19:22,True,F260015168
4507,E16,19:04,19:09,19:25,True,F260015165
4508,E29,19:01,19:04,20:44,False,F260015163
4509,E36,19:00,19:05,19:41,True,F260015163
4510,M32,19:01,19:07,21:10,False,F260015163
4511,E32,19:01,19:05,19:08,True,F260015164
4512,E2,18:55,18:59,19:24,True,F260015162
4513,A2,18:50,18:54,19:03,True,F260015161
4514,L12,18:37,18:40,18:52,False,F260015157
4515,M28,18:37,18:41,19:43,True,F260015157
4516,L9,18:36,18:42,19:10,False,F260015156
4517,M17,18:36,18:42,19:29,True,F260015156
4518,E33,18:31,,18:34,True,F260015155
4519,A10,18:30,18:34,19:10,True,F260015152
4520,E17,18:30,18:36,19:11,True,F260015153
4521,M18,18:38,18:47,19:17,False,F260015153
4522,E13,18:28,18:34,19:15,True,F260015150
4523,E22,18:28,18:33,18:39,True,F260015148
4524,E30,18:20,18:24,18:34,True,F260015146
4525,L3,18:20,18:24,18:34,False,F260015146
4526,A2,18:13,18:18,18:35,True,F260015145
4527,E24,18:11,18:15,18:31,True,F260015144
4528,E25,18:09,18:14,18:16,True,F260015142
4529,A5,18:07,18:09,18:26,True,F260015141
4530,E29,17:58,18:01,18:21,True,F260015139
4531,L12,17:58,,18:00,True,F260015138
4532,E9,17:55,17:59,18:15,True,F260015136
4533,E2,17:45,17:48,17:54,True,F260015133
4534,L4,17:45,17:48,17:55,False,F260015133
4535,E20,17:44,,17:46,True,F260015131
4536,B5,18:44,19:02,19:59,False,F260015126
4537,E28,17:39,17:44,19:08,True,F260015126
4538,E8,17:56,18:00,18:19,True,F260015127
4539,E25,17:36,17:41,17:57,True,F260015125
4540,B6,17:31,,17:34,False,F260015123
4541,E24,17:31,,17:34,False,F260015123
4542,E31,17:33,,17:36,False,F260015123
4543,E40,17:31,17:37,17:47,False,F260015123
4544,L5,17:31,,17:33,False,F260015123
4545,M17,17:31,,17:36,True,F260015123
4546,M18,17:31,,17:33,False,F260015123
4547,M31,17:32,,17:34,False,F260015123
4548,M31,17:36,,17:40,False,F260015123
4549,M44,17:31,,17:34,False,F260015123
4550,A25,17:28,17:34,18:17,False,F260015120
4551,M10,17:28,17:32,18:14,True,F260015120
4552,A10,17:28,17:35,17:49,False,F260015121
4553,E10,17:28,17:35,18:35,False,F260015121
4554,E5,17:28,17:34,18:55,True,F260015121
4555,E30,17:25,17:27,17:54,True,F260015118
4556,E31,17:18,17:22,17:32,True,F260015116
4557,E39,17:16,17:20,17:48,True,F260015115
4558,E38,17:16,17:21,17:36,True,F260015114
4559,E10,17:03,17:05,17:11,True,F260015111
4560,L4,17:03,17:08,17:09,False,F260015111
4561,E28,16:58,17:01,17:22,False,F260015110
4562,L12,16:57,,16:58,True,F260015110
4563,M28,16:58,17:04,17:25,False,F260015110
4564,E30,16:49,16:52,17:18,True,F260015108
4565,E6,16:49,16:52,17:02,True,F260015107
4566,E32,16:47,16:47,17:02,True,F260015105
4567,E24,16:46,16:49,17:26,True,F260015104
4568,E33,16:45,16:50,16:56,True,F260015103
4569,E29,16:41,16:45,17:01,True,F260015101
4570,L11,16:40,16:50,17:02,True,F260015100
4571,E28,16:25,16:29,16:54,False,F260015098
4572,L12,16:23,,16:25,True,F260015098
4573,E33,16:23,16:26,16:36,True,F260015097
4574,E5,16:18,16:23,16:32,True,F260015096
4575,E28,16:12,16:16,16:25,True,F260015093
4576,E10,16:03,16:06,16:31,True,F260015091
4577,E27,16:04,16:11,17:59,True,F260015090
4578,L1,16:04,16:22,17:15,False,F260015090
4579,E37,15:55,15:58,16:44,True,F260015089
4580,M32,16:04,16:12,17:28,False,F260015089
4581,E10,15:53,15:55,16:00,True,F260015088
4582,E5,15:53,,15:56,False,F260015088
4583,M17,15:53,,15:56,False,F260015088
4584,E2,15:52,15:56,16:11,True,F260015087
4585,A2,15:50,15:54,16:14,True,F260015086
4586,A5,15:47,15:52,16:13,False,F260015085
4587,M1,15:47,15:54,16:33,True,F260015085
4588,A25,15:21,15:25,15:59,False,F260015082
4589,M10,15:21,15:24,16:18,True,F260015082
4590,E29,15:22,15:26,15:30,True,F260015083
4591,A5,15:18,15:20,15:27,True,F260015079
4592,E39,15:16,,15:22,True,F260015077
4593,L9,15:15,15:19,15:38,True,F260015075
4594,E17,15:10,15:31,15:43,True,F260015073
4595,M17,15:19,15:23,15:40,False,F260015073
4596,M18,15:17,,15:19,False,F260015073
4597,A25,14:59,15:03,15:11,False,F260015071
4598,M10,14:59,15:05,15:11,True,F260015071
4599,A10,14:54,14:59,15:28,True,F260015070
4600,E34,14:42,14:46,14:59,False,F260015069
4601,L10,14:42,14:48,14:48,True,F260015069
4602,E11,14:32,14:37,14:39,True,F260015068
4603,A5,14:28,14:32,14:45,True,F260015067
4604,H1,14:47,15:01,15:47,False,F260015066
4605,L12,14:23,14:23,15:06,True,F260015066
4606,MIH,14:38,,14:43,False,F260015066
4607,L8,14:14,14:26,14:45,True,F260015064
4608,A25,14:10,14:14,14:20,True,F260015063
4609,E24,14:05,14:08,14:18,True,F260015061
4610,L5,14:05,,14:10,False,F260015061
4611,E6,13:57,14:00,14:07,False,F260015059
4612,L3,13:57,14:00,14:07,True,F260015059
4613,A14,13:49,13:52,14:19,True,F260015057
4614,E30,13:41,13:44,13:49,False,F260015057
4615,H1,14:00,14:13,14:39,False,F260015057
4616,MIH,13:54,,14:01,False,F260015057
4617,A10,13:30,13:32,13:52,False,F260015054
4618,E10,13:30,13:32,13:35,False,F260015054
4619,M1,13:30,,13:33,True,F260015054
4620,E38,13:28,13:34,13:50,True,F260015052
4621,E9,13:25,13:29,13:39,True,F260015051
4622,L6,13:25,,13:32,False,F260015051
4623,E2,13:23,13:26,13:40,True,F260015050
4624,L4,13:23,13:26,13:40,False,F260015050
4625,E26,13:26,13:29,13:50,True,F260015049
4626,L11,13:16,13:19,13:38,True,F260015048
4627,A2,13:10,13:14,13:21,True,F260015047
4628,EVENT13,13:06,13:06,,True,F260015046
4629,PLEDG-EMS,13:07,13:07,,False,F260015046
4630,E31,12:32,12:40,12:53,True,F260015040
4631,EVENT14,12:32,12:32,,False,F260015041
4632,M31,12:32,13:38,,True,F260015041
4633,E10,12:27,12:32,12:58,True,F260015038
4634,H1,12:25,12:48,13:43,True,F260015037
4635,A25,12:24,,12:26,True,F260015036
4636,E34,12:26,12:32,12:50,False,F260015036
4637,E24,12:22,12:24,12:39,True,F260015035
4638,E32,12:18,,12:20,False,F260015034
4639,E37,12:20,12:25,12:33,True,F260015034
4640,E28,12:13,,12:15,True,F260015032
4641,L12,12:14,12:21,12:31,False,F260015032
4642,E26,12:03,12:13,12:21,True,F260015031
4643,A2,12:02,12:05,12:24,True,F260015030
4644,H1,11:59,12:07,12:23,True,F260015029
4645,A14,11:54,11:58,12:30,True,F260015027
4646,M32,12:02,12:08,12:18,False,F260015027
4647,B4,11:52,11:55,12:05,False,F260015026
4648,E20,11:52,11:54,13:12,True,F260015026
4649,L6,12:18,12:28,13:12,False,F260015026
4650,L8,11:52,11:58,13:11,False,F260015026
4651,L4,11:51,11:56,12:09,True,F260015025
4652,E9,11:50,11:58,12:20,True,F260015024
4653,E35,11:47,11:54,12:15,True,F260015023
4654,B7,11:46,11:54,12:05,False,F260015020
4655,E37,11:45,11:50,12:16,False,F260015020
4656,L11,11:45,11:54,12:04,True,F260015020
4657,A5,11:44,11:45,12:20,True,F260015018
4658,E31,11:41,11:44,11:57,False,F260015013
4659,L5,11:41,11:45,11:51,False,F260015013
4660,M31,11:41,11:46,12:01,True,F260015013
4661,A10,11:43,11:45,12:23,False,F260015015
4662,E2,11:43,11:48,11:53,False,F260015015
4663,M10,11:43,11:46,12:38,True,F260015015
4664,E10,11:40,11:45,12:12,True,F260015012
4665,L1,11:40,11:45,12:15,False,F260015012
4666,E25,11:37,11:43,11:44,True,F260015011
4667,A2,11:33,11:37,11:55,True,F260015009
4668,E17,11:32,11:34,11:53,True,F260015007
4669,E2,11:31,,11:33,False,F260015006
4670,E8,11:33,11:35,12:12,True,F260015006
4671,A25,11:29,11:32,11:50,False,F260015004
4672,M10,11:29,11:33,11:41,True,F260015004
4673,E24,11:30,11:36,11:55,False,F260015003
4674,E31,11:28,,11:30,True,F260015003
4675,E28,11:24,11:28,11:32,True,F260015001
4676,L12,11:24,11:28,12:13,False,F260015001
4677,M1,11:24,11:38,12:37,False,F260015001
4678,E5,11:23,11:26,11:38,True,F260015000
4679,E32,11:17,11:22,11:54,True,F260014999
4680,E33,11:15,11:20,11:50,False,F260014998
4681,M28,11:15,11:38,12:27,True,F260014998
4682,E40,11:10,11:14,11:34,True,F260014997
4683,E29,11:11,11:15,11:36,True,F260014996
4684,A2,11:08,11:11,11:21,True,F260014995
4685,E25,10:45,10:48,10:52,True,F260014992
4686,E37,10:31,10:37,10:51,True,F260014990
4687,A5,10:42,10:47,11:03,True,F260014989
4688,E31,10:24,10:29,10:53,False,F260014988
4689,M31,10:24,10:29,10:47,True,F260014988
4690,E10,10:24,10:26,10:48,True,F260014987
4691,E5,10:25,10:28,10:42,False,F260014987
4692,M10,10:25,10:29,10:31,False,F260014987
4693,A2,10:23,,10:24,False,F260014986
4694,L4,10:22,,10:24,True,F260014986
4695,A25,10:20,10:23,10:33,True,F260014985
4696,E6,10:20,10:26,10:47,True,F260014984
4697,EVENT11,10:17,10:17,,True,F260014983
4698,TMOB-EMS,10:18,10:18,,False,F260014983
4699,E11,10:17,10:20,10:55,True,F260014982
4700,M10,10:18,,10:20,False,F260014982
4701,M32,10:19,10:33,11:56,False,F260014982
4702,E28,10:15,10:19,10:38,False,F260014980
4703,L12,10:13,,10:15,True,F260014980
4704,A10,10:12,10:18,10:50,False,F260014979
4705,M1,10:12,10:16,10:46,True,F260014979
4706,E28,10:02,10:05,10:15,True,F260014978
4707,A2,10:01,10:04,10:19,True,F260014977
4708,E10,10:00,,10:03,True,F260014975
4709,L3,10:00,,10:04,False,F260014975
4710,L1,09:57,10:00,10:24,True,F260014973
4711,E25,09:59,10:01,10:19,True,F260014974
4712,L10,09:59,10:01,10:18,False,F260014974
4713,A25,09:55,09:59,10:14,True,F260014972
4714,E6,09:52,09:56,10:07,True,F260014971
4715,EVENT12,09:47,09:47,,True,F260014969
4716,LUMEN-EMS,09:48,09:48,,False,F260014969
4717,E38,09:39,09:43,10:01,True,F260014967
4718,E5,09:38,09:42,09:57,False,F260014968
4719,L1,09:38,09:42,09:52,False,F260014968
4720,M1,09:38,,09:39,True,F260014968
4721,E10,09:34,09:35,09:44,True,F260014966
4722,E32,09:29,09:33,09:39,True,F260014965
4723,E33,09:21,09:28,09:40,True,F260014964
4724,A10,09:11,09:13,10:05,True,F260014963
4725,E10,09:11,09:13,09:19,False,F260014963
4726,M10,09:11,09:15,09:15,False,F260014963
4727,E38,08:59,09:03,09:28,True,F260014961
4728,A2,09:03,09:06,09:23,True,F260014960
4729,E34,08:55,09:00,09:16,False,F260014959
4730,M1,08:55,,09:03,True,F260014959
4731,A5,09:06,09:19,10:31,False,F260014958
4732,E30,08:57,09:02,09:27,True,F260014958
4733,E37,08:54,08:58,09:33,True,F260014957
4734,M32,09:05,09:10,10:19,False,F260014957
4735,A2,08:29,08:33,08:52,True,F260014954
4736,A5,08:28,08:31,08:45,True,F260014953
4737,A10,08:17,08:21,08:37,True,F260014951
4738,A14,08:08,,08:17,False,F260014948
4739,E27,08:08,08:13,08:25,True,F260014948
4740,E28,08:08,,08:09,False,F260014948
4741,E33,08:09,08:13,08:20,False,F260014948
4742,M28,08:08,,08:17,False,F260014948
4743,A25,08:03,08:08,08:17,True,F260014947
4744,E22,08:02,08:08,08:10,True,F260014945
4745,L4,08:02,08:08,08:10,False,F260014945
4746,E33,07:34,07:38,07:49,True,F260014944
4747,E8,07:10,07:16,07:44,True,F260014940
4748,A25,07:01,07:06,07:22,True,F260014939
4749,E41,06:57,07:04,07:41,True,F260014938
4750,E33,06:54,07:01,07:24,True,F260014937
4751,E20,06:54,07:00,07:10,True,F260014936
4752,A5,06:47,06:53,07:12,True,F260014932
4753,E28,06:47,06:51,07:13,True,F260014931
4754,A10,06:44,06:44,06:57,True,F260014930
4755,A2,06:37,06:41,06:53,True,F260014929
4756,E28,06:34,06:39,06:44,True,F260014928
4757,E18,06:34,06:38,06:55,False,F260014927
4758,M18,06:34,06:39,06:59,True,F260014927
4759,A2,06:17,06:21,06:29,False,F260014924
4760,E2,06:13,,06:17,True,F260014924
4761,E30,06:08,06:12,06:27,True,F260014923
4762,L12,06:08,06:14,06:19,False,F260014923
4763,A10,06:05,06:09,06:36,True,F260014922
4764,A2,06:02,06:09,06:17,True,F260014920
4765,E25,05:59,06:03,06:22,True,F260014919
4766,A25,05:59,06:03,06:09,True,F260014918
4767,E2,05:06,05:12,05:30,True,F260014913
4768,E10,05:03,05:06,05:15,True,F260014912
4769,E33,05:02,05:06,05:15,True,F260014911
4770,A2,05:02,05:13,05:19,True,F260014910
4771,A5,04:49,04:54,05:27,True,F260014908
4772,M10,04:50,04:55,05:26,False,F260014908
4773,A2,04:44,04:53,05:02,True,F260014907
4774,E32,04:37,04:43,05:00,True,F260014906
4775,B6,04:23,04:34,04:43,False,F260014905
4776,E24,04:23,04:27,04:50,True,F260014905
4777,L5,04:23,04:29,04:47,False,F260014905
4778,E21,04:11,04:15,04:35,True,F260014904
4779,A10,04:01,04:04,04:31,True,F260014903
4780,A2,03:29,03:30,03:51,True,F260014900
4781,A14,03:25,,03:28,False,F260014896
4782,B2,03:25,,03:29,False,F260014896
4783,B5,03:25,,03:29,False,F260014896
4784,E10,03:24,03:27,03:53,True,F260014896
4785,E5,03:25,,03:29,False,F260014896
4786,L1,03:25,03:28,03:53,False,F260014896
4787,M1,03:25,,03:29,False,F260014896
4788,M44,03:25,,03:29,False,F260014896
4789,R1,03:25,,03:29,False,F260014896
4790,SAFT2,03:25,03:27,03:29,False,F260014896
4791,E2,03:22,03:27,03:36,True,F260014895
4792,E29,03:17,03:26,03:56,True,F260014894
4793,A2,03:14,03:20,03:26,True,F260014892
4794,A5,03:15,03:21,03:55,True,F260014893
4795,M10,03:21,03:26,04:31,False,F260014893
4796,E8,03:02,03:16,03:24,True,F260014891
4797,E24,02:54,02:59,03:28,True,F260014887
4798,M31,03:07,03:15,03:15,False,F260014887
4799,A25,02:52,03:00,03:21,True,F260014886
4800,E28,02:45,02:50,02:56,True,F260014885
4801,E17,02:43,02:47,02:50,True,F260014884
4802,E2,02:42,02:46,02:56,False,F260014883
4803,L4,02:42,02:47,02:58,True,F260014883
4804,A2,02:42,02:47,03:07,True,F260014882
4805,A10,02:37,02:41,02:55,True,F260014881
4806,E37,02:22,03:02,03:03,True,F260014879
4807,E33,02:14,02:19,02:39,True,F260014877
4808,E17,02:12,02:16,02:21,True,F260014876
4809,E18,02:10,02:16,02:31,True,F260014873
4810,A14,02:07,02:14,02:36,False,F260014872
4811,E27,02:07,02:11,02:55,False,F260014872
4812,M28,02:07,02:16,03:12,True,F260014872
4813,E8,02:05,02:11,02:25,True,F260014871
4814,L1,01:56,01:59,02:14,True,F260014869
4815,E25,01:52,01:55,02:01,True,F260014868
4816,A22,01:49,01:57,02:08,True,F260014866
4817,E2,01:51,01:58,01:59,True,F260014865
4818,A2,01:47,02:00,02:09,True,F260014864
4819,E31,01:45,01:49,02:27,True,F260014863
4820,E29,01:41,01:44,02:19,True,F260014862
4821,A25,01:33,01:38,02:08,True,F260014861
4822,A10,01:28,01:35,02:02,False,F260014860
4823,A5,01:32,01:37,02:10,False,F260014860
4824,B2,01:28,01:36,02:12,False,F260014860
4825,E10,01:28,01:33,02:15,True,F260014860
4826,E5,01:32,01:47,02:11,False,F260014860
4827,L1,01:32,01:37,01:51,False,F260014860
4828,M1,01:32,01:38,02:08,False,F260014860
4829,M10,01:28,01:35,02:14,False,F260014860
4830,M44,01:28,01:35,02:14,False,F260014860
4831,SAFT2,01:32,01:38,01:49,False,F260014860
4832,E17,01:28,01:31,01:39,True,F260014859
4833,L4,01:26,01:28,01:43,True,F260014858
4834,R1,01:17,01:24,01:30,True,F260014854
4835,E21,01:18,01:21,01:42,True,F260014853
4836,E35,01:17,,01:18,False,F260014853
4837,E17,01:12,,01:18,False,F260014850
4838,E9,01:12,01:15,01:35,False,F260014850
4839,M17,01:12,01:18,01:42,True,F260014850
4840,L9,01:14,01:21,01:23,True,F260014852
4841,L4,01:08,01:12,01:25,True,V260014848
4842,E2,01:03,01:08,01:27,True,F260014845
4843,E21,01:02,01:06,01:18,True,F260014846
4844,E30,00:48,00:51,00:53,True,F260014844
4845,E6,00:46,,00:48,False,F260014844
4846,A2,00:50,00:55,01:41,False,F260014843
4847,E8,00:43,,00:50,True,F260014843
4848,E36,00:42,00:48,01:11,True,F260014842
4849,E13,00:37,00:43,00:50,True,F260014840
4850,L13,00:29,00:36,00:50,True,F260014839
4851,E5,00:22,00:26,00:30,True,F260014838
4852,E37,00:22,00:47,00:48,True,F260014837
4853,E9,00:23,00:26,00:33,True,F260014836
4854,E20,00:20,00:25,00:48,True,F260014835
4855,L10,00:17,00:26,00:30,True,F260014834
4856,E30,00:16,00:21,00:47,True,F260014833
4857,A2,00:07,00:20,00:26,True,F260014829
4858,E16,00:04,00:08,00:38,False,F260014828
4859,M17,00:04,00:09,01:02,True,F260014828
4860,L12,23:44,23:53,00:05,True,F260014824
4861,E37,23:36,23:43,23:48,True,F260014823
4862,E17,23:34,23:37,23:59,True,F260014822
4863,E5,23:30,23:37,23:55,True,F260014820
4864,E41,23:28,23:34,23:52,True,F260014819
4865,E28,23:27,23:32,23:54,True,F260014818
4866,E33,23:26,23:30,23:46,False,F260014817
4867,M28,23:26,,23:34,True,F260014817
4868,A5,23:24,23:29,23:39,True,F260014816
4869,A2,23:21,23:27,23:37,True,F260014815
4870,A25,23:14,23:19,23:41,True,F260014813
4871,E28,23:12,23:17,23:23,True,F260014812
4872,E31,23:03,23:07,23:23,True,F260014809
4873,E17,22:59,23:06,23:16,True,F260014807
4874,A2,22:42,22:47,23:06,True,F260014805
4875,E37,22:24,22:28,22:39,True,F260014802
4876,A10,22:21,22:24,22:35,True,F260014801
4877,E18,22:18,22:21,23:06,True,F260014797
4878,E20,22:10,22:12,22:21,True,F260014796
4879,E17,21:51,21:53,22:05,True,F260014794
4880,E38,21:50,21:56,22:22,True,F260014793
4881,E10,21:46,21:49,22:18,True,F260014792
4882,M1,21:50,21:55,23:03,False,F260014792
4883,M10,21:48,,21:49,False,F260014792
4884,E2,21:46,21:49,22:00,True,F260014791
4885,L4,21:46,21:50,21:54,False,F260014791
4886,E18,21:43,21:47,22:03,True,F260014789
4887,E11,21:45,21:51,22:41,True,F260014790
4888,M32,21:59,22:07,23:23,False,F260014790
4889,E10,21:37,21:40,21:44,True,F260014787
4890,L1,21:37,21:39,21:47,False,F260014787
4891,E20,21:36,21:41,22:01,False,F260014785
4892,M18,21:36,21:45,21:45,True,F260014785
4893,E5,21:34,21:38,22:02,False,F260014784
4894,M10,21:34,21:39,21:40,False,F260014784
4895,M10,21:50,21:50,22:25,True,F260014784
4896,E25,21:31,21:38,21:42,True,F260014783
4897,A5,21:27,,21:30,False,F260014782
4898,L1,21:27,,21:30,False,F260014782
4899,M10,21:27,21:29,21:31,True,F260014782
4900,E6,21:24,21:27,21:37,True,F260014781
4901,A10,21:20,21:25,21:36,True,F260014780
4902,A25,21:42,21:46,22:00,True,F260014779
4903,E2,21:13,21:15,21:33,False,F260014775
4904,L4,21:13,21:16,21:16,False,F260014775
4905,M10,21:13,21:18,21:18,True,F260014775
4906,E13,21:10,,21:12,False,F260014773
4907,E13,21:16,21:20,21:40,True,F260014773
4908,E10,21:09,21:10,21:27,True,F260014770
4909,A2,21:07,21:20,21:28,True,F260014769
4910,A5,21:02,21:06,21:11,True,F260014768
4911,A14,21:00,,21:03,True,F260014765
4912,B6,21:00,,21:18,False,F260014765
4913,E38,21:00,21:05,21:13,False,F260014765
4914,M17,21:00,21:08,21:18,False,F260014765
4915,R1,21:00,,21:11,False,F260014765
4916,E30,20:55,,20:56,True,F260014762
4917,E6,20:54,20:56,21:22,False,F260014761
4918,M1,20:54,21:00,21:49,True,F260014761
4919,L10,20:52,20:55,20:59,True,F260014760
4920,E25,20:50,20:52,20:59,True,F260014759
4921,A25,20:46,20:52,20:54,True,F260014758
4922,E30,20:40,20:42,20:49,True,F260014757
4923,E17,20:29,20:34,20:40,True,F260014756
4924,A2,20:18,20:20,20:28,True,F260014753
4925,E30,20:15,20:19,20:39,True,F260014751
4926,A2,20:05,20:08,20:15,True,F260014746
4927,E36,19:45,19:51,20:36,True,F260014740
4928,M32,19:45,,19:55,False,F260014740
4929,E16,19:47,,19:48,False,F260014741
4930,E31,19:48,19:51,20:32,True,F260014741
4931,M18,20:00,,20:02,False,F260014741
4932,M31,20:02,20:09,20:41,False,F260014741
4933,E35,19:39,19:51,20:16,True,F260014738
4934,E21,19:36,19:41,20:06,True,F260014736
4935,M31,19:46,19:54,20:01,False,F260014736
4936,E17,19:35,19:39,19:54,True,F260014735
4937,E39,19:34,19:40,19:50,True,F260014734
4938,L5,19:34,19:40,19:48,False,F260014734
4939,E31,19:33,19:38,19:46,True,F260014732
4940,E24,19:34,19:40,19:57,True,F260014733
4941,E2,19:22,19:25,19:39,True,F260014730
4942,A25,19:18,19:23,19:41,True,F260014729
4943,E2,19:12,,19:15,False,F260014728
4944,L10,19:15,19:17,19:20,True,F260014728
4945,E35,19:09,19:13,19:35,True,F260014727
4946,E31,19:06,19:09,19:14,True,F260014726
4947,L10,19:03,19:06,19:14,True,F260014725
4948,A2,19:02,19:05,19:30,True,F260014724
4949,M10,19:03,19:09,19:49,False,F260014724
4950,A10,19:00,19:02,19:15,True,F260014723
4951,E28,18:57,19:02,19:02,True,F260014721
4952,E25,18:55,18:56,19:22,True,F260014720
4953,M17,19:03,19:13,20:04,False,F260014720
4954,L10,18:53,,18:55,True,F260014718
4955,E6,18:51,18:55,19:24,True,F260014716
4956,M1,18:53,18:59,19:33,False,F260014716
4957,E25,18:46,18:50,18:54,True,F260014715
4958,E13,18:46,18:50,18:58,False,F260014714
4959,E30,18:46,18:50,19:15,True,F260014714
4960,M28,18:46,18:52,19:25,False,F260014714
4961,E11,18:44,18:51,19:03,True,F260014713
4962,E33,18:35,18:39,19:02,True,F260014710
4963,E9,18:35,,18:39,True,F260014709
4964,A2,18:25,18:32,18:41,True,F260014708
4965,A5,18:16,18:24,18:52,True,F260014705
4966,A10,18:14,18:17,18:37,True,F260014703
4967,A5,18:11,,18:13,True,F260014702
4968,E37,18:09,18:13,18:23,True,F260014701
4969,A2,18:05,18:10,18:18,True,F260014700
4970,A25,17:57,18:03,18:19,True,F260014699
4971,E16,17:44,,17:50,True,F260014696
4972,L9,17:44,17:48,17:55,False,F260014696
4973,E40,17:46,17:53,18:16,True,F260014697
4974,L5,17:47,17:54,18:16,False,F260014697
4975,L8,17:46,,17:47,False,F260014697
4976,E39,17:39,17:42,17:59,True,F260014694
4977,L5,17:37,,17:47,False,F260014692
4978,L8,17:47,18:04,18:20,True,F260014692
4979,E17,17:32,17:36,17:51,True,F260014691
4980,E36,17:31,17:35,18:03,True,F260014690
4981,E32,17:23,17:27,17:44,True,F260014689
4982,L6,17:15,17:23,17:27,True,F260014687
4983,E13,17:12,17:19,17:24,True,F260014686
4984,L4,17:09,17:14,17:19,True,F260014684
4985,E16,17:04,17:13,17:14,True,F260014683
4986,E5,16:59,17:04,17:11,True,F260014681
4987,L10,16:57,16:58,17:11,True,F260014680
4988,E38,16:52,16:56,17:02,True,F260014678
4989,A25,16:56,17:00,17:07,True,F260014679
4990,L10,16:54,,16:56,False,F260014679
4991,E28,16:46,16:49,16:53,True,F260014676
4992,L6,16:43,16:49,16:57,True,F260014673
4993,E24,16:43,16:53,17:24,True,F260014672
4994,E25,16:42,16:45,17:14,True,F260014671
4995,M10,16:52,16:59,17:17,False,F260014671
4996,EVENT13,16:54,16:54,,False,F260014669
4997,PLEDG-EMS,16:36,16:36,,True,F260014669
4998,E39,16:32,16:35,16:54,True,F260014666
4999,A25,16:28,16:31,16:56,True,F260014664
5000,A2,16:28,16:32,16:49,True,F260014665
5001,E18,16:26,16:28,16:53,True,F260014663
5002,E20,16:21,16:24,16:34,True,F260014660
5003,E31,16:21,16:25,16:50,True,F260014662
5004,M31,16:36,,16:42,False,F260014662
5005,A2,16:20,16:26,16:27,False,F260014659
5006,L4,16:31,16:35,16:45,True,F260014659
5007,E5,16:16,16:20,16:29,True,F260014657
5008,E2,16:22,16:26,16:50,True,F260014656
5009,E37,16:12,16:18,16:36,True,F260014655
5010,E34,16:05,16:11,16:24,True,F260014650
5011,E13,15:52,,15:53,True,F260014647
5012,E30,15:53,16:00,16:08,False,F260014647
5013,E24,15:50,15:56,16:22,True,F260014645
5014,E28,15:51,15:57,16:04,True,F260014646
5015,E31,15:46,15:50,16:12,False,F260014644
5016,M31,15:46,15:58,16:12,True,F260014644
5017,E10,15:44,15:47,16:13,True,F260014643
5018,MIH,15:55,,15:56,False,F260014643
5019,A2,15:38,15:42,16:06,True,F260014642
5020,E30,15:32,15:42,15:42,True,F260014640
5021,E38,15:28,15:33,15:49,True,F260014637
5022,L1,15:26,15:29,15:32,True,F260014636
5023,A25,15:24,15:26,15:52,True,F260014635
5024,E28,15:12,15:17,15:31,True,F260014634
5025,E25,15:09,15:13,15:19,True,F260014633
5026,E17,15:04,15:06,15:24,True,F260014631
5027,A10,15:00,15:04,15:17,True,F260014630
5028,A25,14:46,14:51,15:16,True,F260014620
5029,A10,14:40,14:42,14:54,False,F260014618
5030,L1,14:40,14:42,14:43,False,F260014618
5031,M1,14:40,,14:44,True,F260014618
5032,A2,14:36,14:40,14:50,True,F260014616
5033,E11,17:18,17:24,17:29,True,F260014617
5034,E17,14:32,14:35,14:44,True,F260014613
5035,E25,14:30,14:38,14:49,True,F260014612
5036,E5,14:29,14:32,14:42,True,F260014610
5037,E21,14:27,14:30,14:54,False,F260014609
5038,E35,14:24,,14:28,True,F260014609
5039,E31,14:25,14:29,14:44,True,F260014608
5040,L3,14:25,14:33,14:42,True,F260014607
5041,E38,14:21,14:26,14:43,True,F260014606
5042,A5,14:17,14:20,15:22,True,F260014605
5043,E10,14:31,14:34,15:25,False,F260014605
5044,M10,14:26,14:30,15:49,False,F260014605
5045,E18,14:12,14:15,14:19,False,F260014603
5046,L8,14:12,,14:13,True,F260014603
5047,E6,14:07,14:10,14:28,True,F260014602
5048,E25,14:03,14:05,14:11,False,F260014601
5049,L10,14:01,,14:03,True,F260014601
5050,E18,13:59,14:04,14:12,True,F260014600
5051,E30,14:01,14:07,14:22,True,F260014599
5052,L1,13:54,14:01,14:11,True,F260014597
5053,A10,13:58,14:02,14:16,True,F260014596
5054,E25,13:45,13:49,14:02,True,F260014594
5055,A5,13:41,13:45,14:08,False,F260014591
5056,E10,13:41,13:43,13:45,False,F260014591
5057,M1,13:43,,13:44,False,F260014591
5058,M17,13:41,,13:43,True,F260014591
5059,A2,13:37,13:41,14:02,True,F260014586
5060,M1,13:40,,13:43,False,F260014586
5061,M17,13:38,,13:40,False,F260014586
5062,E13,13:29,,13:31,False,F260014584
5063,E28,13:31,13:34,13:51,True,F260014584
5064,M1,13:30,,13:39,False,F260014584
5065,A25,13:28,13:33,14:32,True,F260014583
5066,L3,13:39,13:43,14:02,False,F260014583
5067,M28,13:41,13:45,14:53,False,F260014583
5068,M31,13:41,,13:42,False,F260014583
5069,E6,13:24,13:26,13:47,True,F260014581
5070,L5,13:23,13:35,13:46,True,F260014580
5071,CHAP5,13:55,,14:09,False,F260014579
5072,E27,13:22,13:31,14:19,False,F260014579
5073,E33,13:21,13:26,14:36,True,F260014579
5074,M1,13:22,,13:24,False,F260014579
5075,M32,13:24,13:35,14:41,False,F260014579
5076,E17,13:21,13:25,13:41,True,F260014577
5077,A10,13:21,13:25,13:43,True,F260014578
5078,L12,13:28,13:32,13:41,True,F260014576
5079,L3,13:20,13:24,13:28,False,F260014576
5080,A14,13:14,13:18,13:43,True,F260014574
5081,MIH,13:21,,13:29,False,F260014574
5082,E30,13:12,13:15,13:34,True,F260014572
5083,E18,13:10,13:12,13:13,True,F260014571
5084,E31,13:08,13:11,13:18,True,F260014569
5085,A2,13:08,,13:10,True,F260014570
5086,E37,13:06,13:10,13:24,True,F260014568
5087,M32,13:07,,13:12,False,F260014568
5088,E13,13:06,13:09,13:22,True,F260014567
5089,E2,13:03,13:09,13:15,True,F260014565
5090,A5,13:00,13:00,13:18,True,F260014563
5091,E28,13:00,13:03,13:30,False,F260014562
5092,L12,13:16,13:21,13:28,False,F260014562
5093,M10,13:00,13:13,14:06,True,F260014562
5094,E25,12:56,13:00,13:08,True,F260014561
5095,L10,12:56,13:01,13:06,False,F260014561
5096,L9,12:56,13:03,13:12,True,F260014560
5097,E6,12:44,12:47,12:48,True,F260014558
5098,L3,12:44,12:48,12:48,False,F260014558
5099,E33,12:35,12:41,13:07,True,F260014556
5100,M28,12:36,12:46,13:41,False,F260014556
5101,E31,12:33,12:38,12:59,True,F260014555
5102,M31,12:34,,12:42,False,F260014555
5103,L5,12:33,12:38,13:02,True,F260014554
5104,E40,12:27,12:32,12:43,True,F260014551
5105,L8,12:28,12:33,12:56,True,F260014553
5106,E2,12:23,12:27,12:44,True,F260014549
5107,L4,12:23,,12:27,False,F260014549
5108,E17,12:23,12:24,13:05,True,F260014550
5109,E13,12:21,12:26,12:29,True,F260014548
5110,E37,12:17,12:20,12:39,True,F260014547
5111,A22,12:17,12:24,13:27,True,F260014546
5112,L6,12:19,12:24,12:31,False,F260014546
5113,M17,12:19,12:25,12:31,False,F260014546
5114,E17,12:14,12:17,12:21,True,F260014544
5115,L9,12:11,12:11,12:30,True,F260014543
5116,E39,12:08,12:10,12:29,True,F260014540
5117,E25,12:09,12:12,12:27,True,F260014541
5118,A5,12:06,12:17,12:37,True,F260014538
5119,E16,12:06,12:07,12:30,True,F260014537
5120,A25,11:51,11:55,12:12,True,F260014534
5121,E35,11:52,11:56,12:05,True,F260014535
5122,E31,11:45,11:50,11:51,True,F260014532
5123,E9,13:02,13:07,13:16,True,F260014531
5124,E32,11:33,11:38,12:04,True,F260014528
5125,E30,11:27,11:32,11:51,True,F260014527
5126,L8,11:18,11:23,11:40,True,F260014526
5127,FAC,11:18,,11:19,True,F260014525
5128,E17,11:15,,11:20,False,F260014522
5129,E24,11:20,11:22,11:25,True,F260014522
5130,L4,11:15,11:24,11:36,True,F260014523
5131,FAC,11:14,,11:17,True,F260014521
5132,E21,11:09,11:13,11:42,True,F260014519
5133,M31,11:10,11:17,11:45,False,F260014519
5134,E35,11:01,11:04,11:22,True,F260014518
5135,A10,11:00,11:04,11:08,True,F260014517
5136,E32,10:57,11:02,11:23,True,F260014516
5137,E13,10:53,,10:56,False,F260014515
5138,E30,10:56,11:01,11:01,True,F260014515
5139,A2,10:48,10:52,11:03,True,F260014513
5140,E26,10:48,10:52,11:17,True,F260014512
5141,B6,10:45,10:54,10:58,False,F260014511
5142,E24,10:45,10:49,11:19,True,F260014511
5143,L6,10:45,10:51,11:25,False,F260014511
5144,E16,10:45,10:55,10:56,True,F260014510
5145,E30,10:44,10:46,10:50,True,F260014509
5146,E28,10:43,10:47,10:50,True,F260014506
5147,E41,10:42,10:49,11:14,True,F260014507
5148,E5,10:31,10:41,10:58,False,F260014503
5149,E8,10:31,,10:32,True,F260014503
5150,E18,10:25,10:29,10:37,False,F260014502
5151,L8,10:25,10:28,10:49,False,F260014502
5152,M18,10:25,10:29,11:00,True,F260014502
5153,MIH,10:37,,10:40,False,F260014502
5154,E40,10:22,10:29,10:48,True,F260014500
5155,A5,10:20,10:24,10:53,True,F260014499
5156,L11,10:21,10:23,10:24,False,F260014498
5157,M32,10:21,10:23,11:28,True,F260014498
5158,A2,10:14,10:19,10:22,True,F260014495
5159,E16,10:10,10:13,10:40,True,F260014493
5160,A10,10:10,10:12,10:24,True,F260014494
5161,E24,10:00,,10:00,False,F260014491
5162,L6,10:00,10:08,10:27,True,F260014491
5163,M31,10:02,10:10,10:25,False,F260014491
5164,E24,10:00,10:02,10:11,True,F260014488
5165,L6,10:00,,10:00,False,F260014488
5166,E11,09:53,09:57,10:08,True,F260014486
5167,EVENT12,09:48,09:48,,True,F260014484
5168,WAMU-EMS,09:51,09:51,,False,F260014484
5169,E8,09:37,09:41,09:53,True,F260014482
5170,A22,09:21,09:24,09:43,True,F260014481
5171,E27,09:18,09:22,09:50,True,F260014479
5172,R1,09:18,09:25,09:48,False,F260014479
5173,E33,09:09,09:14,09:41,True,F260014475
5174,M28,09:10,09:19,09:50,False,F260014475
5175,EVENT11,09:09,09:09,,True,F260014476
5176,TMOB-EMS,09:09,09:09,,False,F260014476
5177,E18,09:06,09:11,09:20,True,F260014474
5178,L13,09:00,09:06,09:19,True,F260014472
5179,E34,08:52,08:58,09:24,True,F260014471
5180,E2,08:43,08:49,08:57,True,F260014466
5181,E10,08:36,08:41,08:45,True,F260014465
5182,A2,08:57,09:04,09:16,True,F260014464
5183,E8,08:27,08:32,08:56,True,F260014462
5184,L6,08:27,08:32,08:47,False,F260014462
5185,A5,08:27,08:32,09:03,False,F260014461
5186,M1,08:27,08:37,08:39,True,F260014461
5187,E40,08:23,08:27,08:45,True,F260014459
5188,M17,08:25,08:34,09:25,False,F260014459
5189,E24,08:22,08:29,08:43,True,F260014458
5190,E17,08:06,,08:07,True,F260014454
5191,A2,08:03,08:08,08:39,True,F260014453
5192,L13,08:01,08:07,08:21,True,F260014452
5193,A14,07:55,07:58,08:10,True,F260014449
5194,M10,07:55,,07:57,False,F260014449
5195,M32,07:56,07:57,08:00,False,F260014449
5196,R1,07:55,,07:57,False,F260014449
5197,E5,07:34,07:39,07:46,True,F260014447
5198,L13,07:33,07:39,07:52,True,F260014446
5199,E28,07:28,07:31,07:35,True,F260014443
5200,E10,07:28,07:35,07:38,True,F260014444
5201,A2,07:25,07:30,07:48,False,F260014441
5202,M32,07:25,,07:36,True,F260014441
5203,A25,07:20,07:28,08:00,True,F260014440
5204,M17,07:21,07:32,07:35,False,F260014440
5205,R1,07:05,07:08,07:12,True,F260014439
5206,E13,06:49,06:55,06:59,True,F260014438
5207,R1,06:49,06:55,07:00,False,F260014438
5208,E20,06:44,06:48,07:10,True,F260014436
5209,E30,06:42,06:46,06:47,True,F260014435
5210,A7,06:44,06:49,07:08,True,F260014434
5211,A2,06:39,06:44,07:13,False,F260014433
5212,M1,06:39,06:57,08:09,True,F260014433
5213,E39,06:40,06:45,07:05,True,F260014432
5214,A10,05:52,06:05,06:18,True,F260014422
5215,E2,05:53,05:58,06:02,True,F260014421
5216,A2,05:41,05:46,06:01,False,F260014420
5217,M1,05:41,,05:48,True,F260014420
5218,E39,05:21,05:26,06:06,False,F260014418
5219,E39,06:09,06:09,06:13,True,F260014418
5220,M17,05:22,05:36,06:07,False,F260014418
5221,E16,05:12,05:17,05:34,True,F260014417
5222,L9,05:12,05:17,05:32,False,F260014417
5223,E5,04:57,05:01,05:06,True,F260014416
5224,E18,04:45,04:49,04:52,True,F260014415
5225,A5,04:42,04:56,05:03,True,F260014414
5226,E21,04:17,04:20,04:39,True,F260014412
5227,A2,04:14,04:20,04:38,True,F260014411
5228,E31,04:03,04:06,04:15,True,F260014410
5229,L11,03:52,03:56,04:22,False,F260014408
5230,M32,03:52,03:57,04:26,True,F260014408
5231,E11,03:47,03:52,04:05,True,F260014407
5232,A10,03:32,03:36,04:04,False,F260014404
5233,M17,03:32,,03:42,True,F260014404
5234,A25,03:28,03:35,03:46,True,F260014403
5235,E20,03:26,03:31,03:56,True,F260014402
5236,A2,03:20,03:24,03:40,True,F260014401
5237,E41,03:16,03:24,03:48,True,F260014400
5238,E10,02:58,03:02,03:35,False,F260014398
5239,E5,02:56,03:00,03:38,True,F260014398
5240,M1,03:06,03:10,04:18,False,F260014398
5241,M17,02:58,,03:06,False,F260014398
5242,E2,02:57,03:02,03:06,True,F260014397
5243,E26,02:54,02:58,03:37,False,F260014395
5244,M32,02:54,,03:04,True,F260014395
5245,E16,02:46,02:51,03:20,True,F260014394
5246,E18,02:39,02:47,02:53,True,F260014393
5247,E40,02:35,02:40,03:09,True,F260014392
5248,A2,02:31,02:34,03:04,True,F260014387
5249,E2,02:30,,02:32,False,F260014387
5250,M1,02:32,02:43,03:05,False,F260014387
5251,E10,02:28,02:32,02:37,True,F260014385
5252,E20,02:26,02:29,03:10,True,F260014384
5253,A5,02:24,02:25,02:33,True,F260014383
5254,A10,02:22,02:25,02:50,True,F260014382
5255,A17,02:34,02:35,02:45,True,F260014381
5256,E17,02:30,,02:34,False,F260014381
5257,A17,02:07,02:13,02:33,True,F260014376
5258,L3,01:56,02:00,02:14,True,F260014373
5259,A5,01:52,,02:00,True,F260014371
5260,E6,01:45,01:50,02:02,True,F260014369
5261,A2,01:45,01:53,02:04,True,F260014368
5262,A17,01:38,01:44,01:59,True,F260014366
5263,A5,01:30,,01:30,True,F260014365
5264,E10,01:30,,01:35,False,F260014365
5265,A7,01:20,01:26,01:46,True,F260014364
5266,A10,01:17,01:23,01:41,True,F260014363
5267,E26,01:12,01:18,01:29,True,F260014361
5268,L8,01:11,01:27,01:36,True,F260014360
5269,A10,01:07,01:09,01:11,True,F260014359
5270,E40,00:58,01:06,01:32,True,F260014358
5271,A10,00:45,00:51,00:57,False,F260014356
5272,E6,00:45,00:50,01:04,False,F260014356
5273,M1,00:45,,00:53,True,F260014356
5274,A5,00:46,00:51,01:06,True,F260014355
5275,E34,00:38,00:46,01:20,True,F260014352
5276,E25,00:17,00:20,00:29,False,F260014351
5277,L10,00:17,00:20,00:29,True,F260014351
5278,E20,00:10,00:14,00:46,True,F260014350
5279,E17,00:06,00:16,00:26,True,F260014348
5280,E22,00:07,00:13,00:25,True,F260014349
5281,E28,00:02,00:07,00:20,True,F260014346
5282,M28,00:02,00:12,00:14,False,F260014346
5283,E31,00:00,00:05,00:28,False,F260014345
5284,M18,00:00,,00:07,True,F260014345
5285,A2,23:54,23:59,00:16,True,F260014342
5286,A17,23:43,23:48,00:16,True,F260014338
5287,E17,23:44,,23:49,False,F260014338
5288,M17,23:44,23:49,00:17,False,F260014338
5289,E8,23:39,23:45,23:47,True,F260014333
5290,A25,23:36,23:40,00:01,True,F260014332
5291,E32,23:28,,23:32,True,F260014326
5292,E9,23:24,23:28,23:35,True,F260014324
5293,B6,23:22,23:30,23:42,False,F260014323
5294,E38,23:22,23:26,00:05,True,F260014323
5295,L9,23:22,23:30,23:46,False,F260014323
5296,A2,02:07,02:10,02:31,True,F260014321
5297,E35,23:14,23:19,00:02,True,F260014318
5298,A7,23:08,23:15,23:34,True,F260014317
5299,E28,23:04,23:08,23:25,True,F260014316
5300,E37,22:58,23:04,23:31,True,F260014314
5301,E16,22:45,22:49,23:20,True,F260014312
5302,M17,22:45,22:54,23:20,False,F260014312
5303,E2,22:42,22:45,23:11,False,F260014311
5304,M1,22:42,22:48,23:59,True,F260014311
5305,A2,22:38,22:43,23:07,False,F260014310
5306,E2,22:38,,22:40,False,F260014310
5307,M1,22:38,,22:41,True,F260014310
5308,E6,22:32,22:36,22:56,True,F260014309
5309,L3,22:32,22:36,22:54,False,F260014309
5310,A17,22:25,22:36,23:04,True,F260014307
5311,L12,22:16,22:26,22:47,True,F260014305
5312,E28,22:12,22:17,22:21,True,F260014302
5313,E27,22:13,22:28,23:12,True,F260014303
5314,E33,22:11,22:15,22:30,True,F260014301
5315,E25,22:13,22:16,22:28,True,F260014298
5316,E41,22:07,22:10,22:32,True,F260014299
5317,M18,22:07,22:18,23:27,False,F260014299
5318,A10,21:56,,21:57,False,F260014295
5319,A14,21:56,,21:57,False,F260014295
5320,AIR10,21:56,,21:57,False,F260014295
5321,B5,21:56,,21:57,False,F260014295
5322,B7,21:56,22:05,22:40,False,F260014295
5323,DEP1,21:56,,21:57,False,F260014295
5324,E26,21:56,,21:57,False,F260014295
5325,E27,21:56,,21:57,False,F260014295
5326,E32,21:56,,21:57,False,F260014295
5327,E36,21:56,,21:57,False,F260014295
5328,E37,21:56,22:02,22:41,True,F260014295
5329,L1,21:56,,21:57,False,F260014295
5330,L11,21:56,,21:57,False,F260014295
5331,L13,21:56,22:02,22:41,False,F260014295
5332,M1,21:56,,21:57,False,F260014295
5333,M44,21:56,,21:57,False,F260014295
5334,MAR5,21:56,,21:57,False,F260014295
5335,R1,21:56,,21:57,False,F260014295
5336,REHAB1,21:56,,21:57,False,F260014295
5337,SAFT2,21:56,,21:57,False,F260014295
5338,STAF10,21:56,,21:57,False,F260014295
5339,E24,22:18,22:21,22:26,True,F260014294
5340,A17,21:50,21:56,22:09,True,F260014292
5341,A5,21:47,22:01,22:14,False,F260014291
5342,B2,21:47,,21:49,False,F260014291
5343,E10,21:47,,21:49,True,F260014291
5344,M32,21:47,,21:49,False,F260014291
5345,M44,21:47,,21:49,False,F260014291
5346,B6,21:47,21:52,22:07,False,F260014290
5347,E17,21:47,21:52,22:03,True,F260014290
5348,L9,21:47,21:52,22:04,False,F260014290
5349,A2,21:54,21:56,22:05,True,F260014289
5350,E11,21:42,21:49,21:58,True,F260014287
5351,E31,21:42,21:47,22:08,True,F260014288
5352,A2,21:30,21:36,21:53,False,F260014285
5353,M1,21:30,21:38,21:49,True,F260014285
5354,E29,21:18,21:25,22:27,True,F260014281
5355,M32,21:52,21:58,23:18,False,F260014281
5356,E32,21:19,21:22,21:35,True,F260014282
5357,L11,21:21,,21:25,False,F260014282
5358,R1,21:19,,21:21,False,F260014282
5359,E28,21:15,21:22,21:39,True,F260014280
5360,E13,21:15,21:18,21:31,True,F260014279
5361,E29,21:07,,21:09,False,F260014276
5362,E32,21:06,21:11,21:19,True,F260014276
5363,M32,21:07,,21:09,False,F260014276
5364,E30,21:05,21:08,21:20,True,F260014274
5365,E33,21:01,21:09,21:32,True,F260014273
5366,M28,21:02,21:09,22:15,False,F260014273
5367,E13,20:57,21:03,21:07,True,F260014271
5368,E17,20:52,20:56,21:02,True,F260014269
5369,E40,20:47,20:52,21:45,True,F260014268
5370,M17,21:16,21:20,22:20,False,F260014268
5371,A17,20:40,20:47,21:09,False,F260014264
5372,M17,20:40,20:47,21:16,True,F260014264
5373,A10,20:36,20:39,20:43,True,F260014262
5374,E28,20:38,20:41,20:49,True,F260014263
5375,E5,20:33,20:37,20:55,True,F260014261
5376,L10,20:33,20:39,20:48,False,F260014261
5377,E10,20:28,20:31,20:40,True,F260014258
5378,L1,20:28,20:32,20:39,False,F260014258
5379,E20,20:23,20:28,20:39,True,F260014255
5380,E22,20:21,20:24,20:48,False,F260014254
5381,M17,20:21,,20:28,True,F260014254
5382,E32,20:15,20:19,20:24,True,F260014253
5383,A25,20:09,20:13,20:47,True,F260014252
5384,A7,20:07,20:14,20:31,True,F260014249
5385,A31,19:55,20:00,20:18,True,F260014248
5386,E29,19:52,19:59,20:06,True,F260014247
5387,L11,19:52,,19:53,False,F260014247
5388,E38,19:44,19:49,20:01,True,F260014246
5389,L9,19:44,,19:53,False,F260014246
5390,A5,19:32,19:34,20:18,True,F260014245
5391,A10,19:22,19:24,19:33,True,F260014242
5392,E2,19:14,19:19,19:34,True,F260014236
5393,L4,19:14,,19:18,False,F260014236
5394,E37,19:15,19:21,19:48,True,F260014237
5395,L13,19:15,19:21,20:07,False,F260014237
5396,E41,19:08,19:10,19:16,True,F260014234
5397,L8,19:08,,19:10,False,F260014234
5398,E11,19:05,19:11,19:35,True,F260014232
5399,E10,19:03,19:07,19:43,True,F260014230
5400,E9,18:58,19:02,19:05,True,F260014229
5401,E25,18:51,18:55,19:04,True,F260014228
5402,L10,18:51,18:56,19:04,False,F260014228
5403,L9,18:47,19:00,19:15,True,F260014227
5404,B7,18:41,18:41,18:42,True,F260014224
5405,E32,18:41,,18:42,False,F260014224
5406,E38,18:36,18:41,18:54,True,F260014223
5407,L4,18:26,18:35,18:49,True,F260014221
5408,A25,18:24,18:27,18:35,True,F260014219
5409,E25,18:23,,18:24,False,F260014219
5410,A14,18:22,,18:24,True,F260014217
5411,A5,18:22,,18:33,False,F260014217
5412,B2,18:22,,18:31,False,F260014217
5413,B4,18:22,,18:30,False,F260014217
5414,E2,18:22,,18:33,False,F260014217
5415,E5,18:22,,18:33,False,F260014217
5416,E9,18:22,,18:32,False,F260014217
5417,FIREBOAT,18:22,,18:30,False,F260014217
5418,L6,18:22,,18:31,False,F260014217
5419,M18,18:22,,18:30,False,F260014217
5420,M44,18:22,,18:32,False,F260014217
5421,PTRL4,18:22,,18:33,False,F260014217
5422,R1,18:22,,18:33,False,F260014217
5423,SAFT2,18:22,,18:33,False,F260014217
5424,L12,18:19,18:35,18:46,True,F260014216
5425,A17,18:17,18:24,19:04,True,F260014215
5426,E41,18:14,18:16,18:21,True,F260014214
5427,L8,18:14,,18:19,False,F260014214
5428,E29,18:14,18:18,19:04,False,F260014213
5429,M1,18:14,18:27,19:39,True,F260014213
5430,E30,18:08,18:14,18:20,True,F260014212
5431,E32,18:02,18:09,18:24,True,F260014211
5432,E10,18:01,,18:02,False,F260014210
5433,L1,18:02,18:05,18:30,True,F260014210
5434,M10,18:01,18:08,18:31,False,F260014210
5435,A25,17:55,18:00,18:20,False,F260014208
5436,M17,17:55,,18:02,False,F260014208
5437,M32,18:02,18:02,18:51,True,F260014208
5438,A4,17:54,17:58,18:20,False,F260014207
5439,M1,17:54,18:04,18:04,True,F260014207
5440,E21,17:57,18:03,18:30,True,F260014209
5441,A7,17:57,18:27,18:31,True,F260014205
5442,E6,18:22,18:24,18:30,False,F260014205
5443,A10,17:52,17:57,18:25,True,F260014202
5444,E34,17:52,17:57,18:19,False,F260014203
5445,M10,17:52,,18:00,True,F260014203
5446,E6,17:52,17:54,18:02,True,F260014204
5447,L3,17:52,17:54,18:02,False,F260014204
5448,E33,17:48,17:53,18:11,True,F260014200
5449,E38,17:42,17:48,18:08,True,F260014196
5450,A5,17:42,17:44,18:10,True,F260014195
5451,E28,17:40,17:44,18:01,True,F260014193
5452,A7,17:40,17:44,17:54,True,F260014192
5453,E10,17:34,17:37,17:53,True,F260014191
5454,L1,17:34,17:37,17:55,False,F260014191
5455,E2,17:36,17:42,18:05,True,F260014190
5456,E25,17:34,,17:36,False,F260014190
5457,L4,17:34,,17:39,False,F260014190
5458,L4,17:43,17:47,18:02,False,F260014190
5459,E24,17:30,17:35,17:54,False,F260014189
5460,M17,17:30,,17:38,True,F260014189
5461,E2,17:30,17:33,17:35,True,F260014188
5462,A31,17:30,17:34,17:51,True,F260014187
5463,E35,17:25,17:36,18:09,True,F260014186
5464,E27,17:24,17:28,17:44,False,F260014184
5465,M28,17:24,,17:33,True,F260014184
5466,E39,17:25,17:28,17:40,True,F260014185
5467,A4,17:22,17:27,17:31,True,F260014183
5468,E37,17:22,17:22,17:49,False,F260014182
5469,L13,17:20,,17:22,True,F260014182
5470,E33,17:15,17:19,17:42,True,F260014181
5471,E26,17:04,17:07,17:49,True,F260014179
5472,E37,17:02,17:06,17:22,True,F260014178
5473,M32,17:03,17:10,18:01,False,F260014178
5474,E20,17:04,17:07,17:28,True,F260014177
5475,E16,16:59,17:05,17:12,True,F260014175
5476,L5,16:59,,17:06,False,F260014175
5477,E27,16:48,16:54,17:08,False,F260014170
5478,M1,16:48,,16:58,True,F260014170
5479,B7,16:44,16:51,16:59,False,F260014168
5480,E28,16:44,16:54,16:55,True,F260014168
5481,L12,16:44,16:53,17:28,False,F260014168
5482,M28,16:44,16:55,16:57,False,F260014168
5483,A14,16:41,16:53,17:45,False,F260014165
5484,E33,16:35,16:38,17:05,True,F260014165
5485,E37,16:30,16:33,16:40,True,F260014163
5486,H1,16:29,16:29,17:28,True,F260014161
5487,L12,16:17,16:20,16:42,True,F260014157
5488,A10,16:14,16:17,16:33,True,F260014156
5489,E8,16:07,16:11,16:26,True,F260014153
5490,A10,16:06,,16:09,False,F260014151
5491,E6,16:06,16:10,16:14,False,F260014151
5492,H99,16:10,16:11,16:17,False,F260014151
5493,M10,16:06,,16:09,True,F260014151
5494,A17,16:06,16:13,16:30,True,F260014150
5495,A5,15:59,,15:59,False,F260014143
5496,A5,16:00,,16:08,False,F260014143
5497,B5,15:59,,15:59,False,F260014143
5498,B7,16:00,16:10,16:16,False,F260014143
5499,E28,15:59,,15:59,False,F260014143
5500,E28,16:00,16:04,16:16,False,F260014143
5501,E33,15:59,,15:59,False,F260014143
5502,E33,16:00,16:04,16:17,True,F260014143
5503,L12,15:59,,15:59,False,F260014143
5504,L12,16:00,16:04,16:13,False,F260014143
5505,M1,15:59,,15:59,False,F260014143
5506,M1,16:00,,16:08,False,F260014143
5507,M28,15:59,,15:59,False,F260014143
5508,M28,16:00,,16:08,False,F260014143
5509,M28,16:12,16:12,16:16,False,F260014143
5510,M44,15:59,,15:59,False,F260014143
5511,M44,16:00,,16:08,False,F260014143
5512,SAFT2,15:59,,15:59,False,F260014143
5513,SAFT2,16:00,,16:08,False,F260014143
5514,A31,15:58,15:59,16:57,False,F260014141
5515,L5,15:57,,15:58,False,F260014141
5516,M17,15:57,,16:06,True,F260014141
5517,E30,15:44,15:50,15:54,True,F260014137
5518,A5,15:39,15:39,15:40,True,F260014134
5519,A4,15:38,15:42,15:48,False,F260014133
5520,B5,15:38,,15:48,False,F260014133
5521,E5,15:41,15:44,16:01,True,F260014133
5522,L1,15:38,,15:41,False,F260014133
5523,M10,15:38,15:45,15:48,False,F260014133
5524,M44,15:38,15:46,15:48,False,F260014133
5525,E31,15:39,15:43,16:19,True,F260014132
5526,L11,15:38,15:42,16:07,True,F260014131
5527,A10,15:31,15:37,16:05,True,F260014129
5528,E13,15:30,15:35,15:56,True,F260014128
5529,M1,15:33,,15:46,False,F260014128
5530,H2,15:29,15:38,15:40,True,F260014127
5531,E32,15:21,15:25,15:57,True,F260014123
5532,E34,15:16,15:27,15:32,True,F260014121
5533,L1,15:16,15:22,15:37,False,F260014121
5534,E21,15:16,15:17,15:38,True,F260014120
5535,M18,15:21,15:30,17:03,False,F260014120
5536,A5,15:13,15:16,15:36,True,F260014119
5537,H99,15:16,15:27,15:29,False,F260014119
5538,L3,15:06,15:10,15:16,True,F260014118
5539,A25,15:03,15:06,15:37,True,F260014117
5540,E9,14:57,15:00,15:12,True,F260014113
5541,A14,14:57,,15:00,False,F260014112
5542,A17,14:57,15:06,15:39,False,F260014112
5543,AIR10,14:57,15:11,15:42,False,F260014112
5544,B2,14:57,15:02,15:39,False,F260014112
5545,B6,14:55,15:02,16:01,False,F260014112
5546,DEP1,14:57,15:10,15:24,False,F260014112
5547,E17,14:57,15:04,15:54,False,F260014112
5548,E2,14:57,15:04,15:49,False,F260014112
5549,E22,14:55,15:00,16:22,True,F260014112
5550,E25,14:57,15:06,15:38,False,F260014112
5551,E5,14:57,15:07,15:40,False,F260014112
5552,L10,14:57,15:08,15:39,False,F260014112
5553,L4,14:57,15:05,15:43,False,F260014112
5554,L9,14:55,15:03,16:21,False,F260014112
5555,M10,14:57,15:07,15:35,False,F260014112
5556,M44,14:57,15:05,15:35,False,F260014112
5557,MAR5,14:57,15:23,15:50,False,F260014112
5558,R1,14:57,15:15,15:37,False,F260014112
5559,REHAB1,14:57,15:15,15:16,False,F260014112
5560,SAFT2,14:57,15:06,15:42,False,F260014112
5561,STAF10,14:57,15:06,15:45,False,F260014112
5562,A10,14:56,15:01,15:27,True,F260014111
5563,E37,14:51,14:54,15:17,True,F260014108
5564,E18,14:52,14:54,15:02,False,F260014107
5565,L8,14:50,,14:52,True,F260014107
5566,A4,14:50,14:53,15:10,True,F260014106
5567,H99,14:56,15:02,15:10,False,F260014106
5568,B5,14:49,,14:50,False,F260014105
5569,B7,14:50,,14:56,False,F260014105
5570,E26,14:48,14:54,15:07,True,F260014105
5571,L13,14:48,,14:56,False,F260014105
5572,A31,14:40,,14:45,False,F260014101
5573,E31,14:40,,14:45,False,F260014101
5574,H99,14:43,,14:46,False,F260014101
5575,M17,14:40,,14:45,True,F260014101
5576,E5,14:39,14:44,14:54,True,F260014100
5577,L1,14:39,14:44,14:45,False,F260014100
5578,A31,15:01,15:05,15:58,False,F260014098
5579,L5,14:48,14:52,15:10,True,F260014098
5580,E39,14:27,14:29,14:41,True,F260014096
5581,L5,14:27,,14:31,False,F260014096
5582,E24,14:22,14:26,14:43,True,F260014095
5583,E21,14:21,14:25,14:44,False,F260014094
5584,L8,14:21,14:29,14:39,True,F260014094
5585,E13,14:18,14:23,14:40,True,F260014093
5586,L3,14:18,14:25,14:40,False,F260014093
5587,A25,14:15,14:20,14:52,True,F260014092
5588,H2,14:28,15:01,15:19,False,F260014089
5589,L12,14:10,14:16,14:30,True,F260014089
5590,MIH,14:23,,14:28,False,F260014089
5591,E17,14:10,14:15,14:38,True,F260014088
5592,E33,14:02,14:06,14:37,True,F260014087
5593,L6,13:58,14:10,14:19,True,F260014085
5594,A17,14:07,,14:11,False,F260014086
5595,E16,13:58,14:01,14:29,True,F260014086
5596,E28,13:51,13:53,14:20,True,F260014083
5597,E33,13:48,13:51,13:58,True,F260014082
5598,L12,13:48,,13:50,False,F260014082
5599,E10,13:45,13:48,14:23,False,F260014081
5600,M1,13:45,13:50,14:13,True,F260014081
5601,A4,13:40,13:43,13:58,True,F260014079
5602,A2,13:42,,13:43,True,F260014078
5603,E34,13:33,13:38,14:00,True,F260014075
5604,E8,13:31,13:35,13:50,True,F260014073
5605,A5,13:26,13:33,13:47,True,F260014069
5606,E33,13:25,13:29,13:35,True,F260014066
5607,L4,13:22,13:28,13:36,True,F260014065
5608,A4,13:24,13:25,13:27,True,F260014063
5609,A10,13:18,13:28,13:52,True,F260014062
5610,B5,13:18,,13:25,False,F260014062
5611,E10,13:18,,13:25,False,F260014062
5612,M1,13:18,13:21,13:25,False,F260014062
5613,M44,13:18,,13:24,False,F260014062
5614,E11,13:12,13:16,13:23,True,F260014059
5615,L4,13:13,,13:15,True,F260014060
5616,L9,13:06,13:08,13:28,True,F260014057
5617,E5,13:05,13:09,13:14,True,F260014055
5618,A31,13:05,13:10,13:32,True,F260014056
5619,A17,12:57,13:01,13:15,True,F260014051
5620,A5,12:49,12:52,13:08,True,F260014048
5621,E18,12:39,12:41,13:07,True,F260014044
5622,L9,12:39,,12:47,False,F260014044
5623,E10,12:37,12:41,12:52,True,F260014042
5624,L4,12:37,12:42,12:51,False,F260014042
5625,E8,12:38,12:42,12:52,True,F260014043
5626,H2,12:36,12:36,13:22,True,F260014041
5627,H1,12:35,13:19,16:25,True,F260014040
5628,A4,12:35,12:39,13:20,True,F260014039
5629,M10,12:35,12:40,13:16,False,F260014039
5630,A10,12:34,12:36,13:05,False,F260014038
5631,M1,12:34,12:38,13:14,True,F260014038
5632,L12,12:35,12:41,12:48,True,F260014037
5633,A2,12:17,12:22,12:39,False,F260014034
5634,M18,12:17,12:22,12:51,True,F260014034
5635,L4,12:10,12:22,12:32,True,F260014033
5636,E28,12:10,12:16,12:41,False,F260014032
5637,M1,12:10,,12:12,False,F260014032
5638,M28,12:12,12:21,13:05,True,F260014032
5639,E33,12:08,12:11,12:29,True,F260014031
5640,E32,12:02,12:03,12:04,True,F260014029
5641,L11,11:58,12:10,12:28,True,F260014028
5642,E22,11:48,11:53,12:27,True,F260014024
5643,E10,11:47,11:53,12:02,True,F260014023
5644,L3,11:47,11:52,11:58,False,F260014023
5645,L6,11:43,11:56,12:10,True,F260014022
5646,E18,11:39,11:45,11:58,True,F260014021
5647,L8,11:39,11:45,11:57,False,F260014021
5648,A4,11:36,11:40,11:43,True,F260014020
5649,A17,11:28,11:28,11:34,True,F260014019
5650,A7,11:21,11:27,11:38,True,F260014015
5651,A5,11:20,11:23,11:55,True,F260014014
5652,M10,11:20,11:25,12:09,False,F260014014
5653,A17,11:15,11:17,11:25,True,F260014013
5654,E17,11:14,,11:15,False,F260014013
5655,E26,11:07,11:12,11:54,True,F260014008
5656,MIH,11:33,,11:46,False,F260014008
5657,E29,11:05,11:17,11:19,True,F260014006
5658,E10,11:08,11:11,11:30,True,F260014005
5659,A17,11:02,11:06,11:14,True,F260014004
5660,E17,11:01,,11:02,False,F260014004
5661,L13,10:59,11:14,11:20,True,F260014001
5662,E39,10:53,10:56,11:05,True,F260013999
5663,L5,10:53,,10:58,False,F260013999
5664,A25,10:52,10:55,11:10,True,F260013996
5665,M1,10:53,11:00,11:03,False,F260013996
5666,H99,11:00,11:08,12:03,False,F260013997
5667,L11,10:51,10:55,11:12,True,F260013997
5668,EVENT12,10:49,10:49,,False,F260013994
5669,WAMU-EMS,10:48,10:48,10:49,False,F260013994
5670,WAMU-EMS,10:49,10:49,,True,F260013994
5671,E13,10:48,10:54,11:35,True,F260013993
5672,M28,11:08,11:14,12:11,False,F260013993
5673,E16,10:42,10:48,11:12,True,F260013992
5674,E38,10:37,10:42,10:58,True,F260013989
5675,L9,10:37,,10:44,False,F260013989
5676,E28,10:32,10:34,10:46,True,F260013987
5677,L12,10:32,,10:32,False,F260013987
5678,A17,10:18,10:31,10:37,True,F260013986
5679,E24,10:33,10:41,11:06,True,F260013985
5680,E28,10:15,10:20,10:31,True,F260013982
5681,E10,10:08,10:13,10:15,True,F260013981
5682,A4,10:05,10:09,10:19,True,F260013978
5683,L5,10:01,10:13,10:20,True,F260013977
5684,L8,09:57,10:04,10:26,True,F260013976
5685,E6,09:48,09:53,10:04,True,F260013975
5686,L4,09:48,09:53,10:00,False,F260013975
5687,A7,09:44,09:52,10:14,True,F260013974
5688,CHAP5,09:57,,10:09,False,F260013974
5689,CHAP6,10:09,,11:11,False,F260013974
5690,E25,09:42,,09:44,False,F260013974
5691,E28,09:38,09:42,09:52,True,F260013972
5692,A2,09:36,,09:38,False,F260013970
5693,A4,09:38,09:40,09:52,True,F260013970
5694,M10,09:37,,09:46,False,F260013970
5695,R1,09:32,09:40,09:43,True,F260013969
5696,E30,09:31,09:36,09:44,True,F260013968
5697,E37,09:19,09:23,09:29,False,F260013966
5698,L13,09:19,09:24,09:29,True,F260013966
5699,E33,09:13,09:16,09:31,True,F260013965
5700,A31,09:12,09:20,09:44,True,F260013964
5701,A4,09:07,09:11,09:21,True,F260013963
5702,E24,09:04,09:08,09:32,True,F260013962
5703,E17,08:59,09:02,09:13,True,F260013961
5704,A7,09:07,09:12,09:34,True,F260013960
5705,E28,08:53,08:58,09:18,True,F260013958
5706,A10,08:30,08:34,09:11,False,F260013954
5707,M17,08:30,08:42,09:42,True,F260013954
5708,E5,08:13,08:19,08:23,True,F260013951
5709,L1,08:13,,08:18,False,F260013951
5710,L5,08:20,,08:24,True,F260013950
5711,L9,08:13,,08:20,False,F260013950
5712,E28,08:18,08:18,08:35,True,F260013949
5713,L12,08:13,,08:15,False,F260013949
5714,E38,08:08,08:13,08:23,False,F260013948
5715,M17,08:08,,08:16,True,F260013948
5716,R1,08:08,08:18,08:25,True,F260013947
5717,E9,08:00,08:05,08:35,True,F260013944
5718,E16,07:58,08:02,08:17,True,F260013941
5719,M18,07:59,,08:08,False,F260013941
5720,L5,07:56,08:02,08:15,False,F260013940
5721,M17,07:56,,08:05,True,F260013940
5722,E24,07:52,07:56,08:09,True,F260013939
5723,E5,07:36,07:40,07:49,True,F260013936
5724,CHAP5,08:25,,08:27,False,F260013935
5725,CHAP7,08:27,,11:06,False,F260013935
5726,E29,07:39,07:46,09:00,True,F260013935
5727,E36,07:48,07:59,08:30,False,F260013935
5728,M32,07:48,07:58,09:29,False,F260013935
5729,A25,07:49,07:59,08:47,False,F260013934
5730,E22,07:33,07:38,08:14,True,F260013934
5731,E34,07:30,07:33,08:03,True,F260013933
5732,L10,07:30,07:37,07:49,False,F260013933
5733,A2,07:25,07:29,07:48,True,F260013932
5734,M17,07:25,,07:45,False,F260013932
5735,E40,07:23,07:28,08:05,True,F260013931
5736,A5,07:10,07:13,07:26,True,F260013930
5737,A7,07:07,07:10,07:46,False,F260013929
5738,E25,07:07,07:10,07:46,False,F260013929
5739,M10,07:07,07:13,08:39,True,F260013929
5740,E29,07:00,,07:02,False,F260013927
5741,E9,06:54,06:58,07:22,True,F260013923
5742,E24,06:44,06:48,06:50,True,F260013921
5743,E31,06:42,06:46,06:53,True,F260013920
5744,L5,06:42,06:47,06:53,False,F260013920
5745,E28,06:41,06:44,07:02,False,F260013919
5746,M28,06:41,06:56,07:24,True,F260013919
5747,A10,06:41,06:44,07:11,True,F260013918
5748,E18,06:30,,06:38,True,F260013915
5749,B7,06:25,06:29,07:26,False,F260013912
5750,E32,06:25,06:29,08:22,True,F260013912
5751,L11,06:25,06:29,08:06,False,F260013912
5752,L10,06:11,06:11,06:20,True,F260013905
5753,A17,06:06,06:16,06:22,False,F260013904
5754,E16,06:06,06:13,06:28,False,F260013904
5755,E17,06:06,06:16,06:28,True,F260013904
5756,A5,06:04,06:08,06:22,True,F260013902
5757,B2,05:51,05:56,06:10,False,F260013899
5758,E10,05:51,05:55,06:10,True,F260013899
5759,L1,05:51,05:55,06:10,False,F260013899
5760,E25,05:46,05:50,06:03,True,F260013896
5761,L10,05:46,05:51,06:09,False,F260013896
5762,E10,05:28,05:34,05:45,True,F260013895
5763,E28,05:27,05:34,05:45,True,F260013894
5764,A10,05:27,05:30,06:01,True,F260013893
5765,E16,05:23,05:35,05:35,True,F260013892
5766,E41,05:21,05:26,05:42,True,F260013891
5767,E31,05:13,05:18,05:22,True,F260013890
5768,E24,05:06,05:10,05:29,True,F260013887
5769,A17,04:59,,05:02,True,F260013886
5770,E16,05:02,05:12,05:18,False,F260013886
5771,E39,04:30,04:35,05:02,True,F260013885
5772,M17,04:30,,04:39,False,F260013885
5773,E35,04:16,04:21,04:47,True,F260013883
5774,A25,04:18,04:30,04:42,True,F260013884
5775,E25,04:11,04:15,04:28,True,F260013882
5776,L10,04:11,04:15,04:29,False,F260013882
5777,L8,04:01,04:07,04:25,True,F260013881
5778,E18,03:46,03:49,04:32,False,F260013879
5779,M18,03:46,03:51,04:25,True,F260013879
5780,E16,03:46,03:50,04:15,True,F260013878
5781,L5,03:42,03:51,04:11,True,F260013877
5782,A2,03:37,03:40,03:56,True,F260013876
5783,A5,03:20,03:23,03:45,True,F260013872
5784,E30,03:10,03:14,03:43,True,F260013870
5785,E24,02:44,02:49,02:50,True,F260013868
5786,E2,02:30,02:36,02:58,True,F260013867
5787,E29,02:53,02:57,03:02,True,F260013866
5788,E31,02:29,02:34,02:56,True,F260013865
5789,A2,02:28,02:32,02:49,True,F260013863
5790,A10,02:17,02:21,02:39,False,F260013861
5791,M1,02:17,02:23,03:27,True,F260013861
5792,A2,02:17,02:21,02:27,True,F260013860
5793,A5,02:09,02:18,02:40,True,F260013859
5794,E34,01:53,01:58,02:04,True,F260013858
5795,E33,01:43,01:47,02:12,True,F260013857
5796,E5,01:33,01:38,01:45,True,F260013856
5797,L1,01:33,01:38,01:43,False,F260013856
5798,L6,01:32,01:43,01:57,True,F260013855
5799,E2,01:18,01:21,01:31,True,F260013850
5800,L4,01:18,01:21,01:29,False,F260013850
5801,E38,01:13,01:18,02:02,True,F260013849
5802,M17,01:14,01:21,01:59,False,F260013849
5803,E10,01:11,01:14,01:20,False,F260013848
5804,E6,01:11,01:14,01:20,False,F260013848
5805,M10,01:11,01:16,01:19,True,F260013848
5806,A10,01:10,01:13,01:44,True,F260013847
5807,L9,01:06,01:18,01:23,True,F260013846
5808,A5,01:01,01:04,01:19,True,F260013845
5809,E34,00:56,01:01,01:12,True,F260013844
5810,E37,00:51,00:54,01:10,True,F260013842
5811,A2,00:37,00:42,01:04,True,F260013841
5812,E16,00:29,00:33,00:41,True,F260013837
5813,E9,00:24,00:28,00:41,True,F260013836
5814,E10,23:55,23:58,00:12,True,F260013834
5815,E11,23:53,23:57,00:17,True,F260013833
5816,E8,23:51,23:55,00:16,True,F260013832
5817,A10,23:42,23:45,00:06,True,F260013826
5818,M1,23:42,23:47,00:27,False,F260013826
5819,A7,23:43,23:48,00:02,True,F260013825
5820,A5,23:35,23:39,00:26,False,F260013820
5821,E6,23:33,23:38,00:45,True,F260013820
5822,M10,23:35,23:40,01:04,False,F260013820
5823,L12,23:31,23:35,23:43,True,F260013819
5824,E2,22:54,23:16,23:18,True,F260013815
5825,E16,22:53,22:58,23:12,True,F260013814
5826,E2,22:48,22:52,22:53,True,F260013813
5827,E40,22:49,22:55,23:26,True,F260013812
5828,A2,22:47,22:51,23:00,True,F260013811
5829,E31,22:36,22:42,23:00,True,F260013810
5830,E29,22:35,22:42,23:05,True,F260013809
5831,E25,22:31,22:35,22:39,True,F260013807
5832,L10,22:31,22:35,22:40,False,F260013807
5833,E40,22:29,22:36,22:43,True,F260013805
5834,E39,22:26,22:34,23:11,True,F260013804
5835,M17,22:33,22:44,22:47,False,F260013804
5836,E28,22:22,22:27,22:42,True,F260013802
5837,L6,22:22,22:27,22:32,True,F260013801
5838,E5,22:18,22:22,22:27,True,F260013800
5839,E24,22:13,22:17,22:26,True,F260013798
5840,E6,22:12,22:18,22:34,False,F260013799
5841,M1,22:12,22:19,22:56,True,F260013799
5842,E25,22:09,22:17,22:18,True,F260013797
5843,E39,22:06,22:11,22:23,True,F260013796
5844,A2,22:05,22:09,22:32,True,F260013795
5845,M10,22:06,,22:11,False,F260013795
5846,E35,21:55,21:59,22:13,True,F260013794
5847,A25,21:41,21:46,22:28,True,F260013793
5848,E18,21:35,21:36,22:01,False,F260013790
5849,L8,21:35,21:37,21:43,False,F260013790
5850,M18,21:35,,21:38,True,F260013790
5851,E16,21:35,21:39,21:51,True,F260013791
5852,L5,21:27,21:32,21:42,True,F260013788
5853,E24,21:28,21:32,21:45,True,F260013787
5854,E30,21:24,21:26,21:52,False,F260013785
5855,M1,21:24,,21:30,True,F260013785
5856,E9,21:11,21:18,21:18,True,F260013781
5857,A7,21:03,21:08,21:34,True,F260013780
5858,E17,20:59,21:01,21:27,True,F260013779
5859,L9,20:59,21:02,21:21,False,F260013779
5860,E2,20:38,20:41,20:49,True,F260013773
5861,A10,20:39,20:41,21:03,True,F260013774
5862,A2,20:37,20:40,20:43,True,F260013772
5863,A4,20:35,,20:37,False,F260013772
5864,E10,20:25,20:29,20:36,True,F260013770
5865,L1,20:25,20:30,20:30,False,F260013770
5866,E30,20:25,20:28,20:41,True,F260013769
5867,A14,20:17,20:24,20:57,True,F260013767
5868,E24,20:14,20:16,20:35,True,F260013766
5869,E20,20:08,20:14,20:18,True,F260013764
5870,FB1,20:04,20:04,20:45,True,F260013763
5871,E13,20:03,20:07,20:25,True,F260013762
5872,A5,20:02,20:05,20:19,True,F260013761
5873,E16,19:57,19:59,20:19,True,F260013760
5874,E18,20:00,20:08,20:09,True,F260013759
5875,E35,19:48,,19:50,True,F260013756
5876,A25,19:51,19:55,20:04,True,F260013754
5877,E28,19:39,19:43,19:52,True,F260013753
5878,L12,19:39,19:43,19:51,False,F260013753
5879,B2,19:38,,19:43,False,F260013752
5880,E2,19:38,19:41,19:43,True,F260013752
5881,L4,19:38,19:42,19:43,False,F260013752
5882,E38,19:54,19:59,20:17,True,F260013751
5883,E33,19:32,19:35,19:41,True,F260013750
5884,E24,19:23,19:28,19:40,True,F260013749
5885,L5,19:23,19:30,19:32,False,F260013749
5886,A31,19:23,19:28,19:49,True,F260013748
5887,A17,19:22,19:26,19:38,True,F260013747
5888,A4,19:19,19:22,19:45,True,F260013746
5889,A10,19:17,19:20,19:35,True,F260013745
5890,E28,19:13,19:20,19:32,True,F260013744
5891,A5,19:02,19:05,19:28,True,F260013741
5892,E16,19:04,19:09,19:26,True,F260013740
5893,A2,18:55,18:55,19:13,True,F260013739
5894,E35,18:49,,18:55,True,F260013737
5895,E21,18:48,18:51,19:13,True,F260013736
5896,E24,18:42,18:47,18:55,True,F260013734
5897,L5,18:42,,18:48,False,F260013734
5898,A2,18:39,18:43,18:54,True,F260013733
5899,E22,18:35,18:43,19:35,True,F260013732
5900,E25,18:30,18:33,18:51,True,F260013731
5901,L4,18:26,18:28,18:34,True,F260013728
5902,E10,18:22,18:25,18:43,True,F260013724
5903,A7,18:19,18:23,18:44,True,F260013723
5904,H99,18:17,18:18,18:33,True,F260013722
5905,E9,18:13,18:16,18:27,False,F260013720
5906,M18,18:13,,18:18,True,F260013720
5907,E25,18:13,18:19,18:21,True,F260013719
5908,L4,18:13,18:17,18:23,False,F260013719
5909,A17,18:11,18:12,19:03,True,F260013718
5910,E17,18:09,,18:11,False,F260013718
5911,E39,18:06,18:08,18:59,True,F260013717
5912,A2,18:04,18:11,18:36,False,F260013716
5913,M10,18:04,18:14,18:59,True,F260013716
5914,E8,17:57,,17:58,False,F260013715
5915,L6,17:58,18:03,18:28,False,F260013715
5916,M1,17:57,18:08,18:09,True,F260013715
5917,A4,17:58,18:04,18:57,False,F260013714
5918,E2,17:58,18:04,18:31,True,F260013714
5919,E5,17:58,18:09,18:30,False,F260013714
5920,H2,17:54,17:54,18:38,True,F260013713
5921,A31,17:53,18:02,18:15,True,F260013711
5922,E33,17:42,17:46,17:59,True,F260013710
5923,M28,17:42,17:50,17:51,False,F260013710
5924,E21,17:38,17:43,17:59,True,F260013709
5925,A25,17:35,17:43,18:07,True,F260013707
5926,E25,17:35,,17:35,False,F260013707
5927,E28,17:28,17:32,17:43,True,F260013704
5928,L12,17:28,17:32,17:42,False,F260013704
5929,E31,17:29,17:34,17:41,True,F260013703
5930,E24,17:25,17:28,17:39,True,F260013701
5931,L5,17:25,,17:31,False,F260013701
5932,E8,17:24,17:28,17:33,True,F260013699
5933,L6,17:24,17:28,17:30,False,F260013699
5934,A10,17:14,17:18,17:41,True,F260013696
5935,A7,17:13,17:17,17:55,True,F260013695
5936,H99,17:17,17:36,18:14,False,F260013695
5937,L10,17:16,,17:20,False,F260013695
5938,M1,17:19,,17:20,False,F260013695
5939,M10,17:16,,17:26,False,F260013695
5940,E6,17:13,17:19,17:40,True,F260013693
5941,MIH,17:30,,18:16,False,F260013693
5942,E39,17:08,17:14,17:22,True,B260013691
5943,E26,17:04,17:08,17:25,True,F260013690
5944,EVENT13,17:02,17:02,,True,F260013689
5945,PLEDG-EMS,17:03,17:03,,False,F260013689
5946,L9,17:03,17:09,17:17,True,F260013688
5947,A31,16:57,17:03,17:31,True,F260013685
5948,E17,16:59,17:07,17:21,True,F260013686
5949,E8,16:54,16:57,17:11,True,F260013683
5950,L6,16:54,16:58,17:01,False,F260013683
5951,E11,16:51,16:58,17:08,True,F260013682
5952,A5,16:43,,16:47,False,F260013681
5953,B2,16:43,,16:47,False,F260013681
5954,E6,16:43,,16:47,True,F260013681
5955,M1,16:43,,16:47,False,F260013681
5956,M44,16:43,,16:47,False,F260013681
5957,E39,16:38,16:44,17:02,False,F260013680
5958,M17,16:38,,16:48,True,F260013680
5959,E38,16:39,16:44,17:05,True,F260013679
5960,H99,16:40,16:59,17:16,False,F260013679
5961,E37,16:24,16:28,16:49,True,F260013675
5962,E2,16:20,16:26,16:30,True,F260013673
5963,L10,16:20,,16:24,False,F260013673
5964,L4,16:24,16:26,16:28,False,F260013673
5965,A25,16:20,16:29,16:39,True,F260013669
5966,E5,16:09,16:13,16:24,True,F260013667
5967,L10,16:09,,16:12,False,F260013667
5968,L4,16:12,16:17,16:22,False,F260013667
5969,A7,16:09,16:16,16:41,True,F260013666
5970,E25,17:38,17:46,18:00,True,F260013665
5971,E10,16:04,16:07,16:08,True,F260013664
5972,L4,15:55,16:02,16:10,True,F260013662
5973,E6,15:50,15:54,16:03,True,F260013659
5974,L5,15:45,,15:54,True,F260013657
5975,L11,15:47,15:56,16:17,True,F260013658
5976,A10,15:42,15:47,16:11,True,F260013656
5977,A4,15:40,15:43,16:01,True,F260013654
5978,E40,15:38,15:44,16:14,True,F260013651
5979,E39,15:12,15:17,15:46,True,F260013645
5980,E13,14:59,15:04,15:25,False,F260013644
5981,M10,15:01,15:05,15:56,False,F260013644
5982,M28,14:59,,15:02,True,F260013644
5983,E29,14:59,15:09,15:21,True,F260013643
5984,L11,14:59,15:08,15:29,False,F260013643
5985,A2,14:57,14:59,15:25,True,F260013642
5986,E21,14:54,14:58,15:02,True,F260013640
5987,A5,14:53,14:56,15:00,True,F260013639
5988,E38,14:47,14:50,15:37,False,F260013638
5989,M18,14:47,15:01,15:52,True,F260013638
5990,A4,14:40,14:44,15:22,True,F260013636
5991,M1,14:51,14:58,15:54,False,F260013636
5992,E26,14:37,14:43,14:48,True,F260013635
5993,L11,14:37,,14:43,False,F260013635
5994,L12,14:36,14:39,14:50,True,F260013634
5995,A10,14:34,14:40,15:14,True,F260013632
5996,M10,14:35,14:46,15:01,False,F260013632
5997,L1,14:31,14:41,15:18,True,F260013630
5998,E6,14:21,14:24,14:43,True,F260013628
5999,L3,14:21,14:23,14:38,False,F260013628
6000,E21,14:20,14:24,14:26,True,F260013627
6001,E13,14:04,14:07,14:55,True,F260013625
6002,M28,14:21,14:28,14:49,False,F260013625
6003,A5,14:04,14:08,14:32,True,F260013623
6004,E32,14:04,14:08,14:29,True,F260013624
6005,L11,14:04,14:08,14:32,False,F260013624
6006,E17,14:01,14:06,14:09,True,F260013621
6007,L9,14:01,14:07,14:08,False,F260013621
6008,E5,13:52,13:56,14:03,True,F260013619
6009,E27,13:40,13:45,13:47,True,F260013618
6010,A4,13:37,13:38,13:55,True,F260013617
6011,E16,13:35,13:40,13:51,True,F260013616
6012,A25,13:28,13:38,13:46,True,F260013612
6013,E31,13:27,13:32,13:50,True,F260013613
6014,H2,13:23,13:32,13:54,True,F260013611
6015,A4,13:18,13:22,13:34,True,F260013609
6016,A10,13:17,13:20,13:43,True,F260013607
6017,A31,13:17,13:24,13:42,True,F260013608
6018,H99,13:15,13:15,13:26,True,F260013606
6019,E37,13:14,13:17,13:25,True,F260013605
6020,E34,13:12,13:16,13:26,True,F260013604
6021,L1,13:12,13:18,14:25,True,F260013603
6022,R1,13:40,13:54,14:26,False,F260013603
6023,E24,13:10,13:15,13:31,True,F260013601
6024,L4,13:05,13:10,13:18,True,F260013598
6025,E18,13:09,13:19,13:41,True,F260013596
6026,E28,13:00,13:05,13:25,True,F260013594
6027,B4,12:57,13:05,14:24,False,F260013592
6028,E2,12:57,13:03,13:56,False,F260013592
6029,E9,12:57,13:01,14:25,True,F260013592
6030,L6,12:57,13:01,13:58,False,F260013592
6031,MAR5,13:22,13:45,14:37,False,F260013592
6032,MVU1,13:06,13:35,13:59,False,F260013592
6033,SAFT2,12:57,13:07,13:24,False,F260013592
6034,E11,12:56,13:04,13:16,True,F260013590
6035,B2,12:49,,12:56,False,F260013588
6036,E25,12:51,12:52,13:10,False,F260013588
6037,E34,12:49,,12:51,True,F260013588
6038,L10,12:49,12:52,13:09,False,F260013588
6039,A5,12:45,12:50,13:16,False,F260013586
6040,E10,12:45,12:51,13:12,False,F260013586
6041,E5,12:49,12:54,13:10,False,F260013586
6042,M1,12:45,12:54,14:04,True,F260013586
6043,M44,12:50,12:58,13:10,False,F260013586
6044,L9,12:43,12:52,13:02,True,F260013585
6045,E17,12:25,12:30,12:43,True,F260013582
6046,A25,12:24,12:32,12:37,True,F260013581
6047,H99,12:27,12:38,12:41,False,F260013581
6048,A2,12:19,12:23,12:42,True,F260013580
6049,A2,12:13,,12:15,True,F260013579
6050,A4,12:15,12:19,12:38,False,F260013579
6051,A5,12:09,12:09,12:21,True,F260013578
6052,A10,12:01,12:06,12:52,True,F260013576
6053,M10,12:16,12:21,13:15,False,F260013576
6054,E5,11:56,11:59,12:04,True,F260013574
6055,A10,11:53,11:56,11:59,True,F260013572
6056,H99,11:57,11:58,11:59,False,F260013572
6057,A5,11:53,11:58,12:05,True,F260013570
6058,E17,11:55,12:00,12:06,True,F260013571
6059,E16,11:44,11:48,12:01,True,F260013568
6060,M17,11:44,11:52,11:53,False,F260013568
6061,E30,11:43,11:48,12:35,True,F260013566
6062,A31,11:43,11:43,11:48,False,F260013567
6063,M18,11:42,11:44,11:49,True,F260013567
6064,E32,11:35,11:42,12:04,True,F260013565
6065,E34,11:28,11:35,11:56,True,F260013562
6066,A25,11:27,11:31,11:48,True,F260013561
6067,E22,11:23,11:25,11:34,True,F260013559
6068,E9,11:19,11:22,11:46,True,F260013558
6069,A10,11:11,11:15,11:20,True,F260013557
6070,L9,11:10,,11:12,True,F260013556
6071,A31,11:04,11:06,11:42,False,F260013554
6072,M18,11:04,11:09,11:33,True,F260013554
6073,CHAP5,11:14,,11:18,False,F260013553
6074,E22,11:04,11:09,11:11,False,F260013553
6075,E38,11:04,11:08,11:30,False,F260013553
6076,M17,11:04,,11:11,True,F260013553
6077,H2,11:03,11:17,12:15,True,F260013552
6078,E29,11:00,11:06,11:38,True,F260013551
6079,E28,10:59,11:07,11:34,False,F260013550
6080,M28,10:59,11:04,12:28,True,F260013550
6081,A4,10:55,10:58,11:38,False,F260013547
6082,M1,10:55,10:58,11:50,True,F260013547
6083,A5,11:06,11:09,11:12,True,F260013548
6084,E37,10:53,10:59,11:11,True,F260013546
6085,E18,10:51,10:56,11:06,False,F260013544
6086,E21,10:51,10:54,11:07,False,F260013544
6087,M18,10:51,10:57,10:58,True,F260013544
6088,E33,10:48,10:52,11:09,True,F260013542
6089,H1,10:41,12:09,13:38,True,F260013537
6090,E32,10:41,10:45,10:58,True,F260013538
6091,E18,10:17,10:23,10:44,True,F260013532
6092,E38,10:18,10:22,10:51,False,F260013531
6093,M17,10:18,10:27,10:30,True,F260013531
6094,E37,10:15,10:22,10:45,True,F260013528
6095,E28,10:06,10:10,10:45,True,F260013524
6096,H99,10:15,10:35,10:45,False,F260013524
6097,M28,10:11,10:16,10:39,False,F260013524
6098,A4,09:58,10:05,10:22,True,F260013521
6099,E41,09:53,09:57,10:40,True,F260013520
6100,M18,10:06,10:17,10:49,False,F260013520
6101,E18,11:50,11:53,12:27,True,F260013518
6102,E29,09:51,09:54,10:18,True,F260013519
6103,L4,09:50,09:56,10:07,True,F260013517
6104,E13,09:39,09:46,09:56,False,F260013513
6105,L3,09:39,09:43,10:15,True,F260013513
6106,E6,09:21,09:29,09:52,True,F260013511
6107,M1,09:21,09:29,10:18,False,F260013511
6108,E9,09:20,09:26,09:47,True,F260013510
6109,E28,09:18,09:20,09:35,True,F260013509
6110,E10,09:18,09:27,09:29,True,F260013508
6111,E21,09:20,09:23,09:48,True,F260013507
6112,A4,09:13,09:16,09:27,True,F260013506
6113,E13,09:12,09:23,09:27,True,F260013505
6114,E17,09:09,09:11,09:14,True,F260013504
6115,L6,09:07,09:11,09:38,True,F260013503
6116,E16,08:43,08:47,08:54,True,F260013498
6117,E30,08:38,08:43,08:47,True,F260013495
6118,E11,08:19,08:22,08:33,True,F260013490
6119,E28,08:14,08:18,08:44,True,F260013489
6120,E39,08:01,08:05,08:19,True,F260013487
6121,E32,07:46,07:50,08:27,True,F260013484
6122,M32,07:47,07:53,08:47,False,F260013484
6123,E38,07:38,07:42,07:57,True,F260013479
6124,A25,07:38,07:42,08:05,False,F260013480
6125,M10,07:38,07:46,08:33,True,F260013480
6126,E28,07:27,07:32,07:57,False,F260013476
6127,M28,07:27,07:34,07:35,True,F260013476
6128,E18,07:27,07:35,07:37,True,F260013474
6129,E25,07:27,07:33,07:51,True,F260013475
6130,L4,07:36,07:42,07:52,False,F260013475
6131,E40,07:23,07:28,07:37,False,F260013473
6132,M17,07:23,,07:33,True,F260013473
6133,A10,07:50,07:53,08:29,True,F260013471
6134,E6,07:17,07:22,07:45,False,F260013469
6135,M1,07:17,07:24,07:44,True,F260013469
6136,A5,07:17,07:22,07:35,True,F260013470
6137,L12,07:02,,07:06,True,F260013466
6138,R1,07:06,,07:08,False,F260013466
6139,A25,06:55,06:59,07:16,True,F260013465
6140,E35,06:52,06:52,07:41,True,F260013464
6141,E25,06:53,07:00,07:01,True,F260013463
6142,E37,06:51,06:57,07:05,True,F260013462
6143,E40,06:36,06:41,07:08,True,F260013461
6144,E6,06:30,06:34,07:02,True,F260013459
6145,E35,06:27,06:32,06:51,True,F260013458
6146,E2,06:20,06:24,06:55,True,F260013456
6147,L4,06:20,06:25,06:45,False,F260013456
6148,A25,06:19,06:23,06:37,True,F260013455
6149,E17,06:17,06:21,06:51,True,F260013453
6150,A10,05:58,06:05,07:22,False,F260013449
6151,M10,05:58,06:03,06:05,True,F260013449
6152,A25,05:59,,06:05,False,F260013450
6153,B6,05:59,,06:05,False,F260013450
6154,E25,05:59,06:03,06:05,True,F260013450
6155,M17,05:59,,06:04,False,F260013450
6156,E24,05:57,05:57,06:02,True,F260013448
6157,A14,05:52,,05:53,True,F260013445
6158,A5,05:52,06:01,06:14,False,F260013445
6159,AIR10,05:52,06:03,06:14,False,F260013445
6160,B2,05:56,06:10,06:14,False,F260013445
6161,B5,05:52,06:00,06:30,False,F260013445
6162,B7,05:52,,05:56,False,F260013445
6163,DEP1,05:52,05:59,06:14,False,F260013445
6164,E10,05:52,06:01,06:30,False,F260013445
6165,E13,05:52,06:01,06:14,False,F260013445
6166,E26,05:52,06:01,06:14,False,F260013445
6167,E27,05:52,06:01,06:14,False,F260013445
6168,E5,05:52,05:59,07:37,False,F260013445
6169,L1,05:52,06:00,06:30,False,F260013445
6170,L11,05:52,06:04,06:14,False,F260013445
6171,L3,05:52,06:03,06:14,False,F260013445
6172,M1,05:52,06:04,06:14,False,F260013445
6173,M44,05:52,06:10,06:14,False,F260013445
6174,MAR5,05:52,,06:14,False,F260013445
6175,MVU1,06:05,06:30,08:14,False,F260013445
6176,R1,05:52,05:57,07:06,False,F260013445
6177,REHAB1,05:52,,05:55,False,F260013445
6178,SAFT2,05:52,05:59,06:14,False,F260013445
6179,STAF10,05:52,05:59,06:14,False,F260013445
6180,A25,05:43,,05:57,False,F260013443
6181,E24,05:43,05:51,05:55,True,F260013443
6182,E39,05:43,05:50,06:02,False,F260013443
6183,E31,05:42,05:47,05:57,True,F260013442
6184,A2,05:30,05:34,05:52,True,F260013439
6185,E38,05:29,05:35,05:41,True,F260013438
6186,L5,05:27,05:37,05:58,True,F260013437
6187,E28,05:16,05:22,05:42,True,F260013429
6188,E2,05:12,05:18,05:57,True,F260013427
6189,MAR5,05:21,,05:32,False,F260013427
6190,E32,05:13,05:22,05:47,False,F260013426
6191,M32,05:13,05:22,06:30,True,F260013426
6192,E29,05:03,05:10,05:57,False,F260013421
6193,E36,05:02,05:07,06:00,True,F260013421
6194,A2,04:59,05:03,05:12,False,F260013418
6195,E2,04:59,,05:04,False,F260013418
6196,M10,04:59,,05:03,True,F260013418
6197,E38,04:56,05:01,05:23,False,F260013417
6198,M17,04:56,05:05,05:19,True,F260013417
6199,E6,04:30,04:34,05:02,False,F260013416
6200,M1,04:30,04:36,05:22,True,F260013416
6201,E39,04:22,04:29,04:46,True,F260013414
6202,E31,03:51,03:56,04:16,False,F260013412
6203,M31,03:51,03:57,04:47,True,F260013412
6204,A25,03:42,03:48,04:17,True,F260013411
6205,A2,03:36,03:38,04:01,False,F260013410
6206,M10,03:36,03:45,04:22,True,F260013410
6207,E30,03:35,03:39,04:01,False,F260013409
6208,E6,03:35,03:40,03:43,False,F260013409
6209,M1,03:35,03:43,03:59,True,F260013409
6210,E17,03:14,03:19,03:37,True,F260013406
6211,A2,03:14,03:16,03:35,True,F260013405
6212,E6,02:55,03:02,03:16,True,F260013404
6213,A2,02:54,02:58,03:10,True,F260013403
6214,E16,02:29,02:34,02:50,True,F260013401
6215,E40,02:34,02:38,03:02,False,F260013398
6216,M31,02:34,02:47,03:29,True,F260013398
6217,E5,02:05,02:08,02:22,True,F260013397
6218,L8,01:55,02:05,02:15,True,F260013395
6219,A10,01:50,01:54,02:06,True,F260013394
6220,A2,01:25,,01:27,True,F260013392
6221,A25,01:27,01:31,02:11,False,F260013392
6222,E5,01:12,01:18,01:21,True,F260013390
6223,E2,01:03,01:05,01:20,True,F260013388
6224,L4,01:03,01:09,01:21,False,F260013388
6225,E35,01:03,01:09,01:29,True,F260013387
6226,A25,00:58,01:02,01:26,False,F260013386
6227,E2,00:58,,01:03,False,F260013386
6228,M10,00:58,01:05,01:29,True,F260013386
6229,A2,00:44,00:48,01:09,True,F260013384
6230,E31,00:41,00:48,01:01,True,F260013383
6231,E24,00:40,00:45,01:01,True,F260013382
6232,E32,00:39,00:46,01:07,True,F260013381
6233,E39,00:32,00:37,01:15,True,F260013379
6234,M31,00:33,00:48,02:03,False,F260013379
6235,E30,00:17,00:21,00:53,True,F260013378
6236,E38,00:16,00:23,00:38,True,F260013376
6237,E2,23:55,00:03,00:18,True,F260013373
6238,L4,23:55,00:03,00:19,False,F260013373
6239,E21,23:42,23:46,00:05,True,F260013371
6240,L6,23:41,23:47,00:14,False,F260013370
6241,M10,23:41,23:49,00:43,True,F260013370
6242,E9,23:38,23:42,00:00,True,F260013368
6243,A2,23:36,23:40,00:02,True,F260013367
6244,A14,23:49,,23:49,False,F260013366
6245,A25,23:49,23:52,00:18,False,F260013366
6246,AIR10,23:49,00:00,01:05,False,F260013366
6247,B2,23:38,23:42,01:24,False,F260013366
6248,B5,23:49,23:58,00:03,False,F260013366
6249,DEP1,23:49,23:56,00:04,False,F260013366
6250,E10,23:49,23:55,00:14,False,F260013366
6251,E25,23:34,23:37,01:24,True,F260013366
6252,E34,23:49,23:58,00:03,False,F260013366
6253,E5,23:49,23:56,00:14,False,F260013366
6254,E6,23:49,23:54,00:48,False,F260013366
6255,L1,23:49,23:56,00:06,False,F260013366
6256,L10,23:34,23:37,01:24,False,F260013366
6257,L3,23:49,23:55,01:13,False,F260013366
6258,M1,23:49,23:55,00:13,False,F260013366
6259,M44,23:49,23:54,00:14,False,F260013366
6260,MAR5,23:49,00:07,00:41,False,F260013366
6261,R1,23:49,23:57,00:06,False,F260013366
6262,REHAB1,23:49,00:08,00:08,False,F260013366
6263,SAFT2,23:49,23:55,00:15,False,F260013366
6264,STAF10,23:49,23:56,00:18,False,F260013366
6265,E8,23:31,23:35,23:44,True,F260013365
6266,E35,23:30,23:33,23:54,True,F260013364
6267,A25,23:15,,23:19,True,F260013362
6268,E25,23:15,,23:19,False,F260013362
6269,M1,23:15,,23:19,False,F260013362
6270,E18,00:01,00:06,00:24,True,F260013361
6271,L8,23:08,23:11,23:28,True,F260013360
6272,A5,22:57,23:01,23:21,True,F260013359
6273,E39,22:56,23:02,23:25,True,F260013356
6274,L4,22:56,23:02,23:20,True,F260013357
6275,E36,22:33,22:39,22:52,True,F260013354
6276,E24,22:30,22:34,23:03,True,F260013351
6277,E37,22:31,22:43,23:05,True,F260013353
6278,E5,23:23,23:29,23:34,True,F260013349
6279,E21,22:28,22:32,22:49,True,F260013348
6280,A10,22:39,22:42,23:18,True,F260013347
6281,E33,22:17,,22:18,True,F260013346
6282,E6,22:13,22:19,22:37,True,F260013344
6283,A2,22:07,22:12,22:30,True,F260013343
6284,E33,22:02,,22:09,True,F260013342
6285,L4,21:55,21:58,22:10,True,F260013340
6286,E9,21:47,21:50,22:59,True,F260013339
6287,E18,21:47,21:50,21:57,True,F260013338
6288,E37,21:47,21:52,22:12,True,F260013337
6289,E30,21:47,21:50,22:11,True,F260013336
6290,M10,21:47,21:55,22:14,False,F260013336
6291,A5,21:42,21:43,22:04,True,F260013335
6292,L9,21:37,21:49,22:07,True,F260013332
6293,A25,21:40,21:42,21:48,True,F260013331
6294,A5,21:40,,21:40,False,F260013331
6295,E25,21:39,,21:40,False,F260013331
6296,E22,21:34,21:36,21:39,True,F260013329
6297,E13,21:23,21:28,21:35,True,F260013328
6298,A10,21:21,21:35,21:54,True,F260013327
6299,E6,21:18,21:23,21:32,True,F260013326
6300,E28,21:16,21:21,21:32,True,F260013325
6301,E39,21:16,21:23,21:48,True,F260013324
6302,L5,21:08,21:15,21:28,True,F260013323
6303,A5,21:06,21:10,21:32,False,F260013322
6304,M1,21:06,21:09,22:02,True,F260013322
6305,E31,21:02,21:05,21:18,True,F260013321
6306,E32,21:01,21:03,21:15,True,F260013320
6307,E30,21:00,21:03,21:33,True,F260013319
6308,E16,20:55,20:58,21:14,False,F260013318
6309,M17,20:55,20:59,21:11,True,F260013318
6310,E29,20:53,20:57,21:08,True,F260013315
6311,E25,20:14,20:19,20:21,True,F260013312
6312,E24,20:11,20:15,20:19,True,F260013310
6313,A10,20:09,20:09,20:16,True,F260013309
6314,E40,20:03,20:09,20:29,True,F260013308
6315,E39,20:12,20:16,20:35,True,F260013306
6316,E21,19:59,20:07,20:18,True,F260013305
6317,A4,19:55,19:57,20:08,False,F260013304
6318,E5,19:55,19:58,19:59,False,F260013304
6319,M10,19:55,,19:59,True,F260013304
6320,E5,19:47,19:50,19:53,True,F260013301
6321,E41,19:47,19:53,20:04,True,F260013302
6322,L8,19:47,19:54,19:57,False,F260013302
6323,E13,19:48,19:50,19:54,True,F260013300
6324,A10,19:38,19:44,20:07,True,F260013297
6325,E20,19:36,19:41,20:04,True,F260013295
6326,E10,19:33,19:38,19:48,True,F260013293
6327,E17,19:16,19:20,19:28,True,F260013289
6328,A4,19:12,19:14,19:39,True,F260013288
6329,E2,19:12,19:15,19:39,False,F260013288
6330,M1,19:12,19:18,19:44,False,F260013288
6331,E25,19:09,19:14,19:24,True,F260013286
6332,L10,19:09,19:14,19:20,False,F260013286
6333,A5,19:03,19:06,19:17,True,F260013285
6334,E25,19:04,,19:06,True,F260013284
6335,E6,18:59,19:02,20:14,True,F260013283
6336,A14,18:55,19:06,19:14,False,F260013282
6337,E11,18:55,19:02,19:13,False,F260013282
6338,E26,18:55,19:01,19:14,True,F260013282
6339,A31,18:52,,18:55,False,F260013281
6340,E24,18:55,18:58,19:16,True,F260013281
6341,E24,18:44,18:47,18:54,True,F260013279
6342,E28,18:37,18:41,18:46,True,F260013277
6343,E38,18:27,18:32,18:50,True,F260013275
6344,E9,18:27,18:32,18:39,True,F260013274
6345,E35,18:20,18:28,18:32,True,F260013272
6346,E18,18:19,18:20,18:35,True,F260013271
6347,L8,18:17,,18:19,False,F260013271
6348,E24,18:07,18:10,18:31,True,F260013269
6349,E2,18:05,18:08,18:16,True,F260013268
6350,E33,18:02,18:06,18:19,True,F260013267
6351,E25,17:50,17:55,18:26,True,F260013266
6352,E24,17:48,17:51,18:06,True,F260013263
6353,E31,17:49,17:59,18:17,True,F260013264
6354,A14,17:45,,17:46,True,F260013261
6355,A2,17:45,,17:54,False,F260013261
6356,AIR10,17:45,,17:54,False,F260013261
6357,B4,17:45,17:52,17:54,False,F260013261
6358,B6,17:45,17:50,17:56,False,F260013261
6359,DEP1,17:45,,17:54,False,F260013261
6360,E16,17:45,,17:54,False,F260013261
6361,E18,17:45,17:51,17:54,False,F260013261
6362,E21,17:45,,17:54,False,F260013261
6363,E22,17:45,,17:54,False,F260013261
6364,E8,17:47,,17:48,False,F260013261
6365,E9,17:45,17:51,17:56,False,F260013261
6366,L4,17:45,,17:54,False,F260013261
6367,L6,17:45,,17:54,False,F260013261
6368,L8,17:45,17:52,17:56,False,F260013261
6369,M17,17:45,,17:54,False,F260013261
6370,M44,17:45,,17:53,False,F260013261
6371,MAR5,17:45,,17:54,False,F260013261
6372,R1,17:45,,17:53,False,F260013261
6373,REHAB1,17:45,,17:54,False,F260013261
6374,SAFT2,17:45,,17:54,False,F260013261
6375,STAF10,17:45,,17:54,False,F260013261
6376,E17,17:44,17:48,17:57,True,F260013260
6377,L9,17:44,17:48,17:57,False,F260013260
6378,E18,17:58,18:04,18:18,True,F260013259
6379,E10,17:39,17:42,17:56,True,F260013258
6380,A25,17:38,17:43,18:12,True,F260013257
6381,A2,17:36,,17:38,False,F260013255
6382,A4,17:38,17:40,18:20,True,F260013255
6383,E38,17:36,17:53,18:15,True,F260013254
6384,M17,17:55,18:04,18:15,False,F260013254
6385,M31,17:48,,17:55,False,F260013254
6386,L1,17:29,17:40,18:01,True,F260013248
6387,E6,17:26,17:26,17:30,True,F260013247
6388,H99,17:26,17:31,18:09,False,F260013247
6389,L10,17:23,,17:24,False,F260013247
6390,L3,17:24,,17:26,False,F260013247
6391,A10,17:49,,17:52,True,F260013245
6392,A10,17:22,17:25,17:42,True,F260013246
6393,E8,17:20,17:23,17:41,True,F260013244
6394,A5,17:14,17:20,17:54,True,F260013242
6395,E6,17:12,17:16,17:26,True,F260013241
6396,L10,17:12,17:16,17:19,False,F260013241
6397,A2,17:12,,17:15,False,F260013238
6398,A4,17:15,17:16,17:30,True,F260013238
6399,E34,17:12,17:12,17:37,True,F260013240
6400,E24,17:12,17:18,17:31,True,F260013237
6401,E32,17:06,,17:07,False,F260013235
6402,E36,17:07,17:08,17:21,True,F260013235
6403,L11,17:06,17:13,17:19,False,F260013235
6404,E41,17:02,17:08,17:12,True,F260013234
6405,E20,16:52,16:56,17:05,False,F260013228
6406,E20,17:08,17:12,17:14,True,F260013228
6407,E34,16:42,16:45,17:12,True,F260013223
6408,E13,16:41,16:44,16:52,True,F260013222
6409,H99,16:45,16:50,16:50,False,F260013222
6410,E25,16:39,16:42,17:12,False,F260013220
6411,M10,16:39,16:45,17:40,True,F260013220
6412,A2,17:15,17:23,17:28,True,F260013218
6413,A4,16:37,16:39,17:15,False,F260013218
6414,E9,16:35,16:39,16:45,True,F260013217
6415,E10,16:29,16:32,16:37,False,F260013216
6416,H99,16:32,16:35,16:36,False,F260013216
6417,L1,16:29,16:32,16:36,False,F260013216
6418,M1,16:29,16:34,16:35,True,F260013216
6419,M31,16:26,16:26,16:30,True,F260013213
6420,E8,16:28,16:33,17:02,True,F260013214
6421,E18,16:26,16:29,17:01,True,F260013211
6422,E28,16:25,16:30,17:08,True,F260013212
6423,A25,16:24,16:26,16:43,True,F260013210
6424,A2,16:26,16:34,16:47,True,F260013209
6425,E33,16:19,,16:21,True,F260013208
6426,A10,16:18,16:21,16:31,True,F260013207
6427,A4,16:16,16:19,16:35,True,F260013206
6428,E39,16:15,16:20,16:42,True,F260013205
6429,E30,16:12,16:13,16:38,True,F260013202
6430,E38,16:09,16:13,16:18,True,F260013201
6431,E17,16:08,16:18,16:23,True,F260013200
6432,A14,16:45,,16:56,False,F260013197
6433,E32,16:45,16:55,17:00,False,F260013197
6434,E36,16:45,16:52,16:56,True,F260013197
6435,E5,16:04,16:07,16:14,True,F260013196
6436,E41,15:59,,16:03,True,F260013194
6437,E38,15:55,15:59,16:03,True,F260013191
6438,E31,15:53,15:57,16:07,True,F260013190
6439,L5,15:53,15:57,16:08,False,F260013190
6440,E33,15:50,15:57,16:09,True,F260013188
6441,L12,15:50,15:56,16:09,False,F260013188
6442,E9,15:49,15:53,16:15,True,F260013187
6443,A10,15:47,15:48,16:11,True,F260013186
6444,E10,15:46,,15:47,False,F260013186
6445,A5,15:43,15:48,16:03,True,F260013185
6446,E24,15:41,15:48,16:21,True,F260013184
6447,E40,15:39,15:43,15:55,True,F260013183
6448,A5,16:06,16:10,16:33,True,F260013182
6449,A4,15:36,15:41,15:56,True,F260013180
6450,E34,15:33,15:39,15:54,True,F260013178
6451,H2,15:28,15:54,16:34,True,F260013177
6452,E25,15:27,15:30,15:44,True,F260013176
6453,L10,15:27,15:30,15:44,False,F260013176
6454,H98,15:25,15:35,15:48,True,F260013174
6455,E8,15:20,15:29,15:32,True,F260013173
6456,A31,15:20,15:26,15:31,True,F260013172
6457,B4,15:16,15:22,15:24,False,F260013170
6458,E18,15:12,15:16,15:32,False,F260013170
6459,M31,15:13,,15:22,True,F260013170
6460,M32,15:12,,15:13,False,F260013170
6461,E24,15:10,15:14,15:22,True,F260013169
6462,L5,15:10,15:17,15:19,False,F260013169
6463,E30,15:11,15:15,15:23,True,F260013168
6464,A25,15:03,15:07,15:21,False,F260013166
6465,M10,15:03,15:07,15:36,True,F260013166
6466,A5,14:54,14:59,15:07,True,F260013163
6467,E16,14:53,,14:58,False,F260013161
6468,E38,14:52,14:58,15:36,True,F260013161
6469,M18,14:53,15:02,15:35,False,F260013161
6470,E10,14:47,14:51,15:23,True,F260013157
6471,L1,14:47,14:51,15:13,False,F260013157
6472,E17,14:46,14:49,15:09,True,F260013156
6473,E18,14:44,14:44,15:04,False,F260013154
6474,H99,14:59,14:59,15:45,False,F260013154
6475,L8,14:40,14:44,14:49,True,F260013154
6476,M18,14:44,,14:49,False,F260013154
6477,E21,14:38,14:41,14:46,True,F260013152
6478,A14,14:57,15:03,15:21,True,F260013151
6479,E32,14:40,14:44,15:05,False,F260013150
6480,M32,14:40,14:47,14:49,True,F260013150
6481,E8,14:30,14:38,14:43,True,F260013149
6482,M1,14:29,14:37,15:19,True,F260013148
6483,E18,14:27,14:29,14:44,True,F260013146
6484,E9,14:26,,14:27,False,F260013146
6485,E9,14:27,,14:29,False,F260013146
6486,H99,14:28,14:44,14:59,False,F260013146
6487,M18,14:27,,14:32,False,F260013146
6488,B6,14:24,14:28,14:34,False,F260013145
6489,E38,14:24,14:26,14:47,True,F260013145
6490,L9,14:24,14:30,14:32,False,F260013145
6491,E39,14:20,14:26,16:11,True,F260013143
6492,M17,14:31,14:41,15:31,False,F260013143
6493,M44,14:39,14:51,15:28,False,F260013143
6494,E5,14:20,14:29,14:40,True,F260013142
6495,A5,14:18,14:24,14:41,True,F260013141
6496,E26,14:21,14:24,14:50,True,F260013140
6497,E27,14:16,,14:21,False,F260013140
6498,H1,14:16,14:32,14:52,True,F260013139
6499,A31,14:03,14:07,14:34,False,F260013133
6500,M31,14:03,14:09,14:14,False,F260013133
6501,M31,14:18,14:18,15:13,True,F260013133
6502,H98,14:03,,14:08,True,F260013134
6503,E30,14:03,14:06,14:17,True,F260013132
6504,A2,14:02,14:06,14:34,True,F260013131
6505,H98,14:08,14:16,15:23,False,F260013131
6506,E20,13:58,14:04,14:39,True,F260013130
6507,A4,13:58,14:01,14:26,True,F260013129
6508,E32,13:50,13:58,14:14,True,F260013127
6509,M32,13:51,13:58,14:11,False,F260013127
6510,E5,13:47,13:50,14:06,True,F260013125
6511,L8,13:47,13:52,14:38,True,F260013126
6512,H1,13:46,14:09,14:14,True,F260013122
6513,E9,13:49,13:51,14:07,True,F260013123
6514,E18,13:47,13:56,14:26,True,F260013124
6515,A5,13:35,13:35,13:49,True,F260013120
6516,B6,13:28,,13:34,False,F260013117
6517,E24,13:28,13:32,13:43,True,F260013117
6518,L5,13:28,,13:33,False,F260013117
6519,L1,13:26,13:30,13:31,True,F260013116
6520,M10,13:23,13:23,14:54,True,F260013113
6521,A2,13:15,13:18,13:24,True,F260013111
6522,E40,13:16,13:21,13:30,True,F260013110
6523,E32,13:07,13:11,13:20,True,F260013106
6524,E41,13:05,13:12,13:47,True,F260013104
6525,A4,13:07,13:09,13:31,True,F260013102
6526,L12,13:03,13:07,13:19,True,F260013101
6527,A5,13:00,13:03,13:35,True,F260013099
6528,L10,13:00,13:03,13:23,True,F260013098
6529,A25,12:59,13:02,13:25,True,F260013096
6530,A25,12:53,12:56,12:58,True,F260013095
6531,E9,12:45,12:51,13:10,True,F260013094
6532,E11,12:42,12:47,13:13,True,F260013093
6533,E37,12:41,12:46,13:03,True,F260013092
6534,L11,12:40,,12:41,False,F260013092
6535,E32,12:26,12:32,12:54,True,F260013084
6536,L11,12:28,12:34,12:37,True,F260013085
6537,E38,12:21,12:24,12:34,True,F260013083
6538,A25,12:20,12:24,12:42,True,F260013082
6539,E35,12:17,12:21,12:43,True,F260013079
6540,E6,12:14,12:20,12:35,True,F260013078
6541,M32,12:15,,12:24,False,F260013078
6542,E10,12:15,12:22,12:50,False,F260013076
6543,E5,12:15,12:25,12:56,True,F260013076
6544,A14,12:11,,12:14,True,F260013074
6545,B2,12:11,12:18,12:38,False,F260013074
6546,B7,12:11,12:19,12:23,False,F260013074
6547,E13,12:11,12:15,12:40,False,F260013074
6548,E28,12:18,12:18,12:37,False,F260013074
6549,E33,12:11,12:16,12:38,False,F260013074
6550,L12,12:11,12:16,12:40,False,F260013074
6551,M1,12:11,12:21,12:23,False,F260013074
6552,M44,12:11,12:21,12:23,False,F260013074
6553,R1,12:11,12:21,12:23,False,F260013074
6554,SAFT2,12:11,,12:23,False,F260013074
6555,A2,12:08,12:12,12:25,True,F260013073
6556,E2,12:07,12:09,12:41,False,F260013072
6557,M10,12:07,12:14,13:23,True,F260013072
6558,E41,11:58,12:02,12:09,True,F260013067
6559,E10,11:58,12:02,12:10,True,F260013068
6560,L3,11:58,12:01,12:10,False,F260013068
6561,E24,11:56,12:06,13:09,True,F260013066
6562,M31,12:15,12:28,13:42,False,F260013066
6563,E39,11:55,12:04,12:28,True,F260013065
6564,L8,11:55,,12:00,False,F260013065
6565,E16,11:55,11:57,12:23,True,F260013063
6566,L9,11:54,,11:55,False,F260013063
6567,E6,11:51,,11:55,True,F260013062
6568,L10,11:51,11:54,12:08,False,F260013062
6569,E2,11:48,,11:58,False,F260013059
6570,E6,11:58,12:02,12:11,True,F260013059
6571,L1,11:58,12:01,12:11,False,F260013059
6572,L4,11:48,,11:58,False,F260013059
6573,E10,11:33,11:34,11:49,False,F260013058
6574,H98,11:38,11:38,11:52,False,F260013058
6575,L1,11:32,11:34,11:36,True,F260013058
6576,M1,11:33,,11:36,False,F260013058
6577,E17,11:29,11:32,11:56,True,F260013056
6578,E28,11:25,11:29,11:52,False,F260013051
6579,H99,11:27,11:38,12:10,False,F260013051
6580,L12,11:25,11:29,11:42,False,F260013051
6581,M26,11:25,,11:33,True,F260013051
6582,E13,11:23,11:28,11:47,True,F260013050
6583,E35,11:17,11:21,11:54,True,F260013047
6584,E21,11:13,11:17,11:26,True,F260013044
6585,E11,11:11,11:21,11:46,True,F260013043
6586,A31,11:07,11:14,11:25,True,F260013042
6587,E6,11:06,11:12,11:23,True,F260013041
6588,A4,10:57,11:02,11:23,True,F260013039
6589,E17,10:33,10:36,10:58,True,F260013029
6590,L9,10:32,,10:33,False,F260013029
6591,E28,10:10,10:16,11:01,True,F260013025
6592,M28,10:24,10:30,11:29,False,F260013025
6593,E33,10:08,10:12,10:50,True,F260013024
6594,A4,10:02,10:06,10:34,False,F260013020
6595,M10,10:02,10:07,10:41,True,F260013020
6596,E22,10:01,10:06,10:29,False,F260013019
6597,E22,10:41,10:41,11:18,True,F260013019
6598,H1,10:42,11:05,11:33,False,F260013019
6599,MIH,10:28,,10:42,False,F260013019
6600,A25,10:00,10:04,10:47,True,F260013018
6601,A5,09:53,09:57,10:22,True,F260013017
6602,E39,09:50,09:55,10:59,True,F260013016
6603,MIH,09:58,,10:21,False,F260013016
6604,H98,09:44,09:49,11:28,True,F260013014
6605,E40,09:43,09:49,10:11,True,F260013013
6606,E24,09:40,09:44,10:07,True,F260013010
6607,E29,09:39,,09:50,True,F260013008
6608,L11,09:39,,09:46,False,F260013008
6609,A5,09:37,,09:43,True,F260013007
6610,E11,09:30,09:34,09:49,True,F260013005
6611,E27,09:22,09:33,09:35,True,F260013002
6612,E2,09:23,09:32,09:35,True,F260013003
6613,L4,09:23,,09:26,False,F260013003
6614,A25,09:25,,09:27,False,F260013001
6615,H99,09:30,,09:32,False,F260013001
6616,L4,09:27,09:30,09:32,True,F260013001
6617,A4,09:16,09:23,09:45,True,F260013000
6618,H99,09:49,09:49,10:05,True,F260012999
6619,E32,09:04,09:08,09:24,True,F260012998
6620,E40,09:02,09:06,09:22,True,F260012996
6621,E9,08:50,08:56,09:10,True,F260012994
6622,E17,08:49,08:54,09:08,True,F260012993
6623,L9,08:49,08:54,09:05,False,F260012993
6624,E5,08:49,08:58,10:06,True,F260012992
6625,L10,09:09,09:34,10:32,False,F260012992
6626,MVU1,09:09,09:34,10:32,False,F260012992
6627,E30,08:39,08:42,08:48,True,F260012990
6628,E24,08:30,08:32,08:59,True,F260012988
6629,A5,08:33,08:45,09:29,False,F260012983
6630,E28,08:20,08:25,09:18,True,F260012983
6631,M1,08:21,,08:34,False,F260012983
6632,M1,08:48,08:54,09:54,False,F260012983
6633,E37,08:16,08:21,08:36,True,F260012981
6634,L13,08:16,08:21,08:34,False,F260012981
6635,L4,08:27,08:38,08:42,True,F260012982
6636,E25,08:14,,08:16,False,F260012979
6637,E34,08:13,08:19,08:48,True,F260012979
6638,M10,08:14,08:25,09:19,False,F260012979
6639,L5,08:11,08:16,08:36,True,F260012978
6640,L12,08:02,08:08,08:41,True,F260012977
6641,M28,08:11,08:23,09:25,False,F260012977
6642,A10,07:43,07:46,08:16,True,F260012974
6643,M1,07:46,07:47,08:15,False,F260012974
6644,M10,07:44,,07:46,False,F260012974
6645,E20,07:38,07:45,07:54,True,F260012969
6646,E31,07:37,07:40,08:29,True,F260012968
6647,M31,07:55,08:03,08:58,False,F260012968
6648,A2,07:32,07:34,08:04,True,F260012966
6649,M1,07:32,,07:40,False,F260012966
6650,E29,07:28,07:38,07:49,True,F260012965
6651,L11,07:27,07:38,07:51,True,F260012964
6652,E28,07:27,07:33,08:06,True,F260012963
6653,E2,07:25,07:29,07:42,True,F260012962
6654,L4,07:25,07:29,07:36,False,F260012962
6655,E16,07:24,07:33,07:51,True,F260012961
6656,A5,07:18,,07:24,True,F260012960
6657,E31,07:14,07:21,07:25,True,F260012959
6658,E18,07:12,07:17,08:13,True,F260012958
6659,E20,07:11,07:16,07:33,True,F260012957
6660,E21,07:08,07:12,07:30,True,F260012955
6661,A2,07:08,07:14,07:24,True,F260012956
6662,L12,07:05,07:08,07:14,True,F260012954
6663,L8,07:04,07:15,07:23,True,F260012953
6664,A10,06:49,06:53,07:37,True,F260012952
6665,E18,06:43,06:48,07:09,True,F260012951
6666,M18,06:44,06:49,07:13,False,F260012951
6667,A14,06:43,06:53,07:21,True,F260012950
6668,A25,06:37,06:39,07:18,False,F260012949
6669,M10,06:37,06:45,06:46,False,F260012949
6670,M10,06:58,07:03,07:18,True,F260012949
6671,E28,06:35,06:40,07:11,False,F260012948
6672,M28,06:35,06:41,07:56,True,F260012948
6673,A2,06:31,06:37,07:00,True,F260012946
6674,A25,06:25,06:29,06:37,True,F260012945
6675,E11,06:17,06:22,06:45,False,F260012943
6676,M26,06:17,06:24,06:48,True,F260012943
6677,A5,05:49,05:54,05:57,True,F260012937
6678,E17,05:39,05:45,05:57,True,F260012934
6679,L9,05:39,05:55,05:59,False,F260012934
6680,A25,05:35,05:40,06:10,True,F260012933
6681,M1,05:38,05:44,06:39,False,F260012933
6682,E11,05:14,05:18,05:37,True,F260012931
6683,E33,05:11,05:13,05:29,True,F260012930
6684,E30,04:57,05:01,05:06,True,F260012929
6685,E35,04:31,,04:47,True,F260012928
6686,E33,04:22,04:26,04:53,True,F260012926
6687,E24,04:16,04:20,04:28,True,F260012925
6688,A10,04:09,04:14,04:21,True,F260012923
6689,E27,03:59,04:02,04:24,False,F260012921
6690,M26,03:59,04:06,04:25,True,F260012921
6691,E18,04:00,04:00,04:22,True,F260012922
6692,E17,03:58,04:02,04:27,False,F260012919
6693,L9,03:58,04:02,04:04,False,F260012919
6694,M17,03:58,04:05,04:06,True,F260012919
6695,E8,03:53,03:59,04:13,True,F260012918
6696,E29,03:42,03:46,04:09,True,F260012917
6697,A25,03:39,03:42,03:50,True,F260012916
6698,E20,03:17,03:21,03:47,True,F260012914
6699,E41,03:07,03:12,03:37,True,F260012913
6700,A2,02:48,02:50,03:05,True,F260012911
6701,E2,02:45,,02:48,False,F260012911
6702,A2,02:39,02:43,02:48,True,F260012910
6703,B2,02:27,02:36,03:02,False,F260012907
6704,E5,02:27,02:33,03:54,True,F260012907
6705,L1,02:27,02:33,03:45,False,F260012907
6706,L4,02:44,02:51,03:37,False,F260012907
6707,E24,02:24,02:31,02:32,True,F260012906
6708,L11,02:17,02:26,02:42,True,F260012905
6709,E37,02:08,02:13,02:24,True,F260012904
6710,E25,02:06,02:10,02:15,True,F260012902
6711,E38,02:04,,02:08,True,F260012901
6712,E33,02:02,02:08,02:37,True,F260012900
6713,A5,02:02,02:05,02:20,True,F260012899
6714,E28,01:56,02:00,02:21,True,F260012897
6715,L12,01:56,02:02,02:21,False,F260012897
6716,B2,01:55,,02:00,False,F260012895
6717,B5,01:48,,01:55,False,F260012895
6718,E25,01:48,,02:00,True,F260012895
6719,L10,01:48,,02:00,False,F260012895
6720,E39,01:45,01:47,02:04,True,F260012893
6721,B2,01:43,01:47,01:55,False,F260012892
6722,E6,01:43,01:45,02:01,True,F260012892
6723,L3,01:43,01:46,01:58,False,F260012892
6724,E39,01:32,01:36,01:43,True,F260012890
6725,L5,01:32,,01:37,False,F260012890
6726,E16,01:33,01:37,02:03,True,F260012888
6727,A2,01:30,01:35,01:46,True,F260012889
6728,A10,01:28,,01:41,True,F260012887
6729,B2,01:30,,01:41,False,F260012887
6730,E10,01:30,,01:41,False,F260012887
6731,M1,01:30,,01:41,False,F260012887
6732,E13,01:32,01:37,02:03,False,F260012881
6733,E30,01:20,01:26,02:11,True,F260012881
6734,M10,01:32,01:40,02:42,False,F260012881
6735,E31,01:07,01:16,01:40,True,F260012879
6736,E28,01:00,01:06,01:52,False,F260012878
6737,M28,01:00,01:08,02:34,True,F260012878
6738,E6,00:53,00:55,01:04,True,F260012877
6739,E24,00:44,00:49,01:14,True,F260012876
6740,E24,00:08,00:12,00:22,True,F260012872
6741,A25,23:58,00:02,00:20,True,F260012870
6742,A14,23:40,,23:41,True,F260012868
6743,A5,23:40,,23:50,False,F260012868
6744,AIR10,23:40,,23:50,False,F260012868
6745,B5,23:40,,23:50,False,F260012868
6746,B7,23:40,23:50,00:08,False,F260012868
6747,DEP1,23:40,,23:50,False,F260012868
6748,E11,23:40,23:47,23:50,False,F260012868
6749,E26,23:40,,23:49,False,F260012868
6750,E32,23:40,,23:49,False,F260012868
6751,E36,23:40,,23:49,False,F260012868
6752,E37,23:40,23:46,00:09,False,F260012868
6753,L1,23:40,,23:49,False,F260012868
6754,L11,23:40,,23:49,False,F260012868
6755,L13,23:40,23:46,00:07,False,F260012868
6756,M32,23:40,,23:49,False,F260012868
6757,M44,23:40,,23:49,False,F260012868
6758,MAR5,23:40,,23:50,False,F260012868
6759,R1,23:40,,23:50,False,F260012868
6760,REHAB1,23:40,,23:50,False,F260012868
6761,SAFT2,23:40,,23:49,False,F260012868
6762,STAF10,23:40,,23:50,False,F260012868
6763,E34,23:18,23:22,23:27,True,F260012865
6764,E33,23:12,23:14,23:38,True,F260012864
6765,A10,23:03,23:09,23:26,True,F260012863
6766,M10,23:04,23:09,23:15,False,F260012863
6767,E17,23:06,23:07,23:09,True,F260012862
6768,E22,23:03,,23:06,False,F260012862
6769,L9,23:03,23:07,23:15,False,F260012862
6770,E2,22:47,22:51,23:17,True,F260012858
6771,L4,22:47,22:52,23:12,False,F260012858
6772,E17,22:43,22:49,23:06,True,F260012855
6773,E20,22:41,,22:43,False,F260012854
6774,E41,22:43,22:47,23:08,False,F260012854
6775,M18,22:41,22:51,00:06,True,F260012854
6776,E10,22:37,22:49,22:55,True,F260012852
6777,E33,22:29,22:32,22:46,True,F260012851
6778,E25,22:01,22:11,22:18,True,F260012848
6779,E6,22:00,22:03,22:21,True,F260012847
6780,E8,21:59,22:03,22:29,False,F260012846
6781,M1,21:59,,22:09,True,F260012846
6782,A5,21:51,22:00,22:01,True,F260012843
6783,E39,21:50,22:33,23:04,False,F260012842
6784,M17,21:50,22:03,23:01,True,F260012842
6785,E41,22:12,22:19,22:40,True,F260012841
6786,E35,21:37,21:44,22:20,True,F260012835
6787,M31,21:37,21:48,22:24,False,F260012835
6788,E36,21:37,21:42,21:50,True,F260012834
6789,L11,21:37,,21:37,False,F260012834
6790,E17,21:31,21:35,21:57,True,F260012832
6791,E18,21:20,21:24,21:53,True,F260012829
6792,E17,21:17,21:21,21:25,True,F260012828
6793,E25,21:10,21:20,21:24,True,F260012826
6794,E5,21:07,21:10,21:15,True,F260012825
6795,E24,21:04,21:08,21:34,True,F260012824
6796,E18,21:04,21:08,21:12,True,F260012822
6797,L8,21:03,,21:04,False,F260012822
6798,A25,21:02,21:05,21:21,True,F260012820
6799,E25,21:00,,21:02,False,F260012820
6800,E20,20:53,20:57,21:07,True,F260012818
6801,E9,20:52,,20:53,False,F260012818
6802,R1,20:52,20:57,21:25,False,F260012818
6803,E13,20:46,20:53,21:20,True,F260012817
6804,A25,20:45,20:51,21:02,True,F260012816
6805,E20,20:40,20:48,20:51,True,F260012815
6806,E30,20:39,20:40,20:57,True,F260012814
6807,E40,20:37,20:41,21:02,True,F260012813
6808,E11,20:35,20:39,20:46,True,F260012812
6809,L11,20:35,,20:41,False,F260012812
6810,A25,20:29,20:30,20:39,True,F260012809
6811,E25,20:27,,20:29,False,F260012809
6812,E34,20:28,,20:29,True,F260012808
6813,A25,20:19,20:21,20:29,True,F260012807
6814,A10,20:17,20:24,20:36,True,F260012805
6815,E17,20:09,20:13,20:22,True,F260012801
6816,L9,20:09,20:13,20:18,False,F260012801
6817,E29,20:06,20:13,20:35,True,F260012800
6818,A5,20:11,20:20,21:03,False,F260012798
6819,E30,19:57,20:03,20:34,True,F260012798
6820,A31,19:54,19:57,20:32,True,F260012796
6821,E9,19:51,20:00,20:13,True,F260012794
6822,A14,19:47,,19:53,False,F260012793
6823,B4,19:47,20:01,20:42,False,F260012793
6824,B6,19:47,19:59,20:34,False,F260012793
6825,E18,19:47,19:53,21:01,False,F260012793
6826,E36,19:47,20:10,21:24,False,F260012793
6827,E5,19:47,,20:04,True,F260012793
6828,FB1,19:48,20:15,20:24,False,F260012793
6829,FIREBOAT,19:47,,19:50,False,F260012793
6830,L8,19:47,19:53,20:42,False,F260012793
6831,MRN1,19:47,20:15,21:02,False,F260012793
6832,PTRL4,19:47,,20:15,False,F260012793
6833,R1,19:47,20:09,20:24,False,F260012793
6834,RB5,19:49,20:15,20:24,False,F260012793
6835,SAFT2,19:47,20:03,20:44,False,F260012793
6836,E39,19:39,19:42,19:59,True,F260012792
6837,E35,19:36,19:40,19:58,True,F260012791
6838,E30,19:34,19:37,19:40,True,F260012790
6839,E25,19:30,19:33,19:39,True,F260012789
6840,E18,19:30,19:33,19:34,True,F260012788
6841,E21,19:28,19:31,19:47,True,F260012787
6842,E6,19:11,19:13,19:21,True,F260012786
6843,A25,19:08,19:12,19:22,True,F260012785
6844,L8,19:06,19:17,19:28,True,F260012784
6845,A4,19:00,19:03,19:14,True,F260012783
6846,E17,18:57,19:02,19:11,True,F260012782
6847,E34,18:51,18:56,19:00,True,F260012780
6848,E30,18:30,18:32,18:47,True,F260012779
6849,E30,18:18,,18:19,False,F260012776
6850,L12,18:19,18:28,18:38,True,F260012776
6851,A31,18:17,18:20,18:40,True,F260012774
6852,E17,18:16,18:19,18:29,True,F260012775
6853,L9,18:16,18:19,18:28,False,F260012775
6854,A2,18:18,18:21,18:35,True,F260012772
6855,E36,18:10,18:15,18:21,True,F260012771
6856,L11,18:10,,18:19,False,F260012771
6857,E33,18:09,18:12,18:45,False,F260012770
6858,L12,18:09,18:12,18:16,False,F260012770
6859,M28,18:09,,18:15,True,F260012770
6860,A7,18:07,18:12,18:35,True,F260012767
6861,A4,18:08,18:14,18:20,True,F260012768
6862,E20,18:04,18:10,18:34,False,F260012766
6863,H99,18:07,18:25,18:56,False,F260012766
6864,L8,18:04,18:08,18:33,False,F260012766
6865,M18,18:04,18:08,18:36,True,F260012766
6866,A10,18:03,18:06,18:22,True,F260012764
6867,A14,18:05,18:17,18:36,True,F260012765
6868,L8,17:57,,18:00,True,F260012761
6869,E2,18:09,18:13,18:32,False,F260012762
6870,M10,18:09,18:15,18:16,True,F260012762
6871,E28,17:57,18:01,18:24,True,F260012758
6872,E18,17:54,17:58,18:17,True,F260012755
6873,L1,17:54,18:01,18:28,True,F260012754
6874,E24,18:03,18:09,18:24,True,F260012753
6875,E38,17:45,17:50,18:20,False,F260012752
6876,M17,17:45,17:57,18:43,True,F260012752
6877,E26,17:39,17:43,18:07,True,F260012751
6878,E6,17:34,17:37,17:56,True,F260012749
6879,A25,17:32,17:38,17:42,True,F260012748
6880,EVENT13,17:23,17:23,,True,F260012746
6881,PLEDG-EMS,17:23,17:23,,False,F260012746
6882,E9,17:19,17:23,17:46,True,F260012745
6883,A7,17:18,17:21,17:53,True,F260012744
6884,E25,17:17,,17:18,False,F260012744
6885,M1,17:18,17:27,18:11,False,F260012744
6886,M32,17:17,,17:18,False,F260012744
6887,A5,17:12,,17:13,True,F260012740
6888,E6,17:12,17:16,17:22,False,F260012740
6889,A2,17:05,17:12,17:41,True,F260012737
6890,E24,17:02,17:06,17:20,True,F260012735
6891,L5,17:02,17:07,17:23,False,F260012735
6892,E28,17:04,17:08,17:42,False,F260012736
6893,M28,17:04,17:09,17:27,True,F260012736
6894,A10,17:01,17:01,17:40,False,F260012733
6895,M10,17:01,17:08,18:00,True,F260012733
6896,E17,17:00,17:03,17:12,True,F260012731
6897,L9,17:00,17:04,17:13,False,F260012731
6898,E35,16:58,17:04,17:27,True,F260012730
6899,E34,16:58,17:02,17:45,True,F260012729
6900,A7,16:49,17:00,17:18,False,F260012725
6901,E10,16:49,16:58,17:25,True,F260012725
6902,E13,16:49,16:57,17:22,False,F260012725
6903,L1,16:51,16:55,17:47,True,F260012726
6904,A5,16:49,16:52,16:58,True,F260012724
6905,E31,16:48,16:53,17:15,True,F260012722
6906,E40,16:48,16:51,17:02,True,F260012723
6907,H1,16:47,16:47,17:24,True,F260012721
6908,E6,16:46,16:47,17:03,True,F260012720
6909,A10,16:38,16:41,17:01,True,F260012718
6910,A4,16:33,16:55,17:08,True,F260012716
6911,E38,16:28,16:34,17:20,True,F260012714
6912,M17,16:46,16:55,17:41,False,F260012714
6913,E24,16:27,16:29,16:51,False,F260012713
6914,E31,16:27,,16:31,False,F260012713
6915,H99,16:30,,16:35,False,F260012713
6916,M31,16:27,,16:34,True,F260012713
6917,E39,16:19,16:22,16:40,True,F260012712
6918,L10,16:19,,16:22,False,F260012712
6919,L9,16:22,,16:27,False,F260012712
6920,A14,17:05,,17:15,False,F260012711
6921,L6,16:24,16:40,17:37,False,F260012711
6922,L8,16:22,,16:24,False,F260012711
6923,L9,16:18,,16:22,True,F260012711
6924,R1,17:05,,17:15,False,F260012711
6925,E6,16:19,16:22,16:37,True,F260012710
6926,L3,16:19,16:23,16:34,False,F260012710
6927,A5,16:15,16:17,16:23,True,F260012709
6928,E30,16:14,16:17,16:48,True,F260012707
6929,L5,16:11,16:23,17:01,True,F260012705
6930,A25,16:15,16:20,17:12,False,F260012703
6931,L10,16:14,,16:15,False,F260012703
6932,M1,16:14,16:25,17:18,True,F260012703
6933,A31,16:06,16:09,17:12,True,F260012702
6934,E16,16:06,16:13,16:23,False,F260012702
6935,E31,16:06,16:10,16:19,False,F260012702
6936,E2,15:58,,15:59,True,F260012701
6937,E36,15:55,15:58,16:05,True,F260012699
6938,H1,15:56,16:26,16:43,True,F260012700
6939,A31,15:54,15:58,16:05,True,F260012698
6940,A7,15:49,15:54,16:32,True,F260012697
6941,E32,15:48,15:53,16:02,True,F260012696
6942,E36,15:41,15:46,15:54,True,F260012690
6943,H2,15:42,15:59,16:15,True,F260012692
6944,E30,15:32,15:39,16:01,True,F260012685
6945,L10,15:30,15:50,16:11,True,F260012682
6946,E24,15:23,15:23,15:30,False,F260012681
6947,E31,15:21,,15:23,True,F260012681
6948,L5,15:21,,15:27,False,F260012681
6949,H1,15:20,15:40,15:53,True,F260012680
6950,E28,15:15,15:17,15:53,True,F260012679
6951,L9,15:15,15:19,15:29,True,F260012678
6952,E33,15:45,15:48,16:15,True,F260012677
6953,E33,15:14,15:16,15:40,True,F260012676
6954,B5,15:09,,15:11,False,F260012674
6955,B7,15:10,15:18,15:31,False,F260012674
6956,E32,15:09,15:12,15:41,True,F260012674
6957,L11,15:09,15:12,15:40,False,F260012674
6958,A4,15:06,15:09,15:20,False,F260012671
6959,E2,15:03,,15:06,True,F260012671
6960,A10,15:03,15:07,15:25,False,F260012670
6961,E5,15:03,15:06,15:27,False,F260012670
6962,M10,15:03,15:11,15:28,True,F260012670
6963,A5,15:02,,15:05,True,F260012669
6964,E24,15:02,15:05,15:22,True,F260012668
6965,E28,14:51,14:56,15:14,True,F260012661
6966,E18,14:51,14:54,15:20,False,F260012660
6967,H99,14:55,15:07,15:21,False,F260012660
6968,L8,14:51,14:55,14:56,False,F260012660
6969,M18,14:51,14:55,15:18,True,F260012660
6970,E30,14:41,14:45,15:04,True,F260012658
6971,A2,14:41,14:45,15:33,True,F260012659
6972,B2,15:19,15:26,15:33,False,F260012659
6973,E2,15:18,15:22,15:33,False,F260012659
6974,A4,14:41,14:45,15:06,True,F260012657
6975,H1,14:39,14:43,15:10,True,F260012656
6976,E27,14:36,14:40,14:51,False,F260012655
6977,M28,14:36,,14:45,True,F260012655
6978,E25,14:24,14:26,14:33,True,F260012652
6979,L10,14:24,14:26,14:28,False,F260012652
6980,E24,14:19,14:22,14:48,True,F260012649
6981,A10,14:15,14:19,14:28,True,F260012647
6982,A5,14:04,14:07,14:29,False,F260012645
6983,E10,14:06,,14:12,False,F260012645
6984,M1,14:04,,14:10,True,F260012645
6985,E6,14:03,14:05,14:20,True,F260012644
6986,E35,13:57,14:01,14:41,True,F260012642
6987,E34,13:54,13:58,14:07,True,F260012640
6988,A10,13:51,13:54,14:05,True,F260012639
6989,A31,13:41,13:44,14:02,True,F260012637
6990,H98,13:35,13:35,13:39,False,F260012634
6991,H98,13:50,13:50,14:17,True,F260012634
6992,E6,13:35,13:35,13:45,True,F260012632
6993,H98,13:40,13:40,13:47,False,F260012632
6994,L3,13:32,,13:35,False,F260012632
6995,E2,13:24,13:28,13:41,True,F260012630
6996,L4,13:24,13:29,13:30,False,F260012630
6997,E24,13:22,13:24,13:42,False,F260012629
6998,M18,13:22,,13:33,True,F260012629
6999,L5,13:18,13:26,14:04,True,F260012625
7000,E30,13:20,,13:25,False,F260012626
7001,E6,13:19,13:21,13:35,True,F260012626
7002,H99,13:21,13:24,14:09,False,F260012626
7003,M10,13:20,13:26,13:30,False,F260012626
7004,E24,13:17,,13:22,True,F260012624
7005,A4,13:16,,13:18,False,F260012623
7006,A4,13:18,13:20,13:39,False,F260012623
7007,M1,13:18,13:36,13:52,True,F260012623
7008,E31,13:15,13:20,13:43,True,F260012622
7009,E10,13:12,13:16,13:42,True,F260012621
7010,L3,13:12,13:16,13:32,False,F260012621
7011,A31,13:09,13:15,13:40,True,F260012620
7012,E37,13:07,13:13,13:29,True,F260012619
7013,A5,13:07,,13:15,True,F260012618
7014,E41,13:04,13:10,13:20,True,F260012616
7015,L8,13:04,13:11,13:20,False,F260012616
7016,E38,13:04,,13:08,True,F260012615
7017,L9,13:04,13:07,13:14,False,F260012615
7018,E11,12:59,13:03,13:05,True,F260012613
7019,E6,12:56,12:59,13:16,False,F260012611
7020,M10,12:56,,13:01,True,F260012611
7021,L9,12:49,12:54,12:59,True,F260012608
7022,A4,12:42,12:46,13:07,True,F260012606
7023,A25,12:37,12:38,12:48,True,F260012604
7024,E25,12:35,,12:37,False,F260012604
7025,B7,12:19,,12:25,False,F260012600
7026,E32,12:19,12:23,12:27,True,F260012600
7027,L1,12:19,,12:21,False,F260012600
7028,L13,12:21,,12:25,False,F260012600
7029,A7,12:17,12:22,12:46,True,F260012599
7030,E28,12:17,,12:17,False,F260012597
7031,L12,12:16,,12:17,False,F260012597
7032,L12,12:17,12:19,12:44,False,F260012597
7033,M28,12:16,12:20,13:50,True,F260012597
7034,E11,12:13,12:17,12:42,False,F260012596
7035,M32,12:13,,12:19,True,F260012596
7036,A25,12:13,12:17,12:37,False,F260012595
7037,M10,12:13,12:17,12:36,True,F260012595
7038,L3,12:04,12:10,12:10,False,F260012593
7039,L3,12:16,12:17,12:22,True,F260012593
7040,E8,12:03,12:10,12:18,True,F260012592
7041,E16,12:02,12:10,12:32,True,F260012591
7042,M17,12:15,,12:18,False,F260012591
7043,A10,11:59,12:01,12:35,True,F260012590
7044,E29,11:57,,11:58,False,F260012589
7045,E37,11:58,12:03,12:07,True,F260012589
7046,L13,11:57,12:02,12:20,False,F260012589
7047,E38,11:55,11:59,12:21,True,F260012588
7048,E30,11:55,11:59,12:13,True,F260012587
7049,L12,11:55,12:00,12:11,False,F260012587
7050,E24,11:53,11:57,12:31,False,F260012586
7051,M31,11:53,12:02,14:09,True,F260012586
7052,A31,11:52,12:03,12:12,True,F260012584
7053,H2,11:51,12:17,12:45,True,F260012585
7054,E32,11:50,11:56,12:12,True,F260012582
7055,H98,11:47,11:47,12:18,True,F260012580
7056,E17,11:42,11:46,12:03,True,F260012577
7057,L3,11:42,11:44,12:01,True,F260012576
7058,E6,11:37,11:40,12:08,False,F260012574
7059,M1,11:37,11:41,12:45,True,F260012574
7060,A5,11:39,11:44,12:26,True,F260012575
7061,E27,11:38,11:41,11:58,True,F260012572
7062,H99,11:42,,11:44,False,F260012572
7063,E29,11:27,11:30,11:47,True,F260012570
7064,E28,11:16,,11:18,False,F260012568
7065,E30,11:18,11:23,11:49,True,F260012568
7066,A5,11:12,11:17,11:38,True,F260012566
7067,E6,11:14,11:15,11:25,True,F260012565
7068,L10,11:11,,11:14,False,F260012565
7069,A4,11:44,11:53,12:10,True,F260012564
7070,A4,11:08,11:11,11:33,True,F260012563
7071,M17,11:08,,11:15,False,F260012563
7072,E22,11:08,11:14,11:20,True,F260012561
7073,A25,11:09,11:12,11:48,True,F260012562
7074,E25,11:08,,11:09,False,F260012562
7075,E18,11:00,11:07,11:32,True,F260012558
7076,E37,10:59,11:06,11:16,True,F260012557
7077,L13,10:59,,11:09,False,F260012557
7078,A31,10:59,11:08,11:14,True,F260012556
7079,E8,10:56,11:00,11:11,True,F260012553
7080,L6,10:56,11:00,11:11,False,F260012553
7081,A5,10:49,10:49,11:07,True,F260012551
7082,E6,10:48,10:52,11:13,True,F260012549
7083,E21,10:47,10:56,11:00,False,F260012548
7084,H98,10:45,10:45,11:46,True,F260012547
7085,E32,10:43,10:48,11:02,True,F260012546
7086,E13,10:39,10:46,11:12,True,F260012545
7087,A2,10:30,10:35,10:52,True,F260012542
7088,E2,10:33,,10:34,False,F260012542
7089,L4,10:31,,10:33,False,F260012542
7090,M17,10:34,,10:34,False,F260012542
7091,M18,10:31,,10:34,False,F260012542
7092,E16,10:29,10:34,10:44,True,F260012541
7093,L5,10:23,10:42,10:54,True,F260012540
7094,E18,10:18,10:20,10:53,True,F260012539
7095,E16,10:17,10:21,10:27,True,F260012538
7096,A31,10:16,10:27,10:40,True,F260012537
7097,E25,10:07,,10:17,False,F260012536
7098,E6,10:17,10:23,10:26,True,F260012536
7099,E13,10:06,10:11,10:27,True,F260012535
7100,A5,10:04,10:07,10:48,False,F260012534
7101,M1,10:12,10:16,11:23,True,F260012534
7102,M32,10:04,,10:12,False,F260012534
7103,B2,09:59,,10:03,False,F260012530
7104,E8,09:59,,10:03,True,F260012530
7105,L4,09:59,,10:03,False,F260012530
7106,E28,10:00,10:04,10:11,True,F260012532
7107,E38,10:00,10:06,10:34,True,F260012531
7108,A25,09:56,10:00,10:11,False,F260012529
7109,E6,09:56,10:02,10:16,False,F260012529
7110,H99,10:04,10:07,10:54,False,F260012529
7111,M1,09:56,10:00,10:12,True,F260012529
7112,A10,09:56,10:19,11:58,False,F260012528
7113,AIR10,09:56,10:20,11:36,False,F260012528
7114,B4,09:56,10:06,11:07,False,F260012528
7115,B6,09:56,10:11,10:26,False,F260012528
7116,DECON1,09:56,,10:27,False,F260012528
7117,E10,09:56,10:18,12:17,True,F260012528
7118,E24,09:56,09:59,11:33,False,F260012528
7119,E27,09:56,10:19,10:50,False,F260012528
7120,E31,09:56,10:02,11:23,False,F260012528
7121,HAZ1,09:56,10:19,12:17,False,F260012528
7122,L1,09:56,10:19,11:29,False,F260012528
7123,L9,09:56,10:08,10:27,False,F260012528
7124,M31,09:56,10:01,11:07,False,F260012528
7125,PIO2,10:30,10:30,11:13,False,F260012528
7126,SAFT2,09:56,10:13,10:32,False,F260012528
7127,STAF10,10:02,10:19,10:26,False,F260012528
7128,A4,09:57,10:05,10:51,False,F260012527
7129,H1,10:54,10:54,12:13,True,F260012527
7130,MIH,10:12,,10:22,False,F260012527
7131,E32,09:54,10:03,10:29,True,F260012526
7132,E16,09:36,09:38,09:51,True,F260012524
7133,E22,09:28,09:41,09:58,True,F260012522
7134,A31,09:18,09:22,09:32,True,F260012521
7135,E39,09:18,09:22,09:49,False,F260012520
7136,E40,09:18,09:22,09:36,False,F260012520
7137,M31,09:18,09:28,09:36,True,F260012520
7138,E37,09:10,09:15,09:51,True,F260012519
7139,L13,09:11,,09:18,False,F260012519
7140,M32,09:11,,09:16,False,F260012519
7141,E9,09:09,09:12,09:25,True,F260012518
7142,E16,09:02,09:05,09:35,True,F260012517
7143,M31,09:04,,09:13,False,F260012517
7144,E38,08:57,09:04,09:33,True,F260012515
7145,E39,08:44,08:47,08:55,True,F260012512
7146,L5,08:44,,08:50,False,F260012512
7147,L5,08:50,,08:59,False,F260012509
7148,L5,09:16,09:24,09:36,True,F260012509
7149,L8,08:44,,08:50,False,F260012509
7150,E9,08:43,08:46,08:54,True,F260012510
7151,E24,08:34,08:37,08:57,True,F260012507
7152,L12,08:17,08:22,08:30,True,F260012503
7153,A10,08:12,08:14,08:41,True,F260012502
7154,E17,08:00,08:04,09:00,True,F260012496
7155,E9,07:55,08:08,08:36,True,F260012495
7156,M17,08:03,08:15,08:58,False,F260012495
7157,E28,07:54,07:59,08:22,False,F260012494
7158,M10,07:54,,07:56,True,F260012494
7159,M28,07:56,08:01,08:24,False,F260012494
7160,E33,07:49,07:51,08:06,True,F260012492
7161,M28,07:50,,07:56,False,F260012492
7162,A25,07:47,07:52,08:00,True,F260012490
7163,E8,07:47,07:50,08:23,False,F260012491
7164,M18,07:47,07:57,08:34,True,F260012491
7165,E2,07:46,07:49,08:22,False,F260012489
7166,L4,07:46,07:49,08:14,False,F260012489
7167,M1,07:46,07:55,08:37,True,F260012489
7168,A5,07:45,07:49,08:04,True,F260012488
7169,E17,07:44,07:48,07:49,True,F260012487
7170,A2,07:36,07:42,07:54,True,F260012484
7171,E29,07:35,07:39,08:07,True,F260012483
7172,E37,07:34,07:34,07:44,True,F260012482
7173,E17,07:30,07:33,07:39,True,F260012477
7174,E18,07:28,07:31,07:54,True,F260012475
7175,E28,07:11,07:16,07:40,True,F260012472
7176,M28,07:11,07:18,07:46,False,F260012472
7177,E20,07:10,07:16,07:19,True,F260012471
7178,A10,07:07,07:12,07:28,True,F260012470
7179,E13,07:02,07:07,07:15,True,F260012468
7180,A25,06:44,06:50,07:11,True,F260012460
7181,A5,06:44,06:50,07:01,True,F260012459
7182,E9,06:34,06:39,06:44,True,F260012457
7183,E13,06:24,06:29,06:51,True,F260012455
7184,E30,06:15,06:20,06:44,True,F260012453
7185,E21,06:13,06:18,06:46,True,F260012447
7186,A10,06:07,06:19,06:25,True,F260012446
7187,E28,06:04,06:16,06:29,True,F260012444
7188,E33,06:01,06:08,06:16,True,F260012442
7189,A14,06:00,06:08,06:13,False,F260012440
7190,E13,06:00,06:06,06:21,True,F260012440
7191,E36,06:00,06:10,06:20,False,F260012440
7192,E39,05:37,05:43,06:02,False,F260012434
7193,L5,05:35,05:48,06:05,True,F260012434
7194,A5,05:22,05:26,05:38,True,F260012433
7195,E31,04:49,04:54,05:06,True,F260012427
7196,E30,04:45,04:49,05:07,True,F260012426
7197,E10,04:25,04:29,04:34,True,F260012420
7198,E32,04:19,04:25,04:41,True,F260012419
7199,E40,04:05,04:15,04:21,True,F260012418
7200,E5,03:54,03:58,04:09,True,F260012416
7201,E38,03:28,03:33,03:44,True,F260012415
7202,L10,02:46,02:55,03:04,True,F260012411
7203,E35,02:42,02:46,02:51,True,F260012409
7204,E39,02:23,02:26,02:49,True,F260012406
7205,L5,02:23,,02:27,False,F260012406
7206,E30,02:18,02:26,02:35,True,F260012403
7207,E21,02:11,02:24,02:30,True,F260012401
7208,E41,02:11,02:18,02:33,True,F260012400
7209,E13,02:20,02:27,02:43,True,F260012399
7210,E32,02:10,,02:20,False,F260012399
7211,E37,01:58,02:01,02:15,True,F260012397
7212,E33,02:00,02:03,02:36,True,F260012398
7213,M28,02:05,02:13,03:20,False,F260012398
7214,A25,01:58,02:03,02:19,True,F260012396
7215,E27,01:31,01:36,01:57,True,F260012394
7216,L5,01:30,01:35,01:41,True,F260012393
7217,E39,01:29,01:35,02:05,True,F260012392
7218,E29,01:28,01:33,01:58,False,F260012391
7219,M32,01:28,01:36,02:06,True,F260012391
7220,E6,01:24,01:26,01:39,True,F260012389
7221,E21,01:24,01:31,01:39,True,F260012390
7222,A2,01:22,01:26,01:41,True,F260012385
7223,E24,01:01,01:03,01:16,True,F260012383
7224,B4,00:49,,00:50,False,F260012378
7225,E21,00:49,,00:50,True,F260012378
7226,E24,00:49,,00:50,False,F260012378
7227,M17,00:49,,00:50,False,F260012378
7228,B6,00:47,00:57,01:10,False,F260012377
7229,E31,00:47,00:53,01:45,True,F260012377
7230,L5,00:47,00:55,01:14,False,F260012377
7231,M31,00:47,00:55,01:44,False,F260012377
7232,M44,00:47,00:55,01:31,False,F260012377
7233,E28,00:31,00:38,00:48,True,F260012373
7234,E32,00:32,00:35,01:05,True,F260012374
7235,A25,00:16,00:20,00:35,True,F260012371
7236,E35,00:10,00:14,00:17,True,F260012370
7237,E18,00:07,00:12,00:19,True,F260012369
7238,L8,00:09,00:13,00:34,False,F260012368
7239,M18,00:09,00:14,00:31,True,F260012368
7240,E10,00:04,00:08,00:14,True,F260012366
7241,E10,23:43,23:51,23:54,True,F260012365
7242,A10,23:15,23:21,23:46,True,F260012363
7243,E32,23:08,23:10,23:22,True,F260012358
7244,E10,23:09,23:13,23:22,True,F260012357
7245,E31,22:51,22:54,23:11,True,F260012354
7246,E10,22:36,22:40,22:41,True,F260012352
7247,E5,22:32,22:37,22:53,True,F260012351
7248,E11,22:15,22:19,22:32,True,F260012349
7249,A5,22:02,22:12,22:13,True,F260012348
7250,A25,21:41,21:44,22:00,True,F260012342
7251,E25,21:40,,21:41,False,F260012342
7252,E6,21:41,21:44,21:57,True,F260012343
7253,A2,21:40,21:44,21:53,True,F260012341
7254,E17,21:33,21:36,21:54,False,F260012340
7255,M17,21:33,21:37,21:55,True,F260012340
7256,E27,21:11,,21:13,False,F260012337
7257,E28,21:13,21:18,21:26,True,F260012337
7258,L12,21:11,21:18,21:24,False,F260012337
7259,E20,20:56,20:57,21:12,False,F260012335
7260,M18,20:56,20:59,21:50,True,F260012335
7261,E33,20:50,20:53,21:19,True,F260012332
7262,E25,20:39,20:41,21:00,True,F260012331
7263,E37,20:32,20:35,20:55,True,F260012329
7264,E21,20:31,,20:33,False,F260012328
7265,E35,20:30,20:36,20:55,True,F260012328
7266,L8,20:33,20:37,20:49,False,F260012328
7267,M17,20:31,,20:34,False,F260012328
7268,M18,20:34,20:37,20:53,False,F260012328
7269,E18,20:29,20:32,20:36,False,F260012327
7270,L8,20:29,,20:31,False,F260012327
7271,M18,20:29,,20:34,True,F260012327
7272,A10,20:24,20:30,21:20,True,F260012326
7273,M10,20:38,20:42,21:12,False,F260012326
7274,E20,20:22,20:23,20:38,True,F260012325
7275,E40,20:14,20:18,20:37,True,F260012323
7276,M31,20:14,20:24,21:03,False,F260012323
7277,A25,20:10,,20:13,True,F260012320
7278,E25,20:12,20:15,20:28,False,F260012321
7279,M1,20:12,,20:17,True,F260012321
7280,A25,20:28,20:47,21:27,False,F260012319
7281,E17,20:08,20:12,20:48,True,F260012319
7282,E24,19:57,20:00,20:22,True,F260012316
7283,E11,19:50,19:53,20:04,True,F260012310
7284,E37,19:50,,19:53,False,F260012310
7285,M26,19:50,,19:53,False,F260012310
7286,B5,19:47,19:55,20:11,False,F260012308
7287,E28,19:47,19:50,21:13,True,F260012308
7288,E33,19:47,19:52,20:16,False,F260012308
7289,L12,19:47,19:50,20:41,False,F260012308
7290,E38,19:41,19:42,20:03,True,F260012305
7291,L9,19:42,19:55,20:02,True,F260012302
7292,E39,19:40,19:45,19:56,True,F260012304
7293,L5,19:40,19:49,19:49,False,F260012304
7294,E24,19:38,19:42,19:55,True,F260012301
7295,E17,19:35,19:38,19:42,True,F260012299
7296,L9,19:33,,19:35,False,F260012299
7297,E17,19:22,19:24,19:28,True,F260012297
7298,L9,19:22,19:25,19:26,False,F260012297
7299,E18,19:17,19:22,19:28,True,F260012296
7300,E31,18:49,,18:51,True,F260012287
7301,E18,18:56,18:59,19:02,True,F260012286
7302,E24,18:43,18:45,19:09,True,F260012285
7303,L1,18:26,18:30,18:57,True,F260012283
7304,E22,18:25,18:36,18:52,True,F260012282
7305,M17,18:25,18:31,18:33,False,F260012282
7306,E38,18:21,18:26,18:31,True,F260012280
7307,E27,18:21,18:27,18:44,True,F260012281
7308,H1,18:02,18:29,19:09,True,F260012275
7309,E37,17:44,17:44,18:01,True,F260012270
7310,A5,17:45,17:54,18:02,True,F260012271
7311,H99,17:48,17:50,18:11,False,F260012271
7312,L1,17:42,17:47,17:52,True,F260012269
7313,E2,17:29,17:33,18:03,True,F260012262
7314,L4,17:29,17:33,18:03,False,F260012262
7315,E17,17:27,17:28,17:35,True,F260012261
7316,E39,17:26,17:31,18:02,True,F260012260
7317,L5,17:26,17:38,18:03,False,F260012260
7318,E10,17:23,17:27,17:40,True,F260012259
7319,E16,17:21,17:33,17:54,True,F260012257
7320,E37,17:16,,17:18,False,F260012255
7321,L13,17:18,17:19,17:30,True,F260012255
7322,E40,17:18,17:24,17:54,True,F260012254
7323,E17,17:17,17:20,17:27,True,F260012252
7324,L9,17:17,,17:18,False,F260012252
7325,A10,17:14,17:20,17:52,True,F260012253
7326,E38,17:08,17:10,17:40,True,F260012249
7327,E29,17:09,17:14,17:19,True,F260012248
7328,A4,17:06,17:09,17:31,True,F260012247
7329,MIH,17:21,,17:26,False,F260012247
7330,E17,17:03,17:08,17:17,True,F260012246
7331,L9,17:03,17:08,17:17,False,F260012246
7332,L12,17:11,17:26,17:37,True,F260012244
7333,E37,16:58,,16:59,False,F260012243
7334,L13,16:59,17:03,17:10,True,F260012243
7335,H1,16:54,17:25,18:02,True,F260012241
7336,L4,16:54,17:00,17:12,True,F260012239
7337,A5,16:52,16:52,17:09,True,F260012240
7338,A14,16:50,16:54,17:25,True,F260012235
7339,E40,18:07,,18:08,False,F260012235
7340,E40,18:09,,18:10,False,F260012235
7341,M32,16:51,17:01,18:17,False,F260012235
7342,A4,16:50,16:52,17:00,True,F260012234
7343,E10,16:44,16:49,16:52,True,F260012233
7344,H99,16:48,16:50,16:51,False,F260012233
7345,B5,16:43,16:48,16:54,False,F260012232
7346,E36,16:43,16:48,16:54,True,F260012232
7347,R1,16:43,16:47,16:54,False,F260012232
7348,H2,16:43,16:43,17:15,True,F260012231
7349,A10,16:40,16:42,17:06,True,F260012228
7350,E10,16:39,,16:40,False,F260012228
7351,E6,16:40,16:44,16:52,True,F260012229
7352,L10,16:35,16:42,16:53,True,F260012227
7353,A2,16:34,16:38,16:53,False,F260012226
7354,E2,16:34,16:38,16:51,False,F260012226
7355,M10,16:34,,16:40,True,F260012226
7356,A5,16:31,16:34,16:51,True,F260012225
7357,E34,16:28,16:32,16:48,True,F260012224
7358,A4,16:28,16:32,16:38,True,F260012223
7359,E18,16:23,16:28,16:41,True,F260012222
7360,H2,16:18,16:18,16:40,True,F260012221
7361,E24,16:16,16:18,16:47,True,F260012220
7362,E35,16:17,16:20,16:48,True,F260012219
7363,A10,16:14,16:17,16:39,True,F260012217
7364,E20,16:08,16:13,16:18,True,F260012214
7365,E28,16:01,16:13,16:20,False,F260012212
7366,M28,16:01,16:06,17:13,True,F260012212
7367,E41,16:01,16:09,16:49,True,F260012211
7368,E2,15:56,15:59,16:06,True,F260012210
7369,L4,15:56,15:59,16:05,False,F260012210
7370,A25,16:58,17:02,17:17,True,F260012209
7371,H2,17:15,17:15,17:59,False,F260012209
7372,MIH,17:06,,17:15,False,F260012209
7373,H1,15:50,16:48,16:50,True,F260012208
7374,E2,15:50,,15:52,True,F260012205
7375,L13,15:50,15:56,16:04,True,F260012206
7376,A25,15:47,15:51,16:03,True,F260012203
7377,E25,15:44,15:49,15:52,True,F260012202
7378,E5,15:43,15:46,15:52,True,F260012200
7379,E18,15:42,15:42,15:55,True,F260012199
7380,E39,15:40,15:50,15:59,True,F260012197
7381,E17,15:34,15:37,16:00,True,F260012196
7382,E36,15:22,15:29,15:44,True,F260012192
7383,R1,15:22,15:26,15:55,False,F260012192
7384,E28,15:17,15:23,15:26,True,F260012191
7385,L3,15:14,15:18,15:37,True,F260012190
7386,L12,15:08,15:19,15:29,True,F260012189
7387,E24,15:03,,15:04,True,F260012187
7388,E6,15:03,15:10,15:16,True,F260012186
7389,E36,14:55,14:59,15:07,True,F260012182
7390,L13,14:55,,14:57,False,F260012182
7391,R1,14:57,,15:07,False,F260012182
7392,E16,14:51,14:53,15:18,False,F260012181
7393,M18,14:51,15:01,16:04,True,F260012181
7394,E17,14:43,14:46,15:00,True,F260012179
7395,L5,14:40,14:44,14:47,True,F260012178
7396,A25,14:36,14:40,14:48,True,F260012175
7397,E16,14:28,14:32,14:47,False,F260012174
7398,M31,14:28,14:37,14:58,True,F260012174
7399,E13,14:27,14:30,14:39,True,F260012173
7400,L10,14:25,14:28,14:40,True,F260012172
7401,E21,14:23,14:25,14:44,True,F260012171
7402,E10,14:22,14:25,14:27,True,F260012170
7403,A5,14:19,14:22,14:36,True,F260012169
7404,L6,14:16,14:21,14:41,True,F260012168
7405,A4,14:16,14:20,14:37,True,F260012166
7406,E21,14:14,,14:17,True,F260012165
7407,E2,14:14,14:21,14:57,True,F260012164
7408,A25,14:09,14:11,14:35,True,F260012163
7409,L10,14:08,,14:09,False,F260012163
7410,M17,14:09,14:18,15:16,False,F260012163
7411,E8,14:06,14:10,14:54,True,F260012162
7412,M1,14:07,14:18,15:30,False,F260012162
7413,A5,14:01,14:03,14:11,False,F260012160
7414,E10,14:01,14:03,14:11,False,F260012160
7415,M1,14:01,14:04,14:04,True,F260012160
7416,MIH,14:04,,14:14,False,F260012160
7417,E2,13:51,13:57,14:09,True,F260012159
7418,L4,13:51,13:57,14:06,False,F260012159
7419,A31,13:54,13:58,14:23,True,F260012157
7420,E25,13:49,,13:54,False,F260012156
7421,H99,13:52,13:58,14:31,False,F260012156
7422,L10,13:49,13:52,14:04,False,F260012156
7423,M1,13:49,,13:55,True,F260012156
7424,E37,13:49,,13:51,True,F260012155
7425,L13,13:51,13:54,14:08,False,F260012155
7426,E41,13:40,13:45,14:07,True,F260012154
7427,E38,13:37,13:42,13:46,True,F260012153
7428,A25,13:38,13:40,14:07,True,F260012152
7429,E25,13:38,,13:38,False,F260012152
7430,L10,13:36,,13:38,False,F260012152
7431,MIH,13:50,,13:58,False,F260012152
7432,A25,13:25,13:28,13:37,True,F260012150
7433,E21,13:16,13:20,13:37,False,F260012148
7434,M31,13:16,13:23,13:34,True,F260012148
7435,A4,12:58,13:03,13:19,True,F260012145
7436,A10,12:58,,13:00,True,F260012146
7437,E38,12:57,13:02,13:30,True,F260012144
7438,A5,12:52,12:59,13:08,True,F260012143
7439,E34,12:48,12:50,13:00,True,F260012142
7440,A31,12:40,12:44,13:00,False,F260012141
7441,M31,12:40,12:43,12:52,True,F260012141
7442,L12,12:38,12:41,12:47,True,F260012140
7443,E28,12:37,12:37,12:45,True,F260012139
7444,E30,12:31,12:34,12:46,True,F260012137
7445,E16,12:29,12:32,13:03,True,F260012136
7446,H99,12:45,12:58,13:35,False,F260012136
7447,A25,12:25,12:30,12:41,True,F260012135
7448,E27,12:22,12:25,12:52,True,F260012131
7449,E29,12:08,12:10,12:29,True,F260012127
7450,E10,12:03,12:13,12:42,True,F260012125
7451,B4,12:00,12:18,12:34,False,F260012124
7452,E18,12:02,12:07,12:36,True,F260012124
7453,E35,12:00,,12:02,False,F260012124
7454,L8,12:00,12:15,12:37,False,F260012124
7455,E6,11:51,11:53,12:09,True,F260012123
7456,E16,11:44,11:48,12:12,True,F260012122
7457,H99,11:44,11:48,12:35,False,F260012120
7458,L10,11:40,11:43,11:52,True,F260012120
7459,L9,11:37,,11:38,True,F260012118
7460,E2,11:37,11:41,12:02,True,F260012119
7461,L4,11:37,11:41,12:02,False,F260012119
7462,E25,11:35,11:39,11:48,True,F260012117
7463,A25,11:32,11:36,11:43,True,F260012116
7464,H99,11:35,11:40,11:43,False,F260012116
7465,L12,11:29,11:34,12:01,False,F260012115
7466,M10,11:29,11:39,12:30,True,F260012115
7467,A31,11:22,11:26,11:37,True,F260012114
7468,E17,11:20,11:22,11:48,True,F260012113
7469,E39,11:21,11:27,11:42,True,F260012112
7470,E28,11:19,11:23,12:33,False,F260012111
7471,E30,11:19,11:25,11:55,False,F260012111
7472,M28,11:19,11:24,12:40,True,F260012111
7473,A2,11:18,11:21,11:40,True,F260012110
7474,A2,11:11,,11:13,True,F260012107
7475,A4,11:12,11:15,11:35,False,F260012107
7476,E37,11:10,11:16,11:37,True,F260012105
7477,E10,11:09,11:11,11:18,False,F260012102
7478,L1,11:08,11:10,11:21,True,F260012102
7479,E10,10:43,10:46,11:05,True,F260012100
7480,M1,10:44,10:47,11:37,False,F260012100
7481,A10,10:31,10:34,10:57,True,F260012098
7482,L11,10:29,10:33,11:13,True,F260012097
7483,M10,10:29,,10:31,False,F260012097
7484,M26,10:31,10:41,10:41,False,F260012097
7485,A2,10:28,,10:29,False,F260012096
7486,A4,10:29,10:32,10:57,True,F260012096
7487,M10,10:31,,10:39,False,F260012096
7488,M26,10:28,,10:31,False,F260012096
7489,A31,10:31,10:35,10:54,True,F260012095
7490,B5,10:20,,10:22,False,F260012094
7491,E33,10:20,,10:22,True,F260012094
7492,L12,10:20,,10:22,False,F260012094
7493,E32,10:21,10:23,10:37,True,F260012093
7494,E20,10:21,10:23,10:35,True,F260012092
7495,E37,10:10,,10:14,True,F260012088
7496,L11,10:10,,10:14,False,F260012088
7497,E30,10:11,10:21,10:51,True,F260012087
7498,L3,10:07,10:11,10:18,True,F260012085
7499,E24,10:08,10:13,10:37,True,F260012086
7500,A4,10:02,,10:04,True,F260012083
7501,L9,10:00,10:10,10:21,True,F260012082
7502,E16,09:54,09:57,10:04,True,F260012080
7503,L13,09:51,09:56,10:28,True,F260012079
7504,M1,09:51,10:05,10:32,False,F260012079
7505,E39,09:52,10:07,10:23,True,F260012078
7506,E34,10:09,,10:10,False,F260012077
7507,E41,09:44,09:52,10:12,True,F260012077
7508,E13,09:40,09:45,10:01,True,F260012075
7509,L1,09:40,09:47,10:02,False,F260012075
7510,E10,09:40,09:46,09:49,True,F260012073
7511,E27,09:35,09:37,09:44,True,F260012071
7512,E11,09:33,09:36,10:04,False,F260012069
7513,M28,09:33,09:47,11:02,True,F260012069
7514,E35,09:23,09:27,09:37,True,F260012065
7515,L5,09:23,,09:30,False,F260012065
7516,A25,09:14,09:19,09:32,True,F260012061
7517,E9,09:16,09:20,09:29,True,F260012060
7518,E33,09:05,09:11,09:23,True,F260012056
7519,E20,09:02,09:04,09:28,True,F260012055
7520,E13,09:01,09:03,09:36,True,F260012054
7521,M10,09:04,09:15,10:09,False,F260012054
7522,E16,08:51,08:55,09:01,True,F260012053
7523,A25,08:47,08:50,09:13,False,F260012051
7524,M1,08:47,08:57,09:46,True,F260012051
7525,E18,08:45,08:50,09:30,True,F260012047
7526,L8,08:45,08:52,09:30,False,F260012047
7527,E8,08:40,08:45,09:05,True,F260012046
7528,B7,08:41,08:53,09:36,False,F260012044
7529,E11,08:41,08:49,09:17,False,F260012044
7530,L13,08:41,08:47,09:50,True,F260012044
7531,M32,08:41,09:15,11:41,False,F260012044
7532,E18,08:35,,08:39,False,F260012041
7533,E9,08:39,08:42,08:48,True,F260012041
7534,E6,09:18,09:20,09:50,True,F260012040
7535,E16,08:34,08:38,08:44,True,F260012039
7536,E9,08:30,08:32,08:37,True,F260012037
7537,L8,08:30,,08:31,False,F260012037
7538,E25,08:28,08:31,08:44,True,F260012036
7539,L10,08:28,08:31,08:44,False,F260012036
7540,E20,08:48,08:55,09:02,True,F260012034
7541,E30,08:28,08:30,09:02,True,F260012035
7542,E8,08:19,08:24,08:28,True,F260012033
7543,E37,08:14,08:21,09:01,True,F260012032
7544,E17,08:09,08:12,08:37,True,F260012030
7545,E8,08:05,08:09,08:13,True,F260012026
7546,E21,08:06,08:12,08:53,True,F260012027
7547,M18,08:23,08:29,09:09,False,F260012027
7548,E2,07:57,08:04,08:08,True,F260012025
7549,L4,07:57,08:04,08:08,False,F260012025
7550,A14,07:59,08:04,08:20,True,F260012024
7551,E39,07:49,07:59,08:22,True,F260012020
7552,E10,07:46,07:49,07:52,True,F260012019
7553,A10,07:37,07:44,08:01,True,F260012016
7554,E6,07:36,07:38,08:06,True,F260012015
7555,E8,07:36,07:39,07:49,True,F260012014
7556,E10,07:33,07:37,07:40,True,F260012012
7557,E9,07:35,07:38,08:03,True,F260012013
7558,E20,07:25,07:28,07:48,True,F260012011
7559,A5,07:14,07:19,07:49,True,F260012009
7560,E25,07:22,07:26,07:48,False,F260012009
7561,M10,07:22,07:27,08:07,False,F260012009
7562,E31,07:10,07:15,07:20,True,F260012008
7563,E16,07:08,07:13,07:35,True,F260012007
7564,A25,07:01,07:04,07:30,True,F260012006
7565,E28,06:59,07:03,07:35,False,F260012005
7566,M28,06:59,07:04,08:15,True,F260012005
7567,E24,06:56,07:02,07:39,True,F260012003
7568,E10,06:53,06:56,07:16,True,F260012002
7569,E18,06:51,06:58,06:59,True,F260012001
7570,E37,06:49,06:56,07:23,True,F260012000
7571,M32,06:51,,07:00,False,F260012000
7572,A2,06:40,06:43,06:59,True,F260011996
7573,A10,06:33,06:38,07:08,True,F260011994
7574,A25,06:33,06:36,06:56,True,F260011993
7575,E5,06:14,06:18,06:40,True,F260011986
7576,E10,06:14,06:19,06:27,True,F260011987
7577,L1,06:14,06:19,06:28,False,F260011987
7578,E25,06:10,,06:16,True,F260011984
7579,E27,05:55,06:04,06:22,True,F260011982
7580,A25,05:52,05:57,06:28,True,F260011981
7581,E30,05:50,05:54,06:07,True,F260011980
7582,E32,05:48,05:55,06:16,True,F260011979
7583,E6,05:48,05:51,06:03,True,F260011978
7584,E28,05:36,05:42,05:49,True,F260011975
7585,L1,05:34,05:42,05:55,True,F260011973
7586,A2,05:16,05:20,05:51,True,F260011969
7587,A5,05:00,,05:08,True,F260011967
7588,A2,04:55,05:01,05:08,True,F260011966
7589,E28,04:52,04:58,05:32,True,F260011964
7590,A25,04:42,04:50,05:01,True,F260011962
7591,E33,03:56,04:01,04:15,True,F260011957
7592,E9,03:54,03:59,04:17,True,F260011956
7593,E25,03:52,03:56,03:59,True,F260011954
7594,E18,03:31,03:39,04:02,True,F260011950
7595,E32,03:43,03:47,04:09,True,F260011949
7596,E40,03:19,03:23,03:59,False,F260011948
7597,M17,03:19,03:33,03:50,True,F260011948
7598,E33,03:09,03:14,03:22,True,F260011946
7599,E24,03:07,03:09,03:56,True,F260011945
7600,M1,03:20,,03:24,False,F260011945
7601,NOR-M163,03:23,03:44,04:15,False,F260011945
7602,E18,03:04,03:08,03:17,True,F260011944
7603,FIREBOAT,03:04,,03:09,False,F260011944
7604,L8,03:04,03:08,03:16,False,F260011944
7605,L11,02:49,02:54,03:06,True,F260011941
7606,A10,02:50,02:54,02:59,True,F260011940
7607,E32,02:47,02:52,02:55,True,F260011939
7608,E10,02:37,02:41,02:43,False,F260011937
7609,E5,02:36,02:40,02:47,True,F260011937
7610,M10,02:37,,02:43,False,F260011937
7611,E25,02:36,02:40,02:42,True,F260011936
7612,L9,02:31,02:36,02:38,True,F260011935
7613,E17,02:17,02:22,02:49,True,F260011934
7614,E32,02:12,02:18,02:41,False,F260011933
7615,M32,02:12,02:18,03:15,True,F260011933
7616,E37,02:11,02:17,02:44,True,F260011932
7617,E26,02:08,02:13,02:55,True,F260011931
7618,E24,01:48,01:51,02:12,True,F260011927
7619,E32,01:30,01:35,01:51,True,F260011921
7620,L9,01:15,01:20,01:37,True,F260011914
7621,E2,01:14,01:18,01:36,True,F260011913
7622,L4,01:14,01:27,01:37,False,F260011913
7623,A2,01:14,01:19,01:27,True,F260011912
7624,E5,01:20,01:26,01:33,True,F260011911
7625,A25,01:04,01:08,01:34,True,F260011910
7626,E6,01:04,01:08,01:31,False,F260011909
7627,M1,01:04,01:11,01:33,True,F260011909
7628,A5,01:02,01:05,01:28,True,F260011908
7629,E39,01:00,01:03,01:16,True,F260011907
7630,E39,00:42,00:46,00:52,True,F260011900
7631,A10,00:40,00:45,01:03,True,F260011901
7632,E17,00:32,00:34,01:27,False,F260011899
7633,M10,00:32,00:41,01:55,True,F260011899
7634,E27,00:15,00:19,00:24,True,F260011898
7635,E24,00:06,00:09,00:57,True,F260011897
7636,M17,00:15,00:28,01:07,False,F260011897
7637,E9,00:03,00:07,00:30,True,F260011896
7638,A2,23:52,23:56,00:07,True,F260011895
7639,E40,23:49,00:03,00:04,True,F260011894
7640,E37,23:45,23:49,00:19,False,F260011893
7641,M32,23:45,23:53,23:54,True,F260011893
7642,M44,23:48,,23:54,False,F260011893
7643,E28,23:43,23:50,00:02,True,F260011891
7644,E10,23:41,23:44,23:45,True,F260011890
7645,A2,23:31,23:35,23:45,False,F260011889
7646,M1,23:31,23:38,23:39,True,F260011889
7647,L10,23:29,23:37,23:56,True,F260011888
7648,E29,23:20,23:26,23:59,True,F260011887
7649,L11,23:20,23:29,23:59,False,F260011887
7650,A5,23:15,23:22,23:43,True,F260011886
7651,E20,23:06,23:12,23:39,True,F260011884
7652,A14,23:04,,23:04,True,F260011882
7653,B4,23:04,,23:12,False,F260011882
7654,B6,23:04,23:08,23:11,False,F260011882
7655,E17,23:04,23:13,23:24,False,F260011882
7656,E22,23:04,23:10,23:11,False,F260011882
7657,L9,23:04,23:08,23:19,False,F260011882
7658,M17,23:04,23:10,23:15,False,F260011882
7659,M44,23:04,23:10,23:12,False,F260011882
7660,R1,23:04,,23:11,False,F260011882
7661,SAFT2,23:04,,23:12,False,F260011882
7662,A10,22:59,23:03,23:25,True,F260011880
7663,E13,22:48,22:54,23:02,True,F260011879
7664,A2,22:43,22:47,23:02,True,F260011875
7665,E31,22:35,22:38,22:40,True,F260011873
7666,E13,21:58,22:07,22:15,True,F260011871
7667,E27,22:03,22:10,22:15,True,F260011869
7668,E17,21:51,22:08,22:15,True,F260011866
7669,E30,21:50,21:53,22:04,True,F260011867
7670,L3,21:50,21:55,21:56,False,F260011867
7671,E9,21:49,21:53,22:01,True,F260011864
7672,E10,21:49,21:51,21:58,True,F260011865
7673,L1,21:49,21:51,21:58,False,F260011865
7674,E2,21:46,,21:48,True,F260011863
7675,E6,21:46,21:49,22:05,True,F260011862
7676,E5,21:16,21:19,21:30,True,F260011857
7677,B2,21:31,,21:32,False,F260011855
7678,E25,21:12,21:13,21:43,True,F260011855
7679,M10,21:12,21:21,22:11,False,F260011855
7680,E2,21:11,21:16,21:38,True,F260011854
7681,A5,21:07,21:12,21:41,True,F260011852
7682,E31,21:06,21:09,21:11,True,F260011848
7683,E30,21:04,21:07,21:08,True,F260011847
7684,E10,21:02,21:05,21:16,True,F260011846
7685,L1,21:02,21:05,21:17,False,F260011846
7686,E28,20:59,21:04,21:34,True,F260011843
7687,M28,21:09,21:13,22:17,False,F260011843
7688,E18,20:59,21:04,21:06,True,F260011842
7689,A2,20:58,21:00,21:36,True,F260011841
7690,E25,20:45,20:49,21:10,True,F260011840
7691,A10,20:40,20:42,21:53,True,F260011838
7692,M1,20:51,20:55,22:12,False,F260011838
7693,A2,20:32,20:37,20:56,True,F260011837
7694,A4,20:31,,20:32,False,F260011837
7695,A25,20:30,20:33,20:52,True,F260011836
7696,E24,20:29,20:33,20:51,True,F260011835
7697,A31,20:18,20:20,20:30,True,F260011833
7698,A14,20:11,20:14,20:35,True,F260011831
7699,E5,20:13,20:16,20:29,True,F260011832
7700,E25,20:06,20:09,20:25,True,F260011830
7701,E8,20:05,20:09,21:03,True,F260011828
7702,L6,20:05,20:09,20:57,False,F260011828
7703,M10,20:05,20:37,21:06,False,F260011828
7704,E16,20:02,20:04,21:12,True,F260011824
7705,E39,20:03,20:06,20:09,True,F260011825
7706,A31,19:52,19:58,20:08,True,F260011822
7707,E37,19:51,19:54,20:12,True,F260011821
7708,A25,19:47,19:51,20:09,True,F260011818
7709,E16,19:46,19:51,19:59,True,F260011817
7710,L9,19:46,19:51,19:56,False,F260011817
7711,L12,19:46,19:50,20:11,True,F260011816
7712,A4,19:44,19:47,20:10,True,F260011815
7713,E24,19:43,19:47,20:09,True,F260011814
7714,E39,19:35,19:39,19:58,True,F260011811
7715,A10,19:29,19:37,20:03,True,F260011810
7716,L1,19:28,,19:31,True,F260011808
7717,E6,19:27,19:31,19:37,True,F260011809
7718,E20,19:20,19:24,19:56,False,F260011807
7719,E41,19:20,19:25,19:53,False,F260011807
7720,M17,19:20,19:36,21:12,True,F260011807
7721,E21,19:16,19:21,19:29,True,F260011806
7722,L8,19:12,19:21,19:29,True,F260011804
7723,E6,19:01,19:03,19:24,True,F260011801
7724,L12,19:00,19:06,19:19,True,F260011800
7725,E17,18:51,18:53,19:09,True,F260011797
7726,L9,18:51,18:54,19:09,False,F260011797
7727,L6,18:51,,18:53,True,F260011796
7728,E25,18:49,18:53,18:59,True,F260011795
7729,L10,18:49,18:53,19:00,False,F260011795
7730,A10,18:49,18:52,19:18,True,F260011793
7731,E10,18:48,18:53,19:06,True,F260011792
7732,E8,18:40,18:46,18:54,True,F260011791
7733,A31,18:35,18:39,19:27,True,F260011790
7734,E33,18:33,18:38,18:56,True,F260011789
7735,E26,18:33,,18:35,False,F260011788
7736,E27,18:33,18:38,19:07,False,F260011788
7737,M1,18:33,18:42,19:21,True,F260011788
7738,R1,18:35,18:38,18:56,False,F260011788
7739,E11,18:31,18:35,18:48,True,F260011786
7740,A25,18:25,18:28,18:45,True,F260011784
7741,E10,18:24,18:27,18:34,True,F260011783
7742,L1,18:24,18:28,18:36,False,F260011783
7743,E18,18:20,18:27,18:47,True,F260011781
7744,E28,18:17,18:21,20:11,True,F260011780
7745,M28,18:26,18:31,19:13,False,F260011780
7746,E13,18:14,,18:22,True,F260011779
7747,E31,18:15,18:21,18:29,True,F260011777
7748,A31,18:14,18:19,18:27,False,F260011778
7749,M1,18:14,,18:16,False,F260011778
7750,M17,18:16,,18:25,True,F260011778
7751,E9,18:10,18:13,18:29,True,F260011775
7752,E35,18:00,18:05,18:25,True,F260011771
7753,A25,18:00,18:06,18:19,True,F260011772
7754,E37,17:59,18:03,18:28,True,F260011769
7755,L13,17:59,18:03,18:30,False,F260011769
7756,A4,17:55,17:59,18:27,True,F260011768
7757,M10,18:02,18:08,18:35,True,F260011766
7758,M28,17:51,,18:02,False,F260011766
7759,E16,17:50,17:55,18:13,True,F260011765
7760,E39,17:49,17:53,18:11,True,F260011764
7761,E22,17:48,17:53,17:53,True,F260011763
7762,E31,17:42,17:44,17:48,True,F260011759
7763,E41,17:45,17:46,18:44,True,F260011760
7764,A5,17:42,17:44,18:05,True,F260011761
7765,M10,17:43,17:46,18:02,False,F260011761
7766,A10,17:41,17:47,17:50,True,F260011757
7767,E25,17:35,17:41,18:15,True,F260011755
7768,L10,17:35,17:41,18:14,False,F260011755
7769,E32,17:31,17:37,17:58,True,F260011753
7770,M32,17:32,17:37,18:43,False,F260011753
7771,A4,17:32,17:35,17:44,True,F260011752
7772,E17,17:30,17:32,17:36,True,F260011751
7773,A31,17:22,17:30,17:50,True,F260011750
7774,M1,17:17,17:23,18:03,True,F260011747
7775,E17,17:20,,17:22,False,F260011749
7776,E9,17:22,17:22,17:52,False,F260011749
7777,M10,17:20,,17:23,False,F260011749
7778,M17,17:23,17:29,18:15,True,F260011749
7779,E16,17:16,17:21,17:48,True,F260011745
7780,E9,17:12,17:15,17:21,True,F260011744
7781,E8,17:11,17:15,17:29,True,F260011743
7782,E32,16:48,16:53,17:08,True,F260011741
7783,L11,16:48,16:52,17:07,False,F260011741
7784,E30,16:46,16:48,17:22,True,F260011740
7785,L12,16:47,16:53,17:22,False,F260011740
7786,A25,16:44,16:48,17:03,True,F260011739
7787,A4,16:42,,16:44,True,F260011737
7788,E37,16:38,16:42,17:07,True,F260011736
7789,L5,16:28,16:43,16:49,True,F260011732
7790,E24,16:23,16:25,17:03,True,F260011730
7791,M17,16:23,16:35,17:22,False,F260011730
7792,FAC,16:16,16:16,16:19,True,F260011727
7793,E38,16:09,16:14,16:42,True,F260011725
7794,E5,15:58,16:01,16:24,True,F260011720
7795,A4,15:59,,16:07,False,F260011718
7796,AIR10,15:59,,16:08,False,F260011718
7797,B2,15:59,16:06,16:10,False,F260011718
7798,B5,15:59,16:06,16:08,False,F260011718
7799,DECON1,15:59,,16:07,False,F260011718
7800,DEP1,15:59,16:05,16:09,False,F260011718
7801,E10,15:58,16:03,16:44,True,F260011718
7802,E13,15:59,16:06,16:09,False,F260011718
7803,E2,15:59,,16:07,False,F260011718
7804,E25,15:59,16:05,16:08,False,F260011718
7805,E27,15:59,,16:07,False,F260011718
7806,E30,15:59,16:05,16:20,False,F260011718
7807,E6,15:59,16:03,16:09,False,F260011718
7808,HAZ1,15:59,16:03,16:43,False,F260011718
7809,L1,15:58,16:04,16:29,False,F260011718
7810,L10,15:59,16:05,16:20,False,F260011718
7811,L3,15:59,16:04,16:11,False,F260011718
7812,L4,15:59,,16:07,False,F260011718
7813,M10,15:59,16:05,16:09,False,F260011718
7814,M44,15:59,16:05,16:08,False,F260011718
7815,SAFT2,15:59,16:05,16:07,False,F260011718
7816,STAF10,15:59,16:04,16:09,False,F260011718
7817,A5,15:57,16:14,16:16,True,F260011717
7818,M1,15:52,15:57,16:23,True,F260011716
7819,E18,15:50,15:53,16:09,True,F260011715
7820,A10,15:47,15:51,16:44,True,F260011712
7821,A25,15:50,16:02,16:30,False,F260011710
7822,E28,15:42,15:45,16:41,True,F260011710
7823,M28,15:57,16:02,16:24,False,F260011710
7824,A31,15:40,15:57,16:27,True,F260011709
7825,E39,15:37,15:41,16:00,True,F260011706
7826,E40,15:36,15:40,16:01,True,F260011705
7827,A5,15:29,15:34,15:48,True,F260011703
7828,L9,15:23,15:32,15:40,True,F260011701
7829,B4,15:09,,15:13,False,F260011696
7830,E20,15:09,15:12,15:38,True,F260011696
7831,L6,15:09,,15:13,False,F260011696
7832,A4,15:08,15:11,15:33,False,F260011694
7833,M1,15:08,,15:09,True,F260011694
7834,M10,15:09,15:15,15:32,False,F260011694
7835,E18,15:07,15:10,15:22,True,F260011693
7836,L8,15:07,15:09,15:22,False,F260011693
7837,E16,15:08,,15:11,True,F260011695
7838,E31,15:11,,15:14,False,F260011695
7839,E28,15:05,15:11,15:29,True,F260011692
7840,E40,15:03,,15:05,True,F260011691
7841,E24,15:01,15:04,15:29,True,F260011690
7842,A10,14:42,14:45,14:57,True,F260011688
7843,E9,14:36,14:39,15:02,False,F260011685
7844,M17,14:36,14:53,15:32,True,F260011685
7845,E24,14:32,,14:34,False,F260011684
7846,L5,14:32,,14:33,False,F260011684
7847,M17,14:32,,14:34,True,F260011684
7848,E6,14:18,14:20,14:59,True,F260011680
7849,M1,14:24,14:28,14:57,False,F260011680
7850,E8,14:05,14:09,14:18,True,F260011677
7851,E39,13:57,13:58,13:59,True,F260011676
7852,A31,13:52,13:54,13:55,True,F260011674
7853,A4,13:47,13:50,14:06,True,F260011673
7854,E21,13:31,13:35,13:40,True,F260011670
7855,E24,13:32,13:37,13:49,True,F260011669
7856,A2,13:28,,13:29,True,F260011668
7857,A4,13:29,13:32,13:41,False,F260011668
7858,A5,12:53,13:02,13:22,True,F260011662
7859,E10,12:49,12:51,12:56,True,F260011661
7860,L1,12:39,12:43,12:57,True,F260011660
7861,B2,12:35,12:42,12:52,False,F260011655
7862,E5,12:28,12:31,13:06,True,F260011655
7863,SAFT2,12:38,12:48,13:20,False,F260011655
7864,A2,12:25,12:29,13:03,False,F260011654
7865,M10,12:25,12:31,13:36,True,F260011654
7866,A10,12:22,12:26,12:56,True,F260011653
7867,E28,12:18,12:21,13:02,True,F260011652
7868,M28,12:35,12:38,12:59,False,F260011652
7869,E40,13:16,13:20,13:22,True,F260011650
7870,E31,12:17,12:19,12:24,True,F260011651
7871,L5,12:15,,12:17,False,F260011651
7872,M28,12:17,,12:21,False,F260011651
7873,NOR-M163,12:21,,12:22,False,F260011651
7874,E24,12:16,12:20,12:27,True,F260011649
7875,E31,12:13,,12:16,False,F260011649
7876,A31,12:12,12:15,12:24,True,F260011648
7877,E32,12:08,12:10,12:24,False,F260011647
7878,M28,12:08,,12:12,True,F260011647
7879,A4,12:02,12:06,12:50,True,F260011646
7880,M1,12:03,12:09,13:14,False,F260011646
7881,E6,11:54,11:54,11:59,True,F260011645
7882,E24,11:54,11:57,12:16,True,F260011644
7883,B4,11:47,11:54,12:10,False,F260011643
7884,E20,11:47,11:52,12:15,True,F260011643
7885,L8,11:47,11:53,12:13,False,F260011643
7886,E6,11:44,11:47,11:52,True,F260011642
7887,L13,11:41,11:46,12:36,True,F260011640
7888,M32,11:57,12:07,12:39,False,F260011640
7889,E34,11:39,11:43,11:59,True,F260011639
7890,E41,11:37,11:42,12:24,True,F260011636
7891,M17,11:46,12:04,12:43,False,F260011636
7892,E30,11:38,11:43,12:08,False,F260011637
7893,M28,11:38,11:45,11:45,True,F260011637
7894,E11,11:37,11:44,12:05,True,F260011634
7895,A5,11:36,11:40,12:06,True,F260011635
7896,A2,11:28,11:33,11:34,False,F260011632
7897,M1,11:28,,11:34,True,F260011632
7898,L1,11:40,,11:56,False,F260011630
7899,L11,11:27,,11:42,True,F260011630
7900,L3,11:55,12:14,12:42,False,F260011630
7901,A10,11:31,11:36,11:58,True,F260011631
7902,E37,11:26,11:29,12:00,True,F260011629
7903,L1,11:22,,11:24,False,F260011626
7904,L3,11:24,11:30,11:47,True,F260011626
7905,A14,11:23,,11:23,True,F260011627
7906,A4,11:23,11:36,11:47,False,F260011627
7907,AIR10,11:23,,11:36,False,F260011627
7908,B2,11:23,11:28,12:14,False,F260011627
7909,B5,11:23,11:32,11:41,False,F260011627
7910,DEP1,11:23,11:29,11:37,False,F260011627
7911,E10,11:23,11:35,11:51,False,F260011627
7912,E2,11:23,11:26,12:32,False,F260011627
7913,E25,11:25,11:29,11:46,False,F260011627
7914,E34,11:23,,11:25,False,F260011627
7915,E5,11:23,11:28,12:20,False,F260011627
7916,E8,11:23,11:29,11:33,False,F260011627
7917,L1,11:24,11:30,11:39,False,F260011627
7918,L10,11:27,11:29,11:44,False,F260011627
7919,L3,11:23,,11:24,False,F260011627
7920,L4,11:23,11:26,12:17,False,F260011627
7921,L6,11:23,,11:28,False,F260011627
7922,M10,11:23,11:30,12:21,False,F260011627
7923,M44,11:23,11:34,11:41,False,F260011627
7924,MAR5,11:23,,11:33,False,F260011627
7925,MAR5,11:41,11:55,12:32,False,F260011627
7926,R1,11:23,11:30,11:38,False,F260011627
7927,REHAB1,11:23,,11:33,False,F260011627
7928,SAFT2,11:23,11:36,11:43,False,F260011627
7929,STAF10,11:23,11:29,11:48,False,F260011627
7930,E17,11:13,11:18,11:28,True,F260011625
7931,E16,11:11,11:15,11:24,True,F260011624
7932,L5,11:11,11:19,11:24,False,F260011624
7933,EVENT14,11:11,11:11,14:02,True,F260011623
7934,E34,11:12,11:15,11:18,True,F260011622
7935,E22,11:00,11:05,11:24,True,F260011617
7936,E36,10:56,11:01,11:27,True,F260011616
7937,E18,10:56,10:59,11:09,True,F260011615
7938,L5,10:56,,11:03,False,F260011615
7939,A31,10:55,11:00,11:24,True,F260011614
7940,A5,10:53,10:58,11:19,False,F260011612
7941,E25,10:53,,10:53,True,F260011612
7942,E20,10:35,10:40,10:58,True,F260011611
7943,L8,10:35,10:45,10:58,False,F260011611
7944,A25,10:34,10:41,11:17,True,F260011609
7945,E25,10:33,,10:34,False,F260011609
7946,M1,10:55,,11:01,False,F260011609
7947,EVENT13,10:34,10:34,,True,F260011610
7948,PLEDG-EMS,10:35,10:35,,False,F260011610
7949,E26,10:25,10:30,10:56,True,F260011607
7950,E40,10:24,10:28,11:01,True,F260011606
7951,E29,10:18,10:24,10:44,True,F260011603
7952,A25,10:17,10:18,10:33,True,F260011600
7953,E16,10:08,10:20,10:32,True,F260011598
7954,E40,10:04,,10:08,False,F260011598
7955,A4,10:08,10:11,10:30,True,F260011596
7956,E13,09:57,10:01,10:07,True,F260011594
7957,R1,09:57,,10:02,False,F260011594
7958,A25,09:55,09:59,10:09,True,F260011592
7959,E38,09:55,09:58,10:05,True,F260011593
7960,E11,09:55,10:00,10:21,True,F260011591
7961,A10,09:55,09:59,10:14,True,F260011590
7962,M10,09:55,10:01,10:04,False,F260011590
7963,E6,09:45,09:48,09:59,True,F260011587
7964,E17,09:41,09:46,10:06,True,F260011585
7965,L3,09:39,09:54,10:19,True,F260011583
7966,A4,09:36,09:40,09:56,True,F260011582
7967,L8,09:35,09:48,09:48,True,F260011581
7968,E24,09:30,09:34,09:45,True,F260011579
7969,E30,09:31,09:33,09:45,True,F260011580
7970,L10,09:23,09:27,09:46,True,F260011577
7971,E17,09:21,09:24,09:31,True,F260011576
7972,A25,09:12,09:21,09:31,False,F260011575
7973,B2,09:12,09:18,09:29,False,F260011575
7974,E25,09:12,09:20,09:46,True,F260011575
7975,M1,09:12,09:20,10:01,False,F260011575
7976,M44,09:12,09:20,09:38,False,F260011575
7977,L4,09:10,09:22,09:47,True,F260011574
7978,L5,09:08,09:26,09:54,True,F260011573
7979,L6,09:04,09:10,09:28,True,F260011572
7980,A4,08:59,09:01,09:19,False,F260011570
7981,E2,08:58,,08:59,False,F260011570
7982,M10,08:58,09:05,09:43,True,F260011570
7983,L9,08:54,09:06,09:12,True,F260011568
7984,L3,08:46,08:51,08:54,True,F260011566
7985,E11,08:40,08:51,08:56,True,F260011565
7986,A2,08:33,08:38,08:59,True,F260011563
7987,A25,08:31,08:34,08:52,True,F260011562
7988,E25,08:30,08:35,08:39,True,F260011561
7989,E2,08:18,08:22,08:38,True,F260011558
7990,L4,08:18,08:23,08:34,False,F260011558
7991,E33,08:16,08:19,08:32,True,F260011557
7992,B5,08:08,,08:16,False,F260011554
7993,E10,08:08,,08:16,False,F260011554
7994,E13,08:08,,08:24,True,F260011554
7995,E36,08:08,,08:16,False,F260011554
7996,E33,08:02,08:06,08:10,True,F260011553
7997,B7,11:24,11:34,11:52,False,F260011552
7998,E29,11:27,11:32,,False,F260011552
7999,E32,11:23,,11:27,True,F260011552
8000,E39,07:52,07:56,08:24,True,F260011550
8001,A5,07:51,07:54,08:03,True,F260011549
8002,E21,07:48,,07:51,True,F260011548
8003,E30,07:44,07:47,07:50,False,F260011547
8004,E10,07:40,07:43,07:48,True,F260011545
8005,E32,07:27,07:32,07:43,True,F260011543
8006,L11,07:27,07:32,07:42,False,F260011543
8007,A25,07:19,07:23,07:28,False,F260011541
8008,EVENT12,07:09,07:09,,True,F260011538
8009,HAZ80,10:34,10:34,,False,F260011538
8010,LUMEN-HAZ,10:34,10:34,,False,F260011538
8011,E17,07:03,07:07,07:11,True,F260011537
8012,E21,06:43,06:48,06:50,True,F260011534
8013,B6,06:20,06:26,06:28,False,F260011530
8014,E17,06:20,06:25,06:50,True,F260011530
8015,E10,06:14,06:17,06:30,True,F260011528
8016,L1,06:14,06:17,06:29,False,F260011528
8017,A2,06:09,06:14,06:34,True,F260011527
8018,E25,06:01,06:04,06:28,True,F260011522
8019,L10,06:01,06:04,06:28,False,F260011522
8020,E18,05:58,,06:04,True,F260011521
8021,A10,06:05,06:09,06:29,True,F260011519
8022,A5,05:13,05:22,05:44,True,F260011518
8023,A25,04:46,04:50,05:09,False,F260011516
8024,H98,05:41,05:41,05:50,True,F260011516
8025,MIH,04:59,,05:10,False,F260011516
8026,E10,04:39,04:46,05:01,True,F260011515
8027,E30,04:26,04:29,04:51,True,F260011514
8028,E6,04:22,04:26,04:51,True,F260011513
8029,H98,04:37,04:50,05:08,False,F260011513
8030,MIH,04:29,,04:37,False,F260011513
8031,E2,04:20,04:27,04:28,True,F260011512
8032,E17,04:10,04:16,04:19,True,F260011510
8033,E2,04:06,04:10,04:16,True,F260011509
8034,E29,03:58,04:04,04:16,True,F260011508
8035,E37,03:46,03:52,04:13,True,F260011507
8036,A10,03:40,03:43,04:03,True,F260011506
8037,E33,03:25,03:30,03:34,True,F260011504
8038,A5,03:15,03:22,04:09,False,F260011502
8039,E5,03:31,03:37,04:10,False,F260011502
8040,M1,03:15,03:21,05:01,True,F260011502
8041,A25,02:42,02:44,02:54,True,F260011497
8042,E2,02:39,02:46,02:46,True,F260011496
8043,A10,02:36,02:41,02:49,True,F260011494
8044,A25,02:35,02:39,02:41,True,F260011492
8045,R1,02:26,02:29,02:43,True,F260011490
8046,E13,02:24,02:27,02:58,True,F260011488
8047,E30,02:27,,02:30,False,F260011488
8048,M10,02:27,02:36,02:51,False,F260011488
8049,E18,02:22,02:25,02:40,True,F260011487
8050,A25,02:15,02:21,02:28,True,F260011485
8051,E2,02:14,02:18,02:23,True,F260011484
8052,A2,02:12,02:19,02:59,True,F260011482
8053,E17,02:09,,02:12,False,F260011481
8054,E17,02:23,02:26,02:30,True,F260011481
8055,H1,02:00,02:02,02:22,True,F260011479
8056,E30,01:56,02:00,02:11,True,F260011476
8057,L3,01:56,02:01,02:08,False,F260011476
8058,E2,01:56,02:01,02:05,True,F260011474
8059,E35,01:41,01:46,02:12,True,F260011470
8060,E17,01:40,01:43,01:49,True,F260011469
8061,L9,01:40,01:44,01:49,False,F260011469
8062,H1,01:40,01:40,01:56,True,F260011468
8063,L4,01:38,01:45,02:03,True,F260011466
8064,E2,01:38,01:42,01:50,True,F260011467
8065,A5,01:27,01:32,01:50,True,F260011465
8066,E5,01:29,,01:34,False,F260011465
8067,M1,01:29,,01:34,False,F260011465
8068,E10,01:20,01:23,01:32,True,F260011464
8069,L1,01:20,01:23,01:32,False,F260011464
8070,E6,01:10,01:12,01:24,True,F260011463
8071,L3,01:10,01:13,01:24,False,F260011463
8072,H1,01:13,01:21,01:38,False,F260011462
8073,H98,01:12,,01:16,True,F260011462
8074,E25,01:08,01:14,01:28,True,F260011461
8075,H1,01:01,01:02,01:04,True,F260011460
8076,E9,00:52,00:56,01:09,True,F260011459
8077,E32,00:35,00:39,00:54,True,F260011458
8078,M32,00:35,00:39,00:42,False,F260011458
8079,E8,00:30,00:34,00:59,True,F260011455
8080,H1,00:40,,00:48,False,F260011455
8081,E2,00:24,00:33,00:41,True,F260011454
8082,A2,00:10,00:12,00:25,False,F260011450
8083,H1,00:19,00:22,00:34,False,F260011450
8084,L4,00:08,,00:10,True,F260011450
8085,E41,23:59,00:04,00:10,True,F260011448
8086,E2,00:02,00:06,00:09,True,F260011447
8087,E18,23:58,00:03,00:14,True,F260011446
8088,E28,23:53,00:07,00:07,True,F260011443
8089,E25,23:48,23:52,00:05,True,F260011441
8090,L10,23:48,23:51,00:02,False,F260011441
8091,A2,23:45,23:52,00:09,False,F260011439
8092,E5,23:45,23:51,23:56,False,F260011439
8093,M10,23:45,,23:53,True,F260011439
8094,E2,23:38,23:44,23:51,True,F260011436
8095,L4,23:38,23:44,23:52,False,F260011436
8096,E9,23:36,,23:44,True,F260011435
8097,A25,23:35,23:46,23:53,True,F260011434
8098,L10,23:28,23:39,23:40,True,F260011431
8099,E30,23:27,23:31,23:43,True,F260011429
8100,E28,23:22,23:32,23:34,True,F260011428
8101,E39,23:20,23:25,23:40,True,F260011427
8102,A2,23:19,23:24,23:38,False,F260011426
8103,E5,23:19,23:24,23:25,False,F260011426
8104,M1,23:19,,23:25,True,F260011426
8105,E18,22:52,22:57,23:01,True,F260011423
8106,E35,22:42,22:45,23:09,True,F260011422
8107,A25,22:42,22:53,23:06,True,F260011421
8108,A10,22:37,22:40,22:51,True,F260011420
8109,A10,22:32,,22:35,True,F260011419
8110,A5,22:31,22:34,22:48,True,F260011418
8111,A14,22:24,22:34,22:44,True,F260011416
8112,H98,22:46,22:57,23:27,False,F260011416
8113,MIH,22:39,,22:48,False,F260011416
8114,E30,22:18,22:22,22:55,True,F260011415
8115,E21,22:10,22:16,22:27,True,F260011414
8116,E2,22:00,22:00,22:05,True,F260011412
8117,E2,21:49,21:53,22:00,True,F260011410
8118,A2,21:46,21:54,22:25,False,F260011409
8119,M10,21:46,21:54,22:22,True,F260011409
8120,E25,21:42,21:45,22:00,True,F260011408
8121,H1,21:50,,21:52,False,F260011408
8122,H98,21:52,21:58,22:04,False,F260011408
8123,E37,21:38,21:46,21:59,True,F260011406
8124,L13,21:38,21:47,21:59,False,F260011406
8125,A14,21:33,21:36,21:44,True,F260011404
8126,A10,21:33,,21:34,False,F260011403
8127,A25,21:31,,21:33,False,F260011403
8128,A25,21:33,21:38,21:49,False,F260011403
8129,M1,21:33,21:38,21:54,True,F260011403
8130,E17,21:41,21:46,21:59,True,F260011402
8131,E30,21:23,21:28,21:35,True,F260011401
8132,E29,21:09,21:14,21:22,True,F260011400
8133,L11,21:09,21:13,21:22,False,F260011400
8134,E25,20:58,21:02,21:09,True,F260011399
8135,L4,20:58,21:04,21:15,False,F260011399
8136,E22,20:53,20:56,21:02,True,F260011396
8137,A2,20:44,20:50,21:16,True,F260011393
8138,E28,20:27,20:33,21:07,True,F260011390
8139,A5,20:06,20:11,20:12,True,F260011387
8140,L1,20:07,20:10,20:13,False,F260011387
8141,E18,20:05,20:09,20:29,True,F260011386
8142,E10,19:50,19:55,20:08,True,F260011383
8143,L1,20:04,,20:05,False,F260011383
8144,A10,19:45,19:49,19:56,True,F260011381
8145,E21,19:47,,19:47,False,F260011381
8146,A7,19:45,19:50,20:07,True,F260011378
8147,A14,19:53,,19:54,False,F260011379
8148,A31,19:53,19:56,20:21,False,F260011379
8149,AIR10,19:53,,20:07,False,F260011379
8150,B4,19:51,19:58,21:21,False,F260011379
8151,B6,19:53,20:02,20:14,False,F260011379
8152,DEP1,19:53,,20:07,False,F260011379
8153,DEP1,20:09,20:10,20:17,False,F260011379
8154,E21,19:53,19:59,20:11,False,F260011379
8155,E24,19:51,19:56,21:36,False,F260011379
8156,E31,19:44,19:50,21:49,True,F260011379
8157,E35,19:53,19:59,20:21,False,F260011379
8158,E39,19:53,20:03,20:08,False,F260011379
8159,L5,19:51,19:56,21:48,False,F260011379
8160,L8,19:53,,20:07,False,F260011379
8161,L9,19:53,20:04,20:06,False,F260011379
8162,M31,19:53,20:00,20:21,False,F260011379
8163,M44,19:53,,20:07,False,F260011379
8164,MAR5,19:53,,20:07,False,F260011379
8165,MAR5,20:07,20:07,21:05,False,F260011379
8166,R1,19:53,,20:07,False,F260011379
8167,REHAB1,19:53,,20:07,False,F260011379
8168,SAFT2,19:53,,20:07,False,F260011379
8169,STAF10,19:53,,20:07,False,F260011379
8170,E25,19:39,19:42,19:57,True,F260011375
8171,E29,19:44,,19:56,False,F260011374
8172,E32,19:38,,19:44,True,F260011374
8173,E13,19:34,,19:36,True,F260011372
8174,A2,19:35,,19:38,False,F260011373
8175,E28,19:38,19:44,20:05,True,F260011370
8176,E2,19:30,19:32,19:42,True,F260011367
8177,L4,19:30,19:32,19:43,False,F260011367
8178,E29,19:28,19:30,19:44,True,F260011366
8179,L9,19:26,19:26,19:47,True,F260011365
8180,A4,19:27,19:29,19:39,True,F260011363
8181,L10,19:24,,19:32,True,F260011362
8182,E37,19:20,,19:22,True,F260011359
8183,L13,19:22,19:26,19:35,False,F260011359
8184,E21,19:21,19:24,19:31,True,F260011361
8185,E30,19:20,19:29,19:32,True,F260011360
8186,E24,19:12,19:16,19:49,False,F260011355
8187,E31,19:12,19:18,19:20,False,F260011355
8188,M31,19:12,19:18,19:22,True,F260011355
8189,A4,19:08,19:12,19:21,True,F260011353
8190,E10,19:07,19:10,19:23,True,F260011352
8191,L1,19:09,,19:13,False,F260011352
8192,L4,19:07,,19:09,False,F260011352
8193,E33,19:03,19:05,19:15,True,F260011349
8194,L12,19:03,,19:09,False,F260011349
8195,L9,19:03,19:08,19:25,True,F260011350
8196,A31,18:59,19:05,19:26,True,F260011348
8197,A5,18:58,19:13,19:17,True,F260011345
8198,E17,18:40,18:43,19:29,True,F260011340
8199,M17,18:54,18:58,19:55,False,F260011340
8200,E35,18:43,,18:57,True,F260011342
8201,E5,18:45,18:59,20:21,False,F260011342
8202,FB1,18:45,18:59,19:47,False,F260011342
8203,RB5,18:45,18:59,21:02,False,F260011342
8204,E25,18:37,18:45,18:48,True,F260011338
8205,A10,18:30,18:34,19:17,True,F260011336
8206,E38,18:30,18:33,18:38,True,F260011337
8207,L9,18:30,,18:34,False,F260011337
8208,E41,18:29,18:33,18:46,True,F260011335
8209,E28,18:20,18:24,18:32,True,F260011332
8210,L12,18:20,18:25,18:31,False,F260011332
8211,L8,18:17,18:25,18:43,True,F260011331
8212,L10,18:02,18:06,18:34,True,F260011329
8213,A7,18:00,18:05,18:37,True,F260011327
8214,E28,18:00,18:03,18:05,True,F260011326
8215,E41,17:57,,17:59,True,F260011325
8216,E25,18:01,18:07,18:15,True,F260011324
8217,E33,17:54,17:57,18:10,True,F260011321
8218,E5,17:53,17:56,18:08,True,F260011320
8219,E6,17:51,17:55,18:05,True,F260011318
8220,L3,17:51,17:56,18:05,False,F260011318
8221,E9,17:51,17:55,17:55,True,F260011317
8222,A4,17:47,17:50,18:07,True,F260011315
8223,E17,17:47,,17:48,True,F260011314
8224,L9,17:48,17:48,17:52,False,F260011314
8225,E9,17:43,,17:46,True,F260011310
8226,E35,17:42,17:45,18:13,True,F260011309
8227,E28,17:41,17:45,17:48,True,F260011307
8228,E36,17:41,17:47,18:07,True,F260011306
8229,E30,17:37,17:45,17:47,True,F260011304
8230,B7,17:32,17:38,17:54,False,F260011301
8231,E32,17:32,17:37,17:53,True,F260011301
8232,L11,17:32,17:38,17:54,False,F260011301
8233,A10,17:34,,17:37,True,F260011302
8234,A5,17:37,17:43,18:15,False,F260011302
8235,M10,17:35,17:45,18:04,False,F260011302
8236,E16,17:31,17:35,17:42,True,F260011299
8237,L9,17:31,17:34,17:42,False,F260011299
8238,E28,17:10,17:28,17:37,True,F260011297
8239,E5,17:05,17:08,17:15,True,F260011296
8240,E37,17:05,17:10,17:42,True,F260011295
8241,H1,16:57,16:57,17:00,True,F260011293
8242,E9,16:51,16:56,17:29,True,F260011290
8243,A4,16:43,16:48,17:14,True,F260011288
8244,A5,16:39,16:43,16:50,False,F260011285
8245,AIR10,16:39,,16:50,False,F260011285
8246,B2,16:39,16:43,17:00,False,F260011285
8247,B5,16:39,16:46,16:50,False,F260011285
8248,B6,16:39,16:50,16:50,False,F260011285
8249,DEP1,16:39,16:45,16:49,False,F260011285
8250,E10,16:39,16:42,17:12,False,F260011285
8251,E13,16:39,16:45,16:50,False,F260011285
8252,E2,16:39,16:46,16:50,False,F260011285
8253,E25,16:43,16:48,16:50,False,F260011285
8254,E27,16:39,16:48,16:50,False,F260011285
8255,E34,16:39,,16:45,False,F260011285
8256,E5,16:39,16:45,16:50,False,F260011285
8257,E6,16:44,16:46,16:50,False,F260011285
8258,E8,16:39,,16:43,False,F260011285
8259,L1,16:39,16:43,17:14,False,F260011285
8260,L10,16:39,16:44,16:50,False,F260011285
8261,L3,16:39,16:43,16:58,False,F260011285
8262,M1,16:39,16:43,16:50,False,F260011285
8263,M44,16:39,,16:50,False,F260011285
8264,MAR5,16:39,,16:50,False,F260011285
8265,R1,16:39,16:44,16:50,True,F260011285
8266,REHAB1,16:39,,16:42,False,F260011285
8267,SAFT2,16:39,16:45,16:50,False,F260011285
8268,STAF10,16:39,16:44,16:50,False,F260011285
8269,E17,16:38,16:40,16:45,False,F260011282
8270,L9,16:36,,16:38,True,F260011282
8271,A10,16:34,16:39,16:58,True,F260011281
8272,E16,16:32,,16:34,True,F260011280
8273,E22,16:31,16:38,16:42,True,F260011278
8274,E37,16:27,16:31,16:49,True,F260011276
8275,E30,16:27,16:30,16:58,True,F260011277
8276,M1,16:29,,16:37,False,F260011277
8277,E6,16:25,16:29,16:44,True,F260011275
8278,A7,16:19,16:23,16:54,True,F260011272
8279,H1,16:25,16:40,16:46,False,F260011272
8280,E25,16:21,16:27,16:31,False,F260011273
8281,E25,16:32,16:32,16:43,True,F260011273
8282,E10,16:11,16:13,16:17,True,F260011269
8283,L1,16:11,16:15,16:17,False,F260011269
8284,A25,16:10,16:11,16:54,True,F260011268
8285,M10,16:26,16:32,16:56,False,F260011268
8286,E36,16:23,16:28,16:58,True,F260011267
8287,E37,16:07,16:13,16:17,True,F260011266
8288,E27,16:05,16:09,16:10,True,F260011265
8289,E17,16:03,16:09,16:37,True,F260011264
8290,E28,15:58,16:03,16:22,False,F260011262
8291,M28,15:58,16:03,17:03,True,F260011262
8292,L4,15:55,15:58,16:12,True,F260011259
8293,A4,15:52,15:55,16:17,True,F260011257
8294,E13,15:45,15:45,16:04,True,F260011256
8295,A2,15:55,15:58,16:29,True,F260011255
8296,H1,15:54,16:13,16:19,False,F260011254
8297,MIH,15:47,,15:54,True,F260011254
8298,A10,15:35,15:43,15:56,True,F260011252
8299,A31,15:30,15:38,16:01,True,F260011250
8300,L6,15:21,15:32,15:54,True,F260011247
8301,L5,15:12,,15:15,True,F260011243
8302,L8,15:04,15:10,15:33,True,F260011242
8303,A4,15:00,15:04,15:21,True,F260011241
8304,E16,14:57,15:01,15:54,True,F260011240
8305,L9,14:57,15:02,15:10,False,F260011240
8306,E41,14:56,15:02,15:06,True,F260011239
8307,A5,14:52,14:59,15:13,True,F260011236
8308,L3,14:36,14:40,14:45,True,F260011235
8309,E31,14:35,14:38,14:55,False,F260011234
8310,M17,14:35,14:43,15:42,True,F260011234
8311,A31,14:33,14:37,14:54,True,F260011233
8312,E24,14:32,,14:34,True,F260011232
8313,E6,14:31,14:38,14:43,True,F260011230
8314,A2,14:21,,14:22,False,F260011226
8315,E5,14:20,14:24,14:56,True,F260011226
8316,M1,14:21,14:29,15:10,False,F260011226
8317,A7,14:21,14:28,15:14,False,F260011225
8318,M10,14:21,14:29,14:30,True,F260011225
8319,L10,14:06,14:11,14:22,True,F260011221
8320,H1,14:05,,14:17,True,F260011219
8321,A2,14:02,,14:04,True,F260011217
8322,A4,14:04,14:08,14:22,False,F260011217
8323,E6,13:54,13:55,13:58,True,F260011215
8324,E5,13:55,13:57,14:07,True,F260011216
8325,E36,13:46,13:51,14:15,True,F260011213
8326,E18,13:35,13:38,13:52,True,F260011211
8327,L6,13:37,13:46,13:55,True,F260011212
8328,E28,13:32,13:35,13:55,False,F260011210
8329,M28,13:32,13:36,14:42,True,F260011210
8330,L4,13:30,13:37,13:51,True,F260011208
8331,E32,13:26,13:29,13:31,True,F260011207
8332,E13,13:24,13:28,13:45,True,F260011206
8333,L3,13:24,13:30,13:41,False,F260011206
8334,E34,13:13,13:19,13:50,True,F260011204
8335,M1,13:14,13:22,13:47,False,F260011204
8336,E40,13:08,13:17,13:33,True,F260011202
8337,E18,13:10,13:15,13:22,True,F260011203
8338,A10,13:00,13:11,14:11,False,F260011200
8339,E10,13:00,,13:02,False,F260011200
8340,E30,13:02,13:12,13:52,False,F260011200
8341,E6,13:00,13:17,13:51,True,F260011200
8342,E39,12:51,12:55,13:47,True,F260011195
8343,M31,13:05,13:17,15:22,False,F260011195
8344,E18,12:41,12:45,12:55,True,F260011189
8345,A5,12:33,12:37,12:59,True,F260011185
8346,E24,12:30,12:32,12:50,False,F260011183
8347,M17,12:30,,12:36,True,F260011183
8348,E5,12:27,12:30,13:03,True,F260011182
8349,E6,12:26,12:30,12:44,True,F260011181
8350,L10,12:26,12:33,12:54,False,F260011181
8351,L13,12:22,12:31,13:06,True,F260011180
8352,A25,12:19,12:24,12:39,True,F260011179
8353,H1,12:34,,12:39,False,F260011179
8354,MIH,12:27,,12:34,False,F260011179
8355,E29,12:18,12:24,12:50,True,F260011178
8356,M32,12:19,12:27,13:23,False,F260011178
8357,A25,12:13,,12:14,True,F260011176
8358,A7,12:14,12:15,12:46,False,F260011176
8359,L11,12:11,12:21,12:52,True,F260011174
8360,H1,12:11,12:12,12:18,True,F260011173
8361,E35,12:07,12:13,12:46,True,F260011172
8362,M31,12:07,12:15,12:55,False,F260011172
8363,E8,12:05,12:09,12:40,False,F260011171
8364,M10,12:05,,12:18,True,F260011171
8365,A7,11:57,12:02,12:13,True,F260011168
8366,L4,11:57,,12:00,True,F260011167
8367,E37,11:54,11:57,12:29,True,F260011165
8368,L12,11:51,11:56,12:13,True,F260011164
8369,A25,11:49,,11:52,False,F260011158
8370,A31,11:38,11:40,11:44,False,F260011158
8371,AIR10,11:38,,11:44,False,F260011158
8372,AIR10,11:49,,11:53,False,F260011158
8373,B4,11:38,,11:44,False,F260011158
8374,B4,11:49,,11:53,False,F260011158
8375,B6,11:38,,11:44,False,F260011158
8376,B6,11:49,,11:53,False,F260011158
8377,DEP1,11:38,,11:44,False,F260011158
8378,DEP1,11:49,,11:53,False,F260011158
8379,E16,11:49,,11:53,False,F260011158
8380,E18,11:43,,11:44,False,F260011158
8381,E21,11:38,11:42,11:44,False,F260011158
8382,E21,11:47,11:47,11:53,True,F260011158
8383,E24,11:38,11:43,11:44,False,F260011158
8384,E24,11:49,11:49,11:53,False,F260011158
8385,E31,11:38,11:44,11:44,False,F260011158
8386,E31,11:49,,11:53,False,F260011158
8387,E35,11:38,,11:44,False,F260011158
8388,E35,11:49,,11:53,False,F260011158
8389,E39,11:38,,11:41,False,F260011158
8390,E9,11:40,,11:44,False,F260011158
8391,L5,11:38,,11:44,False,F260011158
8392,L5,11:49,,11:53,False,F260011158
8393,L8,11:38,,11:44,False,F260011158
8394,L8,11:49,,11:53,False,F260011158
8395,L9,11:38,,11:44,False,F260011158
8396,L9,11:49,,11:53,False,F260011158
8397,M31,11:38,,11:44,False,F260011158
8398,M31,11:49,,11:53,False,F260011158
8399,M44,11:38,,11:44,False,F260011158
8400,M44,11:49,,11:53,False,F260011158
8401,MAR5,11:38,11:44,11:44,False,F260011158
8402,MAR5,11:49,,11:53,False,F260011158
8403,R1,11:38,,11:44,False,F260011158
8404,R1,11:49,,11:53,False,F260011158
8405,REHAB1,11:38,,11:44,False,F260011158
8406,REHAB1,11:49,,11:53,False,F260011158
8407,SAFT2,11:38,,11:44,False,F260011158
8408,SAFT2,11:49,,11:53,False,F260011158
8409,STAF10,11:38,,11:44,False,F260011158
8410,STAF10,11:49,,11:53,False,F260011158
8411,B2,11:40,,11:45,False,F260011159
8412,E17,11:40,11:47,12:20,True,F260011159
8413,FB3,11:43,,11:45,False,F260011159
8414,L6,11:40,,11:44,False,F260011159
8415,A31,11:47,11:50,12:14,False,F260011157
8416,E16,11:38,,11:47,True,F260011157
8417,A10,11:36,11:43,12:04,True,F260011156
8418,A5,11:32,,11:37,True,F260011155
8419,H1,11:37,11:41,11:55,False,F260011155
8420,L3,11:46,11:49,11:56,False,F260011155
8421,A2,11:24,,11:30,False,F260011151
8422,A2,11:34,11:41,11:47,True,F260011151
8423,A25,11:29,,11:31,False,F260011151
8424,A7,11:31,,11:34,False,F260011151
8425,L3,11:21,11:24,11:45,True,F260011150
8426,L10,11:20,,11:25,True,F260011149
8427,E13,11:19,,11:21,True,F260011148
8428,E28,11:20,11:24,11:30,False,F260011148
8429,E6,11:18,11:22,11:52,True,F260011146
8430,E40,11:05,11:12,11:34,True,F260011144
8431,E28,10:59,11:05,11:20,True,F260011142
8432,A4,10:58,11:01,12:07,True,F260011141
8433,M1,11:08,11:16,12:58,False,F260011141
8434,E41,10:50,10:54,11:13,False,F260011138
8435,M18,10:50,10:57,11:28,True,F260011138
8436,E11,10:52,10:55,11:11,True,F260011137
8437,MIH,11:00,,11:03,False,F260011137
8438,E33,10:42,10:46,11:00,True,F260011135
8439,E35,10:36,10:41,10:56,True,F260011133
8440,E2,10:19,10:23,10:24,True,F260011130
8441,E25,10:07,10:12,10:40,True,F260011128
8442,L10,10:07,10:11,10:34,False,F260011128
8443,E39,10:03,10:08,10:31,True,F260011127
8444,M17,10:04,10:13,11:26,False,F260011127
8445,E18,10:03,10:06,10:35,False,F260011125
8446,L8,10:02,,10:04,True,F260011125
8447,E21,11:01,11:05,11:18,True,F260011122
8448,E17,09:48,09:53,10:18,True,F260011120
8449,A5,09:45,09:54,09:58,True,F260011119
8450,A31,09:42,09:47,10:16,True,F260011117
8451,M31,09:43,09:51,11:13,False,F260011117
8452,E34,09:38,09:42,09:44,True,F260011116
8453,E18,09:32,09:37,09:43,True,F260011113
8454,L9,09:32,,09:39,False,F260011113
8455,E17,09:40,,09:44,True,F260011115
8456,E39,09:25,09:28,09:47,True,F260011110
8457,A10,09:26,09:30,09:38,True,F260011111
8458,L8,09:26,09:37,09:48,True,F260011109
8459,E18,09:20,09:25,09:27,True,F260011107
8460,L6,09:18,09:30,09:42,True,F260011106
8461,E38,09:15,09:19,09:46,True,F260011103
8462,E6,09:08,09:12,09:22,True,F260011102
8463,H1,09:18,09:45,09:56,False,F260011102
8464,MIH,09:14,,09:18,False,F260011102
8465,E29,09:07,09:08,09:39,False,F260011101
8466,M32,09:07,09:14,09:51,True,F260011101
8467,E11,09:05,09:08,09:30,True,F260011100
8468,E16,09:04,09:08,09:28,False,F260011099
8469,E17,09:04,,09:05,False,F260011099
8470,M31,09:04,,09:06,True,F260011099
8471,E30,09:00,09:00,09:32,True,F260011098
8472,E32,08:44,08:45,08:55,False,F260011096
8473,L11,08:43,,08:44,True,F260011096
8474,MIH,08:50,,08:53,False,F260011096
8475,H1,08:33,08:45,08:51,True,F260011095
8476,H11,08:33,09:01,09:02,False,F260011095
8477,E38,08:24,08:28,08:50,False,F260011091
8478,M17,08:24,08:34,09:15,True,F260011091
8479,A2,08:23,08:34,08:46,True,F260011090
8480,E29,08:30,08:32,08:45,True,F260011089
8481,H1,08:22,08:22,08:32,True,F260011088
8482,E32,08:18,08:20,08:28,True,F260011087
8483,A14,07:43,,07:49,False,F260011082
8484,E13,07:43,07:49,07:49,False,F260011082
8485,E36,07:43,07:47,07:52,True,F260011082
8486,E8,07:08,07:12,07:43,True,F260011078
8487,H1,07:31,07:34,07:39,False,F260011078
8488,L6,07:10,,07:13,False,F260011078
8489,M10,07:10,,07:16,False,F260011078
8490,MIH,07:28,,07:32,False,F260011078
8491,E21,07:09,07:13,07:29,True,F260011076
8492,E38,07:01,07:03,07:27,True,F260011075
8493,A5,06:48,06:52,07:15,False,F260011072
8494,M1,06:48,06:57,07:18,True,F260011072
8495,L5,06:44,06:50,06:58,True,F260011071
8496,E2,06:38,06:44,06:56,True,F260011068
8497,E25,06:42,06:57,06:57,True,F260011070
8498,E17,06:25,06:29,06:33,True,F260011067
8499,A2,06:20,06:24,06:42,True,F260011063
8500,E38,06:21,06:26,06:46,True,F260011062
8501,L3,06:11,06:20,06:31,True,F260011061
8502,E5,06:09,06:22,06:25,True,F260011060
8503,E25,06:06,06:19,06:19,False,F260011058
8504,H1,06:23,06:33,06:41,True,F260011058
8505,E9,05:59,06:04,06:21,True,F260011056
8506,E37,05:56,06:00,06:15,True,F260011055
8507,E38,05:54,05:56,06:03,True,F260011054
8508,A2,05:43,05:43,06:17,True,F260011053
8509,E2,05:38,,05:43,False,F260011053
8510,A2,05:14,05:20,05:43,True,F260011050
8511,M10,05:16,,05:24,False,F260011050
8512,E28,05:11,05:16,05:19,True,F260011049
8513,A25,05:06,05:13,05:23,True,F260011048
8514,E24,05:04,05:22,05:22,True,F260011047
8515,A10,05:01,05:04,05:40,True,F260011046
8516,E30,04:51,04:54,06:14,True,F260011045
8517,A25,04:42,,04:54,True,F260011044
8518,E24,04:42,,04:54,False,F260011044
8519,E31,04:42,04:49,05:09,False,F260011044
8520,E18,04:28,04:35,04:38,True,F260011041
8521,A5,04:01,04:05,04:25,True,F260011038
8522,A2,03:58,04:03,04:17,True,F260011037
8523,A10,03:42,03:50,04:06,True,F260011036
8524,E18,03:36,03:40,03:42,True,F260011035
8525,E41,03:24,03:30,03:40,True,F260011033
8526,E28,03:21,03:27,03:41,True,F260011032
8527,A2,03:06,03:11,03:18,True,F260011031
8528,A25,03:04,,03:22,False,F260011028
8529,E31,03:04,03:20,03:38,True,F260011028
8530,E39,03:04,,03:37,False,F260011028
8531,E33,02:54,02:58,03:43,True,F260011026
8532,M28,03:08,03:15,06:19,False,F260011026
8533,E24,02:55,03:02,03:15,True,F260011025
8534,E25,02:47,02:50,03:04,True,F260011022
8535,L10,02:47,02:50,02:53,False,F260011022
8536,E6,02:44,02:49,02:56,True,F260011020
8537,E18,02:41,02:44,02:46,False,F260011018
8538,L8,02:41,,02:43,False,F260011018
8539,M18,02:41,,02:43,True,F260011018
8540,E2,02:28,02:34,02:51,True,F260011016
8541,L4,02:28,02:34,02:48,False,F260011016
8542,E25,02:26,02:30,02:41,True,F260011015
8543,L10,02:26,02:30,02:41,False,F260011015
8544,A25,02:26,02:30,02:52,True,F260011014
8545,B7,02:24,02:31,02:50,False,F260011013
8546,E29,02:24,02:31,03:09,True,F260011013
8547,B6,02:14,02:19,02:50,False,F260011011
8548,E16,02:14,02:21,02:47,True,F260011011
8549,E17,02:14,02:21,02:46,False,F260011011
8550,M17,02:14,,02:42,False,F260011011
8551,M44,02:14,02:23,02:39,False,F260011011
8552,E18,02:08,02:14,02:29,True,F260011009
8553,FB1,02:10,,02:11,False,F260011009
8554,FIREBOAT,02:08,,02:10,False,F260011009
8555,L8,02:08,02:14,02:32,False,F260011009
8556,A5,02:10,02:14,02:36,True,F260011008
8557,E17,01:41,01:49,01:55,True,F260011007
8558,E25,01:34,01:37,01:55,True,F260011006
8559,L10,01:34,01:38,01:53,False,F260011006
8560,E2,01:29,01:33,01:43,True,F260011004
8561,E10,01:27,01:31,01:34,True,F260011002
8562,E25,01:23,01:27,01:34,True,F260011001
8563,L10,01:23,01:27,01:31,False,F260011001
8564,E2,01:15,01:18,01:28,True,F260011000
8565,L4,01:15,01:19,01:28,False,F260011000
8566,E10,01:07,01:08,01:14,True,F260010998
8567,E28,01:06,01:11,01:13,True,F260010997
8568,H1,01:01,01:01,01:11,True,F260010996
8569,E10,00:56,00:59,01:06,True,F260010994
8570,L1,00:56,01:00,01:06,False,F260010994
8571,L5,00:58,01:03,01:07,True,F260010995
8572,B2,00:57,01:06,01:14,False,F260010993
8573,E6,00:57,01:02,01:23,True,F260010993
8574,L3,00:57,01:02,01:14,False,F260010993
8575,E28,00:52,00:56,00:58,True,F260010989
8576,E31,00:50,00:54,01:15,True,F260010988
8577,E18,00:41,00:46,00:50,True,F260010986
8578,E21,00:33,00:38,00:42,True,F260010985
8579,E13,00:26,00:31,01:02,True,F260010980
8580,A2,00:26,,00:32,True,F260010979
8581,E17,00:26,,00:32,False,F260010979
8582,E22,00:26,00:30,00:44,False,F260010979
8583,H1,00:08,00:08,00:22,True,F260010976
8584,E25,00:08,00:13,00:23,True,F260010975
8585,A25,00:00,00:03,00:31,True,F260010973
8586,E31,00:00,00:04,00:17,True,F260010974
8587,E30,00:00,00:03,00:56,True,F260010972
8588,E17,23:51,23:53,23:59,True,F260010969
8589,E21,23:45,23:49,00:01,True,F260010967
8590,A2,23:44,23:46,23:58,False,F260010965
8591,B5,23:41,23:52,23:57,False,F260010965
8592,E2,23:41,23:43,00:16,True,F260010965
8593,L4,23:41,23:43,23:57,False,F260010965
8594,M1,23:41,23:55,00:53,False,F260010965
8595,M44,23:41,23:48,00:18,False,F260010965
8596,E34,23:40,,23:41,True,F260010964
8597,B2,23:38,,23:44,False,F260010963
8598,E6,23:38,23:42,23:51,True,F260010963
8599,L3,23:38,23:43,23:51,False,F260010963
8600,A25,23:28,23:36,23:45,True,F260010961
8601,A2,23:23,23:27,23:42,True,F260010957
8602,E18,23:13,,23:19,False,F260010954
8603,E9,23:19,23:20,23:32,True,F260010954
8604,E11,23:07,23:13,23:17,True,F260010953
8605,E31,23:03,23:07,23:20,True,F260010952
8606,H1,23:02,23:02,23:20,True,F260010951
8607,E17,23:28,23:32,23:50,True,F260010950
8608,E9,22:58,23:13,23:18,True,F260010949
8609,E33,22:56,23:03,23:09,True,F260010948
8610,A2,22:55,22:57,23:01,True,F260010947
8611,L4,22:54,,22:55,False,F260010947
8612,E2,22:50,22:56,23:17,False,F260010946
8613,M10,22:50,22:57,23:26,True,F260010946
8614,E17,22:49,22:53,22:58,True,F260010944
8615,L12,22:47,22:50,23:05,True,F260010943
8616,E13,22:46,22:48,23:11,True,F260010942
8617,A2,22:45,22:49,22:54,True,F260010940
8618,H1,22:38,22:38,22:44,True,F260010936
8619,E28,22:37,22:42,22:57,True,F260010934
8620,A10,22:31,22:35,23:00,True,F260010928
8621,E11,22:28,22:34,22:37,True,F260010927
8622,H1,22:25,22:26,22:28,True,F260010926
8623,E39,22:25,22:32,22:42,True,F260010925
8624,L10,22:24,22:28,22:31,True,F260010924
8625,E37,22:13,22:19,22:32,True,F260010921
8626,E21,22:06,22:11,22:40,False,F260010918
8627,M31,22:06,22:14,22:47,True,F260010918
8628,E28,22:04,22:08,22:30,False,F260010916
8629,M28,22:04,22:10,22:14,True,F260010916
8630,H1,22:01,22:02,22:16,True,F260010915
8631,E25,21:59,22:02,22:42,True,F260010912
8632,L10,21:59,22:03,22:20,False,F260010912
8633,E35,21:55,21:59,22:20,True,F260010910
8634,E16,21:54,21:59,22:20,True,F260010909
8635,E17,21:54,21:57,22:20,True,F260010908
8636,E18,21:49,21:54,22:12,True,F260010907
8637,FIREBOAT,21:49,,21:51,False,F260010907
8638,L8,21:49,21:54,22:12,False,F260010907
8639,E6,21:28,21:29,21:48,True,F260010906
8640,E25,21:12,21:14,21:20,True,F260010904
8641,L10,21:12,21:15,21:20,False,F260010904
8642,H1,21:04,21:04,21:38,True,F260010902
8643,E2,21:00,21:03,21:19,True,F260010900
8644,E16,20:59,21:05,21:24,True,F260010899
8645,E32,20:59,21:02,21:26,True,F260010898
8646,A2,20:59,21:01,21:18,True,F260010897
8647,E2,20:58,,20:59,False,F260010897
8648,E18,20:56,21:01,21:02,True,F260010896
8649,E6,20:53,20:56,21:05,True,F260010895
8650,E29,20:41,20:45,21:08,True,F260010893
8651,E30,20:34,20:46,21:03,True,F260010891
8652,M1,20:35,,20:35,False,F260010891
8653,M28,20:35,20:45,21:03,False,F260010891
8654,A2,20:30,20:34,20:53,True,F260010890
8655,A4,20:29,,20:30,False,F260010890
8656,M1,20:35,,20:39,False,F260010890
8657,M17,20:30,,20:34,False,F260010890
8658,B2,20:28,20:34,20:41,False,F260010888
8659,E10,20:28,20:31,21:24,True,F260010888
8660,L1,20:28,20:31,21:25,False,F260010888
8661,MAR5,20:51,21:02,21:36,False,F260010888
8662,E24,20:29,20:31,20:45,True,F260010889
8663,E27,20:25,20:30,20:39,True,F260010887
8664,E28,20:21,20:26,20:44,True,F260010885
8665,A5,20:11,20:17,20:38,True,F260010881
8666,A25,20:00,20:03,20:53,True,F260010874
8667,L10,20:06,20:08,20:42,False,F260010874
8668,M10,20:06,20:10,21:21,False,F260010874
8669,L6,19:30,19:37,19:47,True,F260010870
8670,E13,19:14,19:19,19:44,True,F260010868
8671,M28,19:14,19:23,20:13,False,F260010868
8672,E40,19:12,19:18,19:47,True,F260010867
8673,E25,18:48,18:52,19:05,True,F260010863
8674,L10,18:48,18:52,19:05,False,F260010863
8675,A4,18:35,18:39,19:08,True,F260010860
8676,E38,18:34,18:37,18:59,True,F260010859
8677,E13,18:33,18:38,18:49,True,F260010858
8678,FIREBOAT,18:25,18:25,18:38,True,F260010856
8679,A31,18:16,18:22,18:31,True,F260010855
8680,E2,18:12,18:17,18:34,True,F260010854
8681,L1,18:12,18:18,18:34,False,F260010854
8682,A25,18:12,18:17,18:43,True,F260010853
8683,E17,18:07,18:12,18:16,True,F260010852
8684,E16,18:01,18:03,18:18,True,F260010850
8685,E9,17:55,17:59,18:22,True,F260010845
8686,L4,17:55,18:07,18:18,True,F260010846
8687,E2,17:50,17:53,17:56,True,F260010844
8688,E25,17:51,17:53,18:05,True,F260010843
8689,E34,17:48,,17:51,False,F260010843
8690,A2,17:46,17:58,18:04,True,F260010842
8691,A2,17:41,,17:43,False,F260010841
8692,A4,17:43,17:48,18:08,False,F260010841
8693,M1,17:42,17:51,20:34,True,F260010841
8694,M10,17:41,,17:42,False,F260010841
8695,E25,17:40,17:45,17:50,True,F260010840
8696,L10,17:40,17:44,17:50,False,F260010840
8697,E38,17:33,17:35,17:51,True,F260010839
8698,E27,17:29,17:34,17:49,True,F260010838
8699,L12,17:24,17:32,17:53,True,F260010837
8700,A25,17:23,17:27,17:52,True,F260010836
8701,E33,17:21,17:23,17:39,False,F260010835
8702,M28,17:21,17:27,17:28,True,F260010835
8703,E32,17:15,17:19,18:02,True,F260010834
8704,M32,17:33,17:39,18:47,False,F260010834
8705,E18,17:13,17:17,17:29,True,F260010833
8706,E38,17:10,17:13,17:33,True,F260010831
8707,M17,17:10,17:17,17:50,False,F260010831
8708,E17,17:13,17:17,17:29,True,F260010832
8709,A10,17:11,,17:24,False,F260010830
8710,E10,17:11,17:16,17:24,True,F260010830
8711,E6,17:11,17:17,17:27,False,F260010830
8712,E28,17:04,17:09,17:29,True,F260010829
8713,A4,17:03,17:09,17:30,True,F260010828
8714,A14,17:00,,17:11,False,F260010826
8715,E13,17:00,,17:11,True,F260010826
8716,E36,17:00,,17:11,False,F260010826
8717,E10,16:57,16:59,17:07,True,F260010823
8718,EVENT14,16:47,16:47,,True,F260010821
8719,M26,16:48,16:48,,False,F260010821
8720,A10,16:47,16:58,17:08,True,F260010820
8721,EVENT13,16:43,16:43,,True,F260010818
8722,M26,16:45,16:45,16:47,False,F260010818
8723,PLEDG-EMS,16:44,16:44,,False,F260010818
8724,A2,16:36,,16:41,False,F260010814
8725,E2,16:36,,16:41,False,F260010814
8726,M1,16:36,16:41,16:43,True,F260010814
8727,A4,16:34,16:35,16:39,True,F260010813
8728,E5,16:32,16:35,16:44,True,F260010811
8729,A31,16:29,16:33,16:53,True,F260010810
8730,E28,16:27,16:32,16:49,True,F260010808
8731,E21,16:27,16:31,16:58,False,F260010805
8732,E35,16:27,16:31,16:52,False,F260010805
8733,H99,16:30,16:45,17:22,False,F260010805
8734,M31,16:27,16:35,16:52,True,F260010805
8735,A2,16:13,,16:14,False,F260010798
8736,A4,16:14,16:16,16:30,False,F260010798
8737,M10,16:13,16:25,16:25,True,F260010798
8738,E26,16:04,16:04,16:37,True,F260010795
8739,M28,16:05,16:17,17:01,False,F260010795
8740,L11,15:58,16:02,16:23,True,F260010790
8741,E6,15:54,15:58,16:11,True,F260010789
8742,A25,16:31,16:35,17:01,True,F260010788
8743,L4,15:52,15:59,16:03,True,F260010785
8744,L8,15:52,,16:01,True,F260010786
8745,A4,15:45,15:50,16:14,True,F260010784
8746,A10,15:31,15:35,16:06,True,F260010781
8747,E13,15:29,15:34,15:46,True,F260010780
8748,A25,15:26,15:30,15:54,True,F260010779
8749,E41,15:23,15:35,16:42,True,F260010778
8750,E38,15:18,15:18,15:21,True,F260010775
8751,A4,15:33,15:34,15:39,True,F260010774
8752,E28,15:08,15:11,15:18,True,F260010772
8753,E30,15:07,,15:08,False,F260010772
8754,L12,15:07,,15:13,False,F260010772
8755,L8,15:03,15:12,15:20,True,F260010768
8756,E2,15:03,15:08,15:29,True,F260010767
8757,E10,15:02,15:14,15:18,True,F260010766
8758,L4,15:02,,15:04,False,F260010766
8759,E18,14:57,,14:58,False,F260010765
8760,E41,14:58,15:02,15:16,True,F260010765
8761,E9,14:56,15:01,15:30,True,F260010764
8762,A2,14:53,14:57,15:15,True,F260010756
8763,E29,14:54,14:54,15:05,True,F260010757
8764,E36,14:53,,14:54,False,F260010757
8765,A2,14:52,,14:52,False,F260010755
8766,A4,14:52,14:57,15:29,False,F260010755
8767,M1,14:52,15:01,16:10,True,F260010755
8768,A5,14:52,14:57,15:10,True,F260010754
8769,E38,14:45,14:49,15:10,True,F260010753
8770,A4,14:39,14:42,14:45,True,F260010752
8771,E13,14:27,14:32,14:58,True,F260010750
8772,E37,14:27,14:31,14:47,True,F260010749
8773,L9,14:26,14:28,14:41,True,F260010747
8774,E28,14:25,14:30,14:44,True,F260010746
8775,E6,14:26,,14:29,True,F260010748
8776,A10,14:17,14:21,14:41,True,F260010744
8777,A4,14:08,14:13,14:32,True,F260010742
8778,A25,13:59,14:02,14:22,True,F260010740
8779,E13,13:59,14:03,14:19,True,F260010739
8780,E26,13:57,14:02,14:10,True,F260010738
8781,L13,13:57,,14:01,False,F260010738
8782,E30,13:54,13:58,14:24,True,F260010737
8783,E9,13:49,13:54,14:16,True,F260010735
8784,M17,13:50,13:56,14:48,False,F260010735
8785,E18,13:48,13:51,14:03,True,F260010733
8786,L9,13:44,13:58,14:17,True,F260010731
8787,E25,13:38,13:46,13:52,True,F260010730
8788,E6,13:34,13:36,13:49,True,F260010729
8789,L8,13:32,13:42,13:54,True,F260010728
8790,A4,13:29,13:32,13:42,True,F260010727
8791,E2,13:29,,13:31,False,F260010727
8792,H99,13:32,13:36,14:03,False,F260010727
8793,M10,13:29,,13:31,False,F260010727
8794,E18,13:28,13:33,13:47,True,F260010726
8795,B5,13:25,13:30,13:32,False,F260010725
8796,E13,13:25,13:31,13:32,True,F260010725
8797,R1,13:25,13:30,13:51,False,F260010725
8798,A5,13:19,13:23,13:37,True,F260010722
8799,H2,13:20,13:37,14:06,True,F260010724
8800,E28,13:14,13:24,13:27,True,F260010719
8801,E9,13:14,13:18,13:24,True,F260010718
8802,E35,13:05,13:11,13:23,True,F260010717
8803,E22,13:05,13:09,13:34,True,F260010716
8804,L13,13:02,13:06,13:39,True,F260010715
8805,H2,13:00,13:00,13:17,True,F260010714
8806,E37,12:55,12:59,13:14,True,F260010713
8807,E38,12:49,12:53,13:04,True,F260010710
8808,L11,12:48,,12:51,True,F260010709
8809,E26,12:44,12:55,13:12,True,F260010708
8810,MIH,13:00,,13:04,False,F260010708
8811,A25,12:42,12:47,13:09,True,F260010707
8812,E5,12:41,12:44,12:49,True,F260010706
8813,L4,12:41,12:46,12:47,False,F260010706
8814,A10,12:40,,12:48,False,F260010705
8815,A14,12:40,,12:47,True,F260010705
8816,AIR10,12:40,,12:48,False,F260010705
8817,B2,12:40,,12:48,False,F260010705
8818,B5,12:40,12:46,12:56,False,F260010705
8819,DEP1,12:40,,12:48,False,F260010705
8820,E10,12:40,,12:45,False,F260010705
8821,E13,12:40,12:46,13:11,False,F260010705
8822,E27,12:42,,12:42,False,F260010705
8823,E28,12:44,,12:48,False,F260010705
8824,E30,12:40,12:45,13:19,False,F260010705
8825,E33,12:40,12:47,12:48,False,F260010705
8826,E6,12:40,,12:48,False,F260010705
8827,L1,12:40,,12:48,False,F260010705
8828,L10,12:46,,12:48,False,F260010705
8829,L11,12:40,,12:46,False,F260010705
8830,L3,12:40,12:47,13:03,False,F260010705
8831,M28,12:40,12:46,12:48,False,F260010705
8832,M44,12:40,,12:48,False,F260010705
8833,MAR5,12:40,,12:48,False,F260010705
8834,R1,12:40,,12:48,False,F260010705
8835,REHAB1,12:40,,12:48,False,F260010705
8836,SAFT2,12:40,,12:48,False,F260010705
8837,STAF10,12:40,,12:48,False,F260010705
8838,E25,12:38,12:41,12:46,True,F260010704
8839,L10,12:38,12:41,12:45,False,F260010704
8840,L12,12:35,12:40,13:16,True,F260010703
8841,M28,12:53,12:56,13:23,False,F260010703
8842,A31,12:23,12:31,13:00,True,F260010701
8843,M17,12:24,12:30,13:14,False,F260010701
8844,E18,12:23,12:24,12:43,True,F260010700
8845,H2,12:21,12:21,12:59,True,F260010699
8846,L5,12:17,12:23,12:32,True,F260010698
8847,A4,12:15,12:22,12:52,False,F260010697
8848,M1,12:15,12:27,13:20,True,F260010697
8849,E18,12:13,12:15,12:22,True,F260010696
8850,E9,12:10,12:15,12:45,True,F260010695
8851,L10,12:07,12:09,12:18,True,F260010694
8852,E25,12:05,12:08,12:19,True,F260010692
8853,A10,11:55,11:59,12:02,True,F260010691
8854,E5,11:53,,11:55,True,F260010689
8855,L4,11:53,,11:55,False,F260010689
8856,A25,11:52,11:57,12:39,False,F260010688
8857,M10,11:52,12:01,13:07,True,F260010688
8858,E25,11:40,11:42,11:50,True,F260010687
8859,E33,11:38,11:42,12:01,True,F260010686
8860,E28,11:36,11:43,11:55,True,F260010684
8861,L5,11:38,11:44,12:06,False,F260010685
8862,M31,11:38,11:45,12:27,True,F260010685
8863,A25,11:26,11:31,11:44,True,F260010682
8864,L8,11:25,11:29,11:39,True,F260010681
8865,A5,12:31,12:38,13:15,True,F260010678
8866,A5,11:23,11:34,11:47,True,F260010679
8867,A31,11:15,11:24,11:55,True,F260010677
8868,E34,11:13,11:14,11:29,True,F260010676
8869,E18,11:09,11:13,11:27,True,F260010674
8870,L8,11:09,11:14,11:14,False,F260010674
8871,E31,11:09,11:13,11:20,True,F260010675
8872,E5,11:00,11:04,11:40,False,F260010670
8873,M1,11:00,11:04,11:54,True,F260010670
8874,E6,10:58,11:01,12:25,True,F260010667
8875,R1,11:02,11:15,12:27,False,F260010667
8876,L1,10:56,11:04,11:31,True,F260010668
8877,A10,10:53,,10:55,False,F260010666
8878,A5,10:55,10:56,11:09,True,F260010666
8879,E11,10:56,11:02,11:15,True,F260010664
8880,A2,10:46,10:50,11:11,True,F260010662
8881,M1,10:46,,10:56,False,F260010662
8882,E21,10:41,10:43,10:59,True,F260010658
8883,E9,10:39,,10:41,False,F260010658
8884,E32,10:31,10:34,10:48,True,F260010657
8885,A5,10:28,10:31,10:48,True,F260010656
8886,A4,10:29,10:33,11:20,True,F260010655
8887,M10,10:43,10:52,11:49,False,F260010655
8888,B5,10:29,10:39,10:46,False,F260010653
8889,E27,10:29,10:31,10:46,True,F260010653
8890,E28,10:31,,10:33,False,F260010653
8891,E33,10:29,10:32,10:46,False,F260010653
8892,M26,10:29,10:41,10:46,False,F260010653
8893,M44,10:29,,10:46,False,F260010653
8894,E39,10:17,10:25,10:52,True,F260010651
8895,E28,10:15,10:18,10:30,True,F260010650
8896,L12,10:14,,10:15,True,F260010647
8897,E18,09:53,09:55,10:09,True,F260010638
8898,E24,09:45,09:50,10:15,False,F260010637
8899,M31,09:45,09:54,09:55,True,F260010637
8900,E8,09:33,09:36,10:01,True,F260010635
8901,MIH,09:53,,10:00,False,F260010635
8902,L8,09:30,09:39,09:49,True,F260010633
8903,E39,09:28,09:39,10:04,True,F260010632
8904,A10,09:25,09:30,09:52,True,F260010631
8905,E13,09:21,09:25,09:47,True,F260010629
8906,E17,09:18,09:23,09:35,True,F260010628
8907,E25,09:17,09:20,09:39,True,F260010627
8908,L10,09:17,09:20,09:39,False,F260010627
8909,A5,09:05,09:15,09:27,False,F260010626
8910,B2,09:05,,09:33,False,F260010626
8911,E10,09:05,,09:35,True,F260010626
8912,M1,09:05,,09:33,False,F260010626
8913,M44,09:05,,09:33,False,F260010626
8914,A14,09:07,,09:16,False,F260010625
8915,B5,09:07,09:14,09:54,False,F260010625
8916,B7,09:07,09:13,09:54,False,F260010625
8917,E32,09:07,09:12,09:54,False,F260010625
8918,E36,09:01,09:04,09:49,True,F260010625
8919,L1,09:07,09:17,09:30,False,F260010625
8920,L11,09:07,09:10,09:54,False,F260010625
8921,M32,09:07,09:14,09:19,False,F260010625
8922,R1,09:07,09:16,09:54,False,F260010625
8923,SAFT2,09:07,09:19,09:48,False,F260010625
8924,E39,08:56,09:05,09:18,True,F260010622
8925,E17,08:44,08:56,08:59,True,F260010621
8926,E21,08:29,,08:31,False,F260010618
8927,E35,08:26,08:34,09:01,True,F260010618
8928,M31,08:29,08:38,08:57,False,F260010618
8929,E36,08:23,08:30,08:57,True,F260010617
8930,L11,08:23,08:26,08:56,False,F260010617
8931,E37,08:22,08:26,08:39,True,F260010614
8932,L13,08:22,08:26,08:39,False,F260010614
8933,L3,08:21,08:26,08:36,True,F260010612
8934,E30,08:21,08:26,08:36,True,F260010613
8935,E32,08:20,08:23,08:38,True,F260010611
8936,E9,08:18,08:22,08:43,False,F260010609
8937,M18,08:18,08:26,09:03,True,F260010609
8938,E6,08:20,08:22,08:36,True,F260010608
8939,E38,08:17,08:22,08:59,True,F260010607
8940,E27,08:12,08:17,08:29,True,F260010606
8941,E18,08:10,,08:12,True,F260010605
8942,L8,08:08,,08:10,False,F260010605
8943,E32,08:01,08:03,08:13,True,F260010603
8944,E39,08:00,08:05,08:27,True,F260010602
8945,E28,07:54,07:58,08:14,True,F260010600
8946,A2,07:49,07:51,08:19,True,F260010599
8947,M10,07:50,,07:56,False,F260010599
8948,E13,07:43,07:47,08:08,True,F260010597
8949,M1,07:44,07:52,08:45,False,F260010597
8950,E8,07:45,,07:47,True,F260010598
8951,E2,07:41,07:46,07:50,True,F260010596
8952,L4,07:41,07:46,07:50,False,F260010596
8953,E31,07:38,07:42,08:05,True,F260010593
8954,E30,07:41,07:47,08:02,True,F260010594
8955,E10,07:30,07:39,07:40,True,F260010592
8956,E30,07:19,07:25,07:33,True,F260010591
8957,E24,07:06,07:11,07:39,True,F260010585
8958,E20,06:59,07:05,07:25,True,F260010581
8959,L8,06:59,07:07,07:10,False,F260010581
8960,L8,07:15,07:15,07:19,False,F260010581
8961,E36,06:52,06:59,07:05,True,F260010578
8962,E6,06:53,06:57,07:05,True,F260010577
8963,A10,07:06,07:08,07:26,True,F260010579
8964,E33,06:41,06:46,07:06,True,F260010576
8965,E9,06:35,06:40,06:44,True,F260010575
8966,A2,06:31,06:41,06:54,True,F260010573
8967,E32,06:22,06:29,06:48,False,F260010571
8968,M32,06:22,06:30,06:40,True,F260010571
8969,L5,06:20,06:28,06:39,True,F260010570
8970,E2,06:08,06:12,06:29,True,F260010566
8971,L4,06:08,06:12,06:27,False,F260010566
8972,E22,06:05,06:12,06:18,False,F260010565
8973,E22,06:20,06:27,07:18,True,F260010565
8974,E39,06:18,06:21,06:37,True,F260010563
8975,E25,05:45,05:51,05:52,True,F260010559
8976,E8,05:13,05:18,05:34,True,F260010557
8977,E34,05:04,05:09,05:20,True,F260010552
8978,E9,05:02,,05:04,True,F260010551
8979,E6,04:58,05:02,05:31,True,F260010548
8980,L3,04:58,05:02,05:24,False,F260010548
8981,E32,04:29,04:35,04:54,True,F260010546
8982,E9,04:23,04:27,04:34,True,F260010543
8983,E36,04:06,04:12,04:34,True,F260010539
8984,M32,04:09,04:20,04:22,False,F260010539
8985,E10,03:20,,03:29,True,F260010537
8986,A2,03:18,03:21,03:34,True,F260010536
8987,A5,02:52,02:58,03:20,True,F260010535
8988,E16,02:47,02:54,04:11,True,F260010534
8989,E38,02:48,02:56,03:43,False,F260010534
8990,M17,02:48,02:57,04:26,False,F260010534
8991,E37,02:47,02:52,03:10,True,F260010533
8992,A2,02:45,02:49,03:00,True,F260010531
8993,E10,01:58,02:03,02:05,True,F260010526
8994,E31,01:50,01:54,02:09,True,F260010525
8995,E8,01:44,01:49,02:12,False,F260010523
8996,M10,01:44,01:54,01:56,True,F260010523
8997,L11,01:13,01:19,01:38,True,F260010521
8998,E32,01:09,01:15,01:40,True,F260010520
8999,E5,00:27,00:32,00:57,True,F260010514
9000,L1,00:27,00:32,01:03,False,F260010514
9001,E38,00:24,00:33,00:51,True,F260010513
9002,E10,00:15,00:18,00:31,True,F260010512
9003,E2,00:11,00:16,00:31,True,F260010510
9004,L4,00:11,,00:17,False,F260010510
9005,A5,00:09,00:12,00:46,False,F260010509
9006,M1,00:09,00:15,00:39,True,F260010509
9007,L3,00:01,00:05,00:10,True,F260010508
9008,A10,00:12,00:17,00:25,True,F260010507
9009,A25,23:58,00:05,00:22,True,F260010505
9010,E6,23:53,23:56,00:06,True,F260010504
9011,E31,23:52,23:54,00:20,False,F260010503
9012,L5,23:51,,23:52,True,F260010503
9013,M17,23:51,,23:54,False,F260010503
9014,M31,23:54,23:58,01:01,False,F260010503
9015,E28,23:57,00:04,00:15,True,F260010502
9016,A10,23:37,23:40,23:56,True,F260010501
9017,E31,23:29,23:32,23:49,False,F260010500
9018,L5,23:27,,23:29,False,F260010500
9019,M18,23:27,,23:29,False,F260010500
9020,M31,23:29,23:32,23:53,True,F260010500
9021,E21,23:17,23:21,23:44,False,F260010499
9022,M18,23:17,,23:24,True,F260010499
9023,A7,23:12,23:20,23:46,True,F260010498
9024,E34,23:11,23:18,23:20,True,F260010497
9025,E24,23:09,23:14,23:43,True,F260010496
9026,M17,23:26,,23:37,False,F260010496
9027,E31,23:06,23:19,23:29,True,F260010495
9028,M31,23:06,23:11,23:29,False,F260010495
9029,A2,23:06,23:08,23:20,False,F260010494
9030,E2,23:06,23:09,23:12,False,F260010494
9031,M10,23:06,,23:12,True,F260010494
9032,E30,22:53,22:56,23:11,False,F260010492
9033,M28,22:53,22:59,23:02,True,F260010492
9034,A25,22:45,22:48,23:02,True,F260010491
9035,E9,22:38,22:41,23:05,True,F260010490
9036,E18,22:33,22:36,22:41,True,F260010488
9037,A7,22:27,22:32,22:47,True,F260010487
9038,E37,22:20,22:26,22:46,True,F260010486
9039,E8,22:17,22:22,22:41,True,F260010485
9040,M1,22:18,22:28,23:03,False,F260010485
9041,A2,22:15,22:17,22:34,True,F260010483
9042,E10,22:13,22:13,22:27,True,F260010482
9043,E32,22:10,22:16,22:41,False,F260010481
9044,M10,22:10,,22:11,False,F260010481
9045,M32,22:11,,22:23,True,F260010481
9046,E10,22:02,22:11,22:13,True,F260010480
9047,E8,21:47,,21:50,True,F260010478
9048,E10,21:47,,21:50,False,F260010477
9049,E6,21:47,21:51,22:16,False,F260010477
9050,M1,21:47,,21:50,True,F260010477
9051,A5,21:46,21:48,22:10,True,F260010476
9052,E24,21:36,21:40,21:45,True,F260010473
9053,A25,21:31,21:33,21:47,True,F260010471
9054,A2,21:32,,21:34,False,F260010470
9055,A2,21:35,21:35,21:51,False,F260010470
9056,E2,21:31,,21:32,False,F260010470
9057,E2,21:34,21:35,22:02,False,F260010470
9058,L4,21:34,,21:35,False,F260010470
9059,M10,21:34,21:43,22:00,True,F260010470
9060,B2,21:27,,21:33,False,F260010466
9061,E2,21:27,,21:27,False,F260010466
9062,E8,21:27,21:29,21:46,True,F260010466
9063,L6,21:27,21:30,21:47,False,F260010466
9064,E2,21:27,,21:28,True,F260010465
9065,E8,21:26,,21:27,False,F260010465
9066,E28,21:26,21:31,21:40,True,F260010464
9067,E29,21:24,21:33,21:47,True,F260010462
9068,A10,21:23,21:26,21:56,True,F260010458
9069,R1,21:11,21:15,21:18,True,F260010459
9070,A7,21:05,,21:09,True,F260010456
9071,E38,21:00,21:05,21:32,True,F260010455
9072,E37,20:59,21:03,21:22,True,F260010454
9073,A2,20:57,21:01,21:32,True,F260010453
9074,L10,20:55,21:00,21:25,True,F260010452
9075,A5,20:54,20:56,21:23,True,F260010451
9076,M1,21:07,21:12,21:47,False,F260010451
9077,A14,20:51,,20:57,True,F260010449
9078,B5,20:51,,20:57,False,F260010449
9079,B7,20:51,,20:56,False,F260010449
9080,E11,20:51,20:55,21:00,False,F260010449
9081,E37,20:51,,20:57,False,F260010449
9082,L13,20:51,,20:57,False,F260010449
9083,M28,20:51,,20:57,False,F260010449
9084,M44,20:51,,20:57,False,F260010449
9085,R1,20:51,,20:57,False,F260010449
9086,SAFT2,20:51,,20:57,False,F260010449
9087,E32,20:48,20:55,21:28,True,F260010448
9088,M32,20:49,20:55,22:11,False,F260010448
9089,E16,20:44,20:49,21:06,True,F260010447
9090,E35,20:39,20:46,21:18,True,F260010446
9091,A5,20:39,20:43,20:54,True,F260010445
9092,E18,20:29,20:32,20:38,True,F260010442
9093,E38,20:29,20:34,20:59,True,F260010441
9094,E2,20:17,20:24,20:35,True,F260010439
9095,L1,20:13,20:18,20:26,True,F260010437
9096,E26,20:11,20:14,20:16,True,F260010436
9097,R1,20:11,,20:14,False,F260010436
9098,A10,20:07,20:10,20:25,True,F260010434
9099,E11,20:06,20:10,20:16,True,F260010433
9100,E17,20:00,20:05,20:47,True,F260010431
9101,A25,19:58,20:02,20:25,True,F260010430
9102,A5,19:47,19:50,20:02,True,F260010426
9103,M10,19:48,,19:53,False,F260010426
9104,E18,19:46,19:49,20:05,True,F260010423
9105,E10,19:46,19:53,20:19,True,F260010424
9106,E34,19:39,19:45,20:20,True,F260010422
9107,E10,19:35,19:37,19:45,True,F260010419
9108,L3,19:35,19:38,19:47,False,F260010419
9109,A2,19:28,19:32,19:38,True,F260010418
9110,E11,19:27,19:32,19:36,True,F260010417
9111,A2,19:20,,19:22,False,F260010416
9112,A4,19:22,19:25,19:41,True,F260010416
9113,L4,19:18,19:29,19:37,True,F260010414
9114,E40,19:18,19:25,20:22,True,F260010411
9115,A7,19:23,19:28,19:31,True,F260010408
9116,E24,19:14,19:21,19:29,True,F260010407
9117,A4,19:13,19:16,19:21,True,F260010400
9118,E25,19:13,19:20,19:28,True,F260010402
9119,L3,19:13,19:18,19:27,False,F260010402
9120,E5,19:12,19:19,19:51,True,F260010398
9121,E6,19:12,19:21,19:51,False,F260010398
9122,E2,19:15,19:21,19:55,True,F260010397
9123,E31,19:09,19:14,19:33,True,F260010396
9124,E10,19:07,19:11,19:20,True,F260010394
9125,L1,19:07,19:12,19:20,False,F260010394
9126,A14,19:04,,19:08,False,F260010392
9127,A31,19:04,,19:10,False,F260010392
9128,AIR10,19:04,,19:10,False,F260010392
9129,B4,19:04,,19:10,False,F260010392
9130,B6,19:04,19:07,19:27,False,F260010392
9131,DEP1,19:04,,19:10,False,F260010392
9132,E16,19:04,19:08,19:28,False,F260010392
9133,E17,19:01,19:04,19:39,True,F260010392
9134,E22,19:04,,19:10,False,F260010392
9135,E40,19:04,,19:10,False,F260010392
9136,E9,19:04,,19:10,False,F260010392
9137,L5,19:04,,19:10,False,F260010392
9138,L8,19:04,,19:09,False,F260010392
9139,L9,19:01,19:05,19:56,False,F260010392
9140,M17,19:04,19:08,19:09,False,F260010392
9141,M44,19:04,,19:10,False,F260010392
9142,MAR5,19:04,,19:10,False,F260010392
9143,R1,19:04,,19:10,False,F260010392
9144,REHAB1,19:04,,19:10,False,F260010392
9145,SAFT2,19:04,,19:10,False,F260010392
9146,STAF10,19:04,,19:10,False,F260010392
9147,E2,18:57,19:02,19:04,True,F260010391
9148,E24,18:41,18:43,19:14,True,F260010389
9149,E38,18:34,18:44,19:06,True,F260010388
9150,A17,18:31,18:37,18:53,True,F260010387
9151,E30,18:27,18:31,18:40,True,F260010386
9152,A10,18:26,18:30,19:21,True,F260010385
9153,E34,18:26,18:30,18:39,True,F260010384
9154,E21,18:24,18:28,18:34,True,F260010383
9155,A4,18:19,18:22,18:30,True,F260010381
9156,L11,18:17,18:23,18:40,True,F260010380
9157,E39,18:09,18:13,18:27,True,F260010379
9158,E28,18:06,18:09,18:23,True,F260010374
9159,E30,18:04,18:06,18:15,True,F260010372
9160,E6,18:03,,18:04,False,F260010372
9161,L3,18:03,18:07,18:14,False,F260010372
9162,A5,18:09,18:12,18:32,True,F260010370
9163,E30,17:49,17:52,18:01,True,F260010368
9164,L12,17:49,18:01,18:01,False,F260010368
9165,A4,17:42,17:52,18:04,True,F260010366
9166,A31,17:41,17:47,18:08,True,F260010365
9167,M17,17:42,,17:53,False,F260010365
9168,E17,17:41,17:44,17:51,True,F260010364
9169,E24,17:36,17:40,17:42,True,F260010362
9170,E10,17:31,17:38,17:49,True,F260010359
9171,E13,17:30,17:43,17:46,True,F260010358
9172,E35,17:29,17:34,18:06,True,F260010357
9173,A25,17:21,17:23,17:39,True,F260010352
9174,L1,17:17,,17:20,True,F260010350
9175,E33,17:16,17:18,17:43,False,F260010349
9176,M28,17:16,,17:23,True,F260010349
9177,E18,17:01,17:04,17:12,True,F260010348
9178,E32,16:58,17:04,17:09,True,F260010347
9179,A10,16:52,16:55,17:34,True,F260010346
9180,H99,16:55,16:58,16:59,False,F260010346
9181,E2,16:49,16:58,17:01,True,F260010344
9182,L12,16:47,16:59,17:11,True,F260010343
9183,A17,16:39,16:45,17:04,True,F260010341
9184,A5,16:36,16:40,17:03,True,F260010340
9185,E28,16:35,16:38,16:55,True,F260010339
9186,E32,18:04,18:26,20:06,True,F260010337
9187,A7,16:29,,16:30,False,F260010336
9188,E25,16:27,,16:29,False,F260010336
9189,E25,16:30,16:30,16:43,True,F260010336
9190,H2,16:20,16:35,17:24,True,F260010334
9191,E40,16:11,16:16,16:40,True,F260010332
9192,B2,16:05,16:09,16:18,False,F260010330
9193,E2,16:05,16:08,16:31,True,F260010330
9194,L4,16:05,16:10,16:25,False,F260010330
9195,E6,15:48,15:54,16:20,True,F260010328
9196,E25,15:44,15:49,16:05,True,F260010325
9197,L4,15:44,15:49,15:56,False,F260010325
9198,A10,15:45,,15:47,False,F260010326
9199,A14,15:47,,15:58,False,F260010326
9200,E13,15:45,15:51,16:03,True,F260010326
9201,E2,15:45,15:52,16:01,False,F260010326
9202,E28,15:38,,15:42,True,F260010323
9203,A5,15:38,15:41,15:57,True,F260010322
9204,L6,15:34,,15:34,True,F260010321
9205,L8,15:28,15:40,15:50,True,F260010319
9206,A10,15:23,15:24,15:42,False,F260010317
9207,M28,15:23,15:27,15:29,True,F260010317
9208,A4,15:18,15:22,15:28,True,F260010316
9209,E24,15:16,15:19,15:38,True,F260010314
9210,E5,15:14,15:19,15:29,True,F260010313
9211,L1,15:15,15:17,15:44,False,F260010313
9212,M1,15:16,15:22,15:45,False,F260010313
9213,M17,15:15,,15:16,False,F260010313
9214,A4,15:29,15:30,15:37,True,F260010312
9215,E9,15:13,15:18,15:38,True,F260010311
9216,E26,15:12,15:20,15:31,True,F260010310
9217,E28,15:12,15:17,15:21,True,F260010309
9218,E17,15:11,15:14,15:21,True,F260010308
9219,L9,15:11,15:17,15:17,False,F260010308
9220,A7,15:00,15:04,15:32,True,F260010306
9221,E25,15:14,15:18,15:25,False,F260010306
9222,M10,15:06,15:11,15:26,False,F260010306
9223,M17,15:00,,15:06,False,F260010306
9224,M44,15:19,15:21,15:26,False,F260010306
9225,A2,14:57,15:02,15:13,True,F260010305
9226,E2,14:54,14:57,15:25,True,F260010304
9227,L10,14:54,14:58,15:20,False,F260010304
9228,A5,14:53,14:56,15:22,True,F260010302
9229,A4,14:52,14:56,15:07,True,F260010301
9230,A10,14:52,14:57,15:18,True,F260010300
9231,E10,14:51,,14:52,False,F260010300
9232,E9,14:47,14:49,14:59,True,F260010297
9233,E6,14:37,14:43,14:59,False,F260010294
9234,M1,14:37,14:46,15:16,True,F260010294
9235,E5,14:34,14:37,15:02,True,F260010292
9236,L10,14:34,14:42,14:43,False,F260010292
9237,L6,14:34,14:40,14:56,True,F260010291
9238,E22,14:25,14:28,14:36,True,F260010286
9239,E9,14:26,14:29,14:46,True,F260010285
9240,E2,14:22,14:25,14:48,False,F260010283
9241,E22,14:22,,14:25,False,F260010283
9242,M10,14:22,14:32,15:06,True,F260010283
9243,A25,14:22,14:26,14:32,True,F260010282
9244,E39,14:21,,14:49,True,F260010279
9245,A5,14:19,14:30,14:42,False,F260010280
9246,E25,14:19,14:26,14:41,False,F260010280
9247,E30,14:19,14:25,15:20,True,F260010280
9248,M28,14:19,14:30,15:16,False,F260010280
9249,A31,14:14,14:19,14:49,True,F260010278
9250,H98,14:09,14:22,15:04,True,F260010277
9251,E2,14:03,14:12,14:16,True,F260010273
9252,A10,13:53,14:08,14:52,False,F260010266
9253,A14,13:53,,13:55,True,F260010266
9254,AIR10,13:53,14:15,15:18,False,F260010266
9255,B5,13:53,14:10,14:43,False,F260010266
9256,B7,13:53,14:00,16:42,False,F260010266
9257,DEP1,13:53,14:08,15:11,False,F260010266
9258,E10,14:02,14:15,14:29,False,F260010266
9259,E11,13:53,13:58,16:23,False,F260010266
9260,E13,14:02,14:15,14:36,False,F260010266
9261,E26,13:53,14:01,14:52,False,F260010266
9262,E29,13:53,14:06,14:39,False,F260010266
9263,E32,13:53,14:00,15:12,False,F260010266
9264,E37,13:53,13:56,,False,F260010266
9265,L1,13:53,14:09,14:44,False,F260010266
9266,L11,13:53,14:00,16:27,False,F260010266
9267,L13,13:53,13:57,,False,F260010266
9268,M32,13:53,14:01,14:44,False,F260010266
9269,M44,13:53,14:08,14:40,False,F260010266
9270,MAR5,13:53,14:19,15:26,False,F260010266
9271,R1,13:53,14:13,14:43,False,F260010266
9272,REHAB1,13:53,14:04,14:38,False,F260010266
9273,SAFT2,14:04,14:24,14:53,False,F260010266
9274,STAF10,13:53,14:08,14:43,False,F260010266
9275,A25,13:52,13:53,14:01,True,F260010264
9276,A31,13:51,13:56,14:05,True,F260010263
9277,E17,13:45,13:50,14:11,True,F260010260
9278,E41,13:42,13:44,13:45,True,F260010259
9279,B4,13:42,14:18,14:22,False,F260010258
9280,B6,13:42,,13:57,False,F260010258
9281,E20,13:42,13:47,14:22,False,F260010258
9282,E36,13:42,14:00,16:17,False,F260010258
9283,E5,13:42,13:54,14:23,True,F260010258
9284,FB3,13:43,14:32,15:11,False,F260010258
9285,FIREBOAT,13:42,,13:44,False,F260010258
9286,L8,13:42,13:48,14:18,False,F260010258
9287,MRN1,13:42,14:09,16:17,False,F260010258
9288,PTRL4,13:42,,14:32,False,F260010258
9289,SAFT2,13:42,13:57,14:03,False,F260010258
9290,A17,13:37,13:41,14:02,True,F260010257
9291,A7,13:27,13:30,13:51,True,F260010254
9292,A4,13:27,13:29,13:35,True,F260010253
9293,E18,13:20,13:28,13:30,True,F260010250
9294,A5,13:21,13:25,13:33,True,F260010249
9295,E10,13:26,13:26,13:33,False,F260010249
9296,E6,13:10,13:13,13:37,True,F260010248
9297,A2,13:08,,13:08,False,F260010246
9298,A4,13:08,13:11,13:22,True,F260010246
9299,H98,13:07,13:07,13:34,True,F260010247
9300,E39,13:05,13:07,13:22,True,F260010245
9301,E5,13:03,13:09,13:27,True,F260010244
9302,A17,13:01,13:08,13:29,True,F260010242
9303,A31,13:02,13:09,13:29,True,F260010243
9304,A25,13:03,13:07,13:50,True,F260010240
9305,E2,12:54,12:56,13:24,True,F260010239
9306,A4,12:52,12:56,13:08,True,F260010238
9307,E26,12:48,12:57,13:01,True,F260010237
9308,H98,12:44,12:48,13:05,True,F260010236
9309,E34,12:41,12:50,12:50,True,F260010234
9310,A10,12:40,12:44,13:13,True,F260010233
9311,H99,12:45,12:45,12:57,False,F260010233
9312,L11,12:39,,12:41,False,F260010232
9313,L13,12:41,12:55,13:00,True,F260010232
9314,E11,12:38,12:43,13:08,True,F260010231
9315,E8,12:28,12:31,12:48,True,F260010229
9316,E27,12:26,12:33,13:11,True,F260010228
9317,A17,12:24,12:30,12:42,True,F260010227
9318,E35,12:24,12:28,12:48,True,F260010226
9319,H2,12:20,13:18,14:28,True,F260010225
9320,L1,12:07,12:11,12:14,True,F260010223
9321,E25,12:07,12:10,12:14,True,F260010222
9322,E5,12:06,12:11,12:12,True,F260010221
9323,E33,11:58,12:02,12:20,True,F260010217
9324,L13,11:58,12:04,12:40,True,F260010216
9325,E11,11:50,,11:54,False,F260010213
9326,E37,11:54,11:58,12:27,True,F260010213
9327,M32,11:51,11:58,13:23,False,F260010213
9328,E35,11:43,11:49,12:11,False,F260010209
9329,M1,11:44,,11:48,False,F260010209
9330,M18,11:48,11:50,12:59,True,F260010209
9331,M32,11:43,,11:44,False,F260010209
9332,A5,11:39,,11:40,False,F260010207
9333,E6,11:40,11:44,11:59,False,F260010207
9334,M10,11:39,11:45,12:04,True,F260010207
9335,A31,11:38,11:43,12:12,True,F260010208
9336,M18,11:41,,11:47,False,F260010208
9337,E16,11:32,11:35,11:39,True,F260010202
9338,L9,11:32,,11:36,False,F260010202
9339,H2,11:26,,12:20,True,F260010200
9340,A4,11:54,11:58,12:05,True,F260010199
9341,E24,11:22,11:25,11:39,True,F260010197
9342,A10,11:21,,11:22,True,F260010196
9343,E10,11:22,,11:25,False,F260010196
9344,E2,11:13,11:18,11:25,True,F260010194
9345,A17,11:12,,11:20,True,F260010193
9346,E9,11:11,11:15,11:51,True,F260010192
9347,E36,11:04,11:10,12:03,True,F260010191
9348,A7,10:56,11:07,11:24,True,F260010190
9349,E25,10:47,10:50,10:58,True,F260010189
9350,L10,10:47,10:55,10:58,False,F260010189
9351,B4,10:44,10:51,11:10,False,F260010187
9352,E18,10:44,10:51,11:29,True,F260010187
9353,L8,10:44,10:52,11:17,False,F260010187
9354,A25,10:41,,10:43,False,F260010186
9355,E2,10:44,10:48,10:54,True,F260010186
9356,L4,10:43,,10:44,False,F260010186
9357,A2,10:40,10:49,11:02,True,F260010185
9358,E2,10:39,10:42,10:44,True,F260010184
9359,A2,10:36,,10:37,False,F260010183
9360,A4,10:37,10:41,11:05,False,F260010183
9361,M1,10:36,10:45,11:43,True,F260010183
9362,L9,10:37,10:40,10:52,True,F260010182
9363,L1,10:30,10:44,10:59,True,F260010180
9364,A5,10:27,10:30,11:00,True,F260010178
9365,A17,10:25,10:30,10:58,False,F260010177
9366,M18,10:25,10:37,10:40,True,F260010177
9367,A4,10:23,10:27,10:36,True,F260010176
9368,L9,10:21,,10:27,True,F260010174
9369,A10,10:22,10:26,10:47,False,F260010173
9370,M10,10:22,10:26,10:30,True,F260010173
9371,A7,10:19,10:24,10:41,True,F260010172
9372,E17,10:16,10:19,11:27,False,F260010170
9373,M17,10:16,10:22,12:04,True,F260010170
9374,E21,10:27,10:30,10:39,True,F260010169
9375,A17,09:56,10:02,10:20,True,F260010164
9376,E17,09:54,,09:56,False,F260010164
9377,E18,09:49,09:56,10:02,True,F260010163
9378,E16,09:50,09:53,10:19,True,F260010162
9379,E28,09:49,09:52,10:02,True,F260010161
9380,A5,09:41,,09:51,False,F260010159
9381,E26,09:41,,09:47,False,F260010159
9382,E27,09:41,09:46,10:09,True,F260010159
9383,E30,09:34,09:37,09:53,False,F260010158
9384,M1,09:34,09:43,09:59,True,F260010158
9385,A2,09:32,09:35,09:40,True,F260010157
9386,A10,09:30,09:34,10:04,True,F260010156
9387,E28,09:24,09:28,09:45,False,F260010152
9388,M28,09:24,09:28,09:51,True,F260010152
9389,A4,09:24,09:26,09:43,True,F260010151
9390,E2,09:25,09:32,09:34,True,F260010153
9391,A7,09:13,09:16,09:31,True,F260010145
9392,L4,09:13,09:19,09:29,True,F260010144
9393,E13,09:03,09:07,09:14,True,F260010143
9394,L3,09:02,09:12,09:25,True,F260010142
9395,E30,09:02,09:09,09:09,True,F260010141
9396,H1,08:57,08:57,10:06,False,F260010138
9397,M17,08:56,09:10,09:34,True,F260010138
9398,A5,08:52,08:57,08:59,True,F260010136
9399,E24,08:47,08:51,09:13,True,F260010135
9400,E34,08:43,08:48,09:26,True,F260010134
9401,M10,08:53,09:04,09:59,False,F260010134
9402,A2,08:38,08:44,08:48,True,F260010133
9403,A7,08:35,08:38,09:12,False,F260010132
9404,M1,08:35,08:40,09:29,True,F260010132
9405,L1,08:30,08:35,08:37,True,F260010128
9406,E40,08:09,,08:10,True,F260010127
9407,E35,08:05,08:14,08:30,True,F260010126
9408,M18,08:06,08:14,09:04,False,F260010126
9409,L9,08:04,08:08,08:18,True,F260010125
9410,A2,07:53,07:55,08:06,True,F260010123
9411,E2,07:51,07:55,07:56,True,F260010122
9412,E9,07:50,07:53,07:55,True,F260010121
9413,E6,07:47,07:50,08:14,True,F260010120
9414,E11,07:47,07:47,08:18,True,F260010118
9415,E17,07:37,07:50,08:10,True,F260010117
9416,E29,07:31,07:34,07:57,True,F260010115
9417,L9,07:25,07:36,07:44,True,F260010113
9418,E24,07:23,07:28,07:50,True,F260010112
9419,E26,07:22,07:28,07:46,True,F260010111
9420,E18,07:22,07:26,07:48,True,F260010110
9421,E25,07:14,07:20,07:21,True,F260010108
9422,E18,07:04,,07:09,True,F260010105
9423,A2,07:02,07:05,07:26,True,F260010103
9424,E5,07:01,07:04,07:27,True,F260010102
9425,R1,06:59,07:04,07:06,True,F260010100
9426,E24,06:58,07:04,07:06,True,F260010099
9427,L12,06:30,,06:33,True,F260010093
9428,L3,06:33,06:49,07:01,False,F260010093
9429,A25,06:30,06:35,06:55,True,F260010092
9430,E16,06:27,06:33,06:45,True,F260010091
9431,E34,06:11,06:14,06:30,True,F260010089
9432,E2,06:05,06:10,06:15,True,F260010088
9433,L4,06:05,06:10,06:19,False,F260010088
9434,E6,06:02,06:08,06:27,True,F260010086
9435,A25,06:03,06:07,06:12,True,F260010079
9436,B2,05:46,,05:52,False,F260010078
9437,E10,05:46,05:51,05:52,True,F260010078
9438,L1,05:46,05:51,05:52,False,F260010078
9439,E25,05:41,05:47,05:50,True,F260010076
9440,E2,05:38,05:41,05:49,True,F260010074
9441,L4,05:38,05:42,05:50,False,F260010074
9442,E31,05:14,05:19,05:42,True,F260010073
9443,A10,04:59,05:04,05:20,True,F260010072
9444,E8,04:57,05:02,05:26,True,F260010071
9445,E39,04:55,05:02,05:31,True,F260010070
9446,E17,04:36,04:43,04:46,True,F260010067
9447,E31,04:06,04:11,04:20,True,F260010064
9448,E25,04:04,04:08,04:22,True,F260010063
9449,M10,04:04,,04:10,False,F260010063
9450,A25,03:57,04:01,04:10,True,F260010062
9451,E29,03:50,03:56,04:09,True,F260010061
9452,E24,03:46,03:51,04:11,False,F260010059
9453,M31,03:46,03:54,03:55,True,F260010059
9454,E6,03:45,03:52,04:20,False,F260010058
9455,M1,03:45,03:52,04:08,True,F260010058
9456,L10,03:18,03:23,03:36,True,F260010056
9457,E24,03:13,03:17,03:36,True,F260010055
9458,A25,02:57,03:02,03:03,True,F260010054
9459,A5,02:41,02:46,02:48,False,F260010052
9460,M10,02:41,02:46,03:47,True,F260010052
9461,E16,02:29,02:34,02:46,True,F260010050
9462,E2,02:13,02:18,02:26,True,F260010049
9463,L4,02:13,02:18,02:28,False,F260010049
9464,E28,02:02,02:05,02:22,True,F260010047
9465,E39,01:59,02:03,02:10,True,F260010046
9466,E24,01:46,01:51,02:18,True,F260010043
9467,E5,01:42,01:46,01:52,True,F260010042
9468,E25,01:34,01:37,01:42,True,F260010040
9469,L10,01:34,01:37,01:43,False,F260010040
9470,A10,01:31,01:39,02:06,True,F260010039
9471,M1,01:42,01:48,02:28,False,F260010039
9472,E17,01:29,01:35,01:38,True,F260010038
9473,E5,01:10,01:17,01:27,True,F260010033
9474,E37,01:08,,01:11,True,F260010032
9475,A25,01:08,01:12,01:31,True,F260010031
9476,A2,01:04,01:08,01:09,True,F260010030
9477,E11,01:04,01:11,01:27,True,F260010029
9478,E31,00:59,01:04,01:22,True,F260010028
9479,M31,01:00,01:06,01:43,False,F260010028
9480,E28,00:47,00:50,01:11,True,F260010027
9481,M28,00:47,00:51,01:38,False,F260010027
9482,E18,00:43,00:46,01:00,True,F260010026
9483,E30,00:40,00:44,01:07,True,F260010025
9484,L9,00:32,00:40,00:57,True,F260010022
9485,E18,00:26,00:30,00:30,True,F260010021
9486,E33,00:16,00:20,00:23,True,F260010020
9487,E6,23:49,23:58,00:00,True,F260010015
9488,A25,23:40,23:44,00:33,True,F260010013
9489,M10,23:59,00:07,00:37,False,F260010013
9490,E30,23:37,23:40,00:04,True,F260010012
9491,A2,23:35,23:50,00:08,True,F260010010
9492,E25,23:16,23:22,23:23,True,F260010006
9493,E40,23:11,23:18,23:29,True,F260010005
9494,E13,23:47,23:55,00:09,True,F260010004
9495,E17,22:55,,23:01,False,F260010002
9496,E17,23:02,23:03,23:03,True,F260010002
9497,L9,22:55,,23:01,False,F260010002
9498,E39,22:53,22:58,23:17,True,F260010001
9499,E24,22:31,22:37,22:40,False,F260009999
9500,L5,22:31,22:36,22:54,False,F260009999
9501,M31,22:31,22:37,22:44,True,F260009999
9502,E31,22:15,22:20,22:37,True,F260009997
9503,A5,22:03,22:15,22:24,True,F260009996
9504,E35,22:01,22:08,22:14,True,F260009995
9505,E30,21:57,,22:01,True,F260009992
9506,A10,21:56,22:01,22:22,True,F260009991
9507,A5,21:49,21:53,22:03,True,F260009986
9508,E16,21:47,21:50,21:57,True,F260009984
9509,L9,21:47,21:53,21:55,False,F260009984
9510,E41,21:46,21:52,22:18,True,F260009983
9511,M18,21:46,21:56,22:27,False,F260009983
9512,E13,21:33,21:36,22:10,True,F260009982
9513,M1,21:46,21:52,22:13,False,F260009982
9514,A10,21:29,21:33,21:46,True,F260009980
9515,L10,21:10,21:14,21:28,True,F260009979
9516,E6,21:11,21:14,21:30,True,F260009978
9517,L8,20:54,21:02,21:23,True,F260009975
9518,L4,20:49,20:54,21:21,True,F260009973
9519,E2,20:45,20:54,20:58,True,F260009972
9520,E6,20:39,20:42,20:52,True,F260009971
9521,E35,20:35,20:39,20:42,True,F260009970
9522,E21,20:32,20:36,20:43,True,F260009969
9523,A2,20:29,20:36,20:53,True,F260009968
9524,A4,20:28,,20:29,False,F260009968
9525,E5,20:17,20:21,20:45,True,F260009967
9526,L1,20:17,20:21,20:56,False,F260009967
9527,A5,20:13,20:16,20:29,True,F260009966
9528,E31,20:00,,20:03,True,F260009962
9529,E30,20:00,20:03,20:20,True,F260009961
9530,E40,19:57,20:05,20:29,True,F260009960
9531,E25,19:56,19:59,20:22,True,F260009959
9532,L10,19:56,19:59,20:22,False,F260009959
9533,E33,19:50,19:55,19:59,True,F260009958
9534,A14,19:47,19:52,20:08,True,F260009957
9535,E18,19:36,19:39,19:40,True,F260009955
9536,A10,19:37,19:41,20:19,True,F260009956
9537,E21,19:27,19:31,19:51,True,F260009951
9538,L1,19:26,19:35,19:45,True,F260009949
9539,E32,19:23,,19:24,False,F260009948
9540,L11,19:22,19:29,20:20,True,F260009948
9541,M32,19:45,19:51,20:21,False,F260009948
9542,E17,19:14,19:18,19:26,True,F260009947
9543,E18,19:12,19:15,19:29,True,F260009945
9544,A25,19:11,19:15,19:43,True,F260009944
9545,A4,19:10,19:19,19:44,True,F260009943
9546,L10,19:06,19:12,19:46,True,F260009941
9547,E24,19:04,19:07,19:30,False,F260009940
9548,M31,19:04,19:09,19:34,True,F260009940
9549,E32,19:03,19:06,19:22,True,F260009939
9550,E2,19:02,19:06,19:17,True,F260009938
9551,L4,19:02,19:06,19:20,False,F260009938
9552,A4,19:01,,19:02,True,F260009936
9553,E26,19:00,19:02,19:15,True,F260009935
9554,E28,18:58,19:01,19:16,True,F260009934
9555,E13,18:42,18:47,19:11,True,F260009930
9556,E35,18:35,18:40,18:52,True,F260009929
9557,L5,18:35,18:41,18:45,False,F260009929
9558,A10,18:20,18:22,18:48,False,F260009924
9559,M10,18:20,18:24,19:10,True,F260009924
9560,E17,18:18,18:25,18:46,True,F260009923
9561,A4,18:13,18:14,18:19,True,F260009921
9562,A31,18:16,18:21,18:32,True,F260009922
9563,E25,18:11,18:15,18:26,True,F260009919
9564,L10,18:11,18:15,18:28,False,F260009919
9565,A5,18:06,18:08,18:41,True,F260009915
9566,E37,18:10,,18:12,True,F260009917
9567,E8,17:54,17:57,18:19,True,F260009913
9568,A25,17:49,17:52,18:06,True,F260009911
9569,A4,17:47,17:53,18:07,True,F260009909
9570,E10,17:36,17:42,17:54,True,F260009905
9571,E32,17:34,17:37,18:27,False,F260009904
9572,H99,17:38,17:47,17:48,False,F260009904
9573,L11,17:34,17:37,18:13,False,F260009904
9574,M32,17:34,17:40,18:47,True,F260009904
9575,E6,17:31,17:35,17:48,True,F260009903
9576,A25,17:26,17:30,17:43,True,F260009900
9577,E25,17:18,17:21,17:43,True,F260009898
9578,L10,17:18,17:21,17:45,False,F260009898
9579,E5,17:17,17:22,17:45,True,F260009897
9580,M1,17:23,17:26,18:01,False,F260009897
9581,M17,17:19,,17:23,False,F260009897
9582,E34,17:15,17:21,17:37,True,F260009896
9583,A10,17:13,17:13,17:22,False,F260009895
9584,E10,17:12,,17:14,True,F260009895
9585,E9,16:55,17:03,17:06,True,F260009892
9586,E35,16:46,,16:51,False,F260009891
9587,E37,16:51,16:55,17:29,True,F260009891
9588,L13,16:51,16:55,17:30,False,F260009891
9589,L5,16:46,,16:51,False,F260009891
9590,EVENT14,16:41,16:41,20:11,True,F260009886
9591,HUSKY-EMS,16:41,16:41,20:11,False,F260009886
9592,A10,16:38,16:41,17:13,False,F260009885
9593,M1,16:38,16:44,17:23,True,F260009885
9594,E2,16:36,16:41,16:45,True,F260009884
9595,L4,16:36,16:42,16:44,False,F260009884
9596,A5,16:37,16:41,17:44,True,F260009883
9597,M10,16:59,17:04,17:48,False,F260009883
9598,M17,16:50,,17:00,False,F260009883
9599,L8,16:32,16:37,16:56,True,F260009882
9600,R1,16:30,16:36,16:56,True,F260009880
9601,E41,16:25,16:30,16:38,True,F260009879
9602,H2,16:24,16:24,17:17,True,F260009878
9603,E39,16:24,16:26,16:44,True,F260009877
9604,A25,16:16,16:20,16:47,False,F260009873
9605,M10,16:17,16:20,16:59,False,F260009873
9606,M17,16:16,,16:17,True,F260009873
9607,A10,16:14,,16:18,False,F260009872
9608,E6,16:14,16:18,17:12,False,F260009872
9609,H99,16:15,16:27,16:38,False,F260009872
9610,M1,16:14,,16:19,True,F260009872
9611,EVENT13,15:59,15:59,,True,F260009870
9612,PLEDG-EMS,16:00,16:00,,False,F260009870
9613,E18,16:00,16:04,16:39,False,F260009868
9614,E35,15:57,,16:01,True,F260009868
9615,A5,15:51,15:53,16:03,False,F260009867
9616,E5,15:51,,15:54,False,F260009867
9617,M1,15:51,,15:54,True,F260009867
9618,E18,15:43,15:48,16:00,True,F260009864
9619,E25,15:38,15:39,15:56,True,F260009861
9620,E39,15:35,15:39,16:01,True,F260009860
9621,E26,15:34,15:41,16:00,True,F260009858
9622,A2,15:35,15:38,15:55,True,F260009859
9623,A10,15:31,15:34,15:55,True,F260009856
9624,E24,15:29,,15:34,False,F260009855
9625,L5,15:29,15:32,15:45,False,F260009855
9626,M31,15:29,15:33,15:34,True,F260009855
9627,A5,15:27,15:32,15:41,True,F260009852
9628,E13,15:39,15:43,16:06,True,F260009854
9629,E11,15:24,15:31,15:39,True,F260009850
9630,A4,15:19,15:23,16:01,True,F260009848
9631,M10,15:23,15:28,16:17,False,F260009848
9632,M17,15:19,,15:23,False,F260009848
9633,H2,15:13,15:35,16:01,True,F260009846
9634,E31,15:12,15:16,15:38,True,F260009845
9635,E5,15:08,15:11,15:22,True,F260009843
9636,A31,15:09,15:13,15:58,True,F260009841
9637,E39,15:06,15:10,15:16,False,F260009842
9638,E40,15:04,,15:06,True,F260009842
9639,L5,15:04,,15:13,False,F260009842
9640,A25,15:04,,15:07,True,F260009840
9641,E6,15:07,15:12,15:43,False,F260009840
9642,M28,15:16,15:25,16:33,False,F260009840
9643,H99,14:59,15:04,15:10,False,F260009838
9644,L3,14:57,15:01,15:11,True,F260009838
9645,E17,14:53,14:58,15:04,True,F260009836
9646,L9,14:53,14:58,15:04,False,F260009836
9647,E6,14:49,14:51,15:05,False,F260009835
9648,L3,14:48,,14:49,True,F260009835
9649,E39,14:46,14:51,15:05,True,F260009834
9650,E37,15:27,15:35,15:58,True,F260009833
9651,H99,15:30,15:44,16:07,False,F260009833
9652,A10,14:40,14:44,15:08,False,F260009832
9653,E10,14:39,,14:40,True,F260009832
9654,A5,14:36,14:41,15:14,False,F260009831
9655,M1,14:36,14:41,15:36,True,F260009831
9656,E2,14:32,14:35,14:42,True,F260009829
9657,L4,14:32,14:36,14:36,False,F260009829
9658,E30,14:24,14:27,14:36,True,F260009828
9659,L12,14:24,,14:31,False,F260009828
9660,E25,14:20,14:25,14:34,True,F260009826
9661,L10,14:20,14:25,14:35,False,F260009826
9662,E37,14:20,14:25,14:48,False,F260009824
9663,M32,14:20,,14:32,True,F260009824
9664,A2,14:19,14:25,15:08,True,F260009825
9665,M10,14:41,14:50,15:23,False,F260009825
9666,M17,14:37,,14:41,False,F260009825
9667,E10,14:14,14:19,14:33,True,F260009823
9668,L1,14:14,14:20,14:35,False,F260009823
9669,E38,14:15,14:18,14:35,True,F260009822
9670,E9,14:12,14:16,14:17,True,F260009820
9671,A4,14:14,14:18,14:38,True,F260009821
9672,E24,13:59,14:11,14:32,True,F260009818
9673,M31,14:02,14:15,14:28,False,F260009818
9674,E34,13:54,14:02,14:14,True,F260009817
9675,A2,13:49,,13:51,True,F260009816
9676,A4,13:51,13:53,14:04,False,F260009816
9677,E27,13:44,13:47,13:52,True,F260009813
9678,H1,13:37,13:55,14:53,True,F260009811
9679,E17,13:29,13:34,13:45,True,F260009810
9680,A10,13:29,13:31,13:53,True,F260009809
9681,A2,13:24,13:28,13:37,True,F260009807
9682,E27,13:22,13:25,13:36,True,F260009806
9683,E39,13:29,13:29,13:51,False,F260009805
9684,E40,13:23,,13:29,True,F260009805
9685,L4,13:19,13:25,13:58,True,F260009803
9686,E30,13:17,13:21,13:47,True,F260009801
9687,H1,13:14,13:27,13:36,True,F260009799
9688,E11,13:12,13:16,13:31,True,F260009797
9689,A4,13:10,13:15,13:27,True,F260009796
9690,E21,13:09,13:12,13:45,False,F260009794
9691,M18,13:09,13:17,14:30,True,F260009794
9692,E33,13:07,13:11,13:30,True,F260009792
9693,L9,13:10,13:11,13:16,True,F260009789
9694,E38,12:57,13:01,13:15,True,F260009786
9695,L9,12:57,,13:04,False,F260009786
9696,E39,12:57,13:00,13:29,False,F260009784
9697,M1,12:57,,12:58,False,F260009784
9698,M31,12:58,13:06,13:12,True,F260009784
9699,A5,12:57,13:01,13:10,True,F260009785
9700,A10,12:54,12:57,13:12,True,F260009783
9701,A25,12:50,,12:52,True,F260009782
9702,E34,12:52,12:53,13:09,False,F260009782
9703,E16,12:33,12:38,13:08,False,F260009781
9704,M31,12:33,12:45,12:58,True,F260009781
9705,B5,12:29,12:35,12:43,False,F260009780
9706,E30,12:26,12:29,12:56,True,F260009780
9707,L12,12:29,12:34,12:40,False,F260009780
9708,E34,12:25,12:28,12:52,True,F260009779
9709,M10,12:36,12:41,14:40,False,F260009779
9710,A4,12:24,12:28,12:38,True,F260009778
9711,E13,12:23,,12:25,False,F260009777
9712,E26,12:25,12:29,13:02,False,F260009777
9713,M26,12:23,12:33,13:42,True,F260009777
9714,A5,12:22,12:26,12:38,True,F260009775
9715,E6,12:16,12:22,12:37,True,F260009773
9716,L10,12:13,,12:18,True,F260009772
9717,L6,12:17,12:26,12:49,False,F260009772
9718,E2,12:02,12:04,12:36,True,F260009770
9719,L4,11:57,12:01,12:22,True,F260009764
9720,E2,11:55,12:00,12:01,True,F260009763
9721,A2,11:53,11:57,12:11,True,F260009762
9722,B2,11:48,,11:51,False,F260009756
9723,B5,11:51,11:56,12:17,False,F260009756
9724,E10,11:48,11:52,12:19,True,F260009756
9725,E5,11:48,11:56,12:12,False,F260009756
9726,L3,11:48,11:56,12:19,False,F260009756
9727,E20,11:48,11:54,12:15,True,F260009755
9728,L6,11:48,11:58,12:17,False,F260009755
9729,E18,11:48,11:57,12:09,True,F260009754
9730,E35,11:47,,11:48,False,F260009754
9731,A31,11:46,11:52,12:16,True,F260009753
9732,A10,11:45,11:47,12:36,True,F260009752
9733,M17,11:54,12:04,13:00,False,F260009752
9734,A4,11:44,11:48,12:20,True,F260009750
9735,M1,11:46,11:51,12:38,False,F260009750
9736,M17,11:44,,11:46,False,F260009750
9737,A10,11:41,,11:43,True,F260009746
9738,E11,11:42,11:45,12:02,False,F260009748
9739,M32,11:42,,11:50,True,F260009748
9740,A31,12:20,12:26,12:27,False,F260009747
9741,AIR10,12:20,,12:27,False,F260009747
9742,B4,12:20,,12:28,False,F260009747
9743,B6,12:12,12:19,12:29,False,F260009747
9744,DECON1,12:20,,12:28,False,F260009747
9745,DEP1,12:20,,12:28,False,F260009747
9746,E10,12:20,,12:28,False,F260009747
9747,E18,12:20,,12:28,False,F260009747
9748,E21,11:41,11:47,12:00,False,F260009747
9749,E21,12:20,,12:27,True,F260009747
9750,E24,12:20,12:25,12:27,False,F260009747
9751,E24,12:28,12:28,12:29,False,F260009747
9752,E27,12:20,,12:28,False,F260009747
9753,E31,12:20,12:26,12:28,False,F260009747
9754,E35,12:20,,12:28,False,F260009747
9755,HAZ1,12:20,,12:28,False,F260009747
9756,L1,12:20,,12:28,False,F260009747
9757,L10,12:20,,12:27,False,F260009747
9758,L5,12:20,,12:28,False,F260009747
9759,L9,11:41,11:52,12:42,False,F260009747
9760,M31,12:20,,12:27,False,F260009747
9761,M44,12:20,,12:27,False,F260009747
9762,SAFT2,12:20,,12:27,False,F260009747
9763,STAF10,12:20,,12:28,False,F260009747
9764,E20,11:37,,11:43,True,F260009744
9765,A25,11:38,11:38,11:58,True,F260009745
9766,A5,11:34,11:41,12:09,False,F260009742
9767,M10,11:34,11:39,12:18,True,F260009742
9768,E41,11:20,11:25,11:44,True,F260009740
9769,E9,11:17,11:20,11:23,True,F260009739
9770,L3,11:10,11:14,11:33,True,F260009737
9771,E6,11:05,11:07,11:25,True,F260009734
9772,E2,11:01,11:06,11:08,True,F260009733
9773,E8,10:53,10:57,11:08,True,F260009731
9774,A2,10:48,10:53,11:21,False,F260009730
9775,M1,10:48,10:56,11:46,True,F260009730
9776,E17,10:45,10:49,11:21,True,F260009729
9777,A4,10:41,10:43,11:32,True,F260009728
9778,MIH,11:01,,11:37,False,F260009728
9779,E13,10:37,10:43,10:52,True,F260009727
9780,E36,10:37,10:44,10:49,False,F260009727
9781,A4,10:22,10:22,10:38,True,F260009724
9782,E16,10:13,10:23,10:40,True,F260009722
9783,A4,10:01,10:06,10:21,True,F260009720
9784,E17,09:59,10:02,10:03,True,F260009719
9785,E38,10:00,10:04,10:28,True,F260009717
9786,A4,09:54,,09:56,True,F260009716
9787,E6,10:22,10:25,10:41,True,F260009714
9788,A25,09:56,09:58,10:11,False,F260009712
9789,A4,09:51,,09:53,False,F260009712
9790,L10,09:53,,09:56,True,F260009712
9791,A31,09:49,,09:50,True,F260009711
9792,E40,09:49,09:57,10:06,False,F260009711
9793,E11,09:47,09:47,10:10,True,F260009710
9794,A25,09:46,09:50,09:56,True,F260009709
9795,E13,09:41,09:46,09:53,True,F260009708
9796,L6,13:13,13:18,,True,F260009706
9797,A2,09:33,09:36,10:00,True,F260009704
9798,E11,09:31,09:33,09:46,True,F260009703
9799,L8,09:25,09:28,09:55,True,F260009702
9800,E20,09:16,09:20,09:35,True,F260009701
9801,A10,09:15,09:32,09:47,False,F260009700
9802,M10,09:15,09:19,09:40,True,F260009700
9803,E31,09:10,09:18,09:32,True,F260009697
9804,E33,09:08,09:10,09:27,True,F260009698
9805,A31,09:06,09:10,09:23,True,F260009696
9806,E34,09:04,,09:09,True,F260009694
9807,L10,09:04,09:07,09:15,False,F260009694
9808,A5,09:06,,09:13,False,F260009695
9809,E13,09:06,,09:13,True,F260009695
9810,E36,09:06,,09:13,False,F260009695
9811,A2,09:04,09:09,09:31,False,F260009692
9812,M1,09:04,,09:12,True,F260009692
9813,E29,09:04,09:11,09:25,True,F260009691
9814,E8,08:58,09:01,09:22,True,F260009690
9815,E33,08:44,08:47,08:51,True,F260009687
9816,E10,08:45,08:47,09:08,False,F260009688
9817,L1,08:44,,08:45,True,F260009688
9818,A10,08:42,08:46,09:03,True,F260009684
9819,A25,08:41,08:45,08:50,True,F260009680
9820,A5,08:42,,08:51,False,F260009683
9821,E13,08:42,08:53,08:57,False,F260009683
9822,E36,08:42,08:49,08:59,True,F260009683
9823,E22,08:39,08:46,08:48,True,F260009681
9824,L4,08:39,08:46,08:48,False,F260009681
9825,E35,08:38,08:43,08:50,True,F260009679
9826,E41,08:36,08:40,08:45,True,F260009678
9827,E6,08:37,08:41,09:08,False,F260009677
9828,L3,08:34,,08:37,True,F260009677
9829,E6,08:28,08:31,08:36,True,F260009674
9830,E37,08:23,,08:25,True,F260009672
9831,E5,08:18,08:21,08:28,True,F260009671
9832,L4,08:18,08:22,08:23,False,F260009671
9833,E18,08:13,08:17,08:31,True,F260009668
9834,E16,08:10,08:19,08:28,True,F260009667
9835,E2,08:05,08:11,08:19,True,F260009665
9836,E31,08:04,08:07,08:16,True,F260009664
9837,E8,08:01,08:04,08:24,True,F260009662
9838,E5,07:59,08:03,08:05,True,F260009661
9839,A10,10:06,10:11,10:21,True,F260009659
9840,E34,07:51,07:57,08:03,True,F260009658
9841,A2,07:47,07:53,08:10,True,F260009657
9842,E6,07:57,08:00,08:13,True,F260009656
9843,A5,07:38,07:43,08:18,False,F260009654
9844,M10,07:38,07:42,08:06,True,F260009654
9845,E6,07:36,07:41,07:48,True,F260009653
9846,E21,07:29,07:33,08:12,True,F260009651
9847,A10,07:31,07:44,08:14,False,F260009650
9848,AIR10,07:31,07:46,08:17,False,F260009650
9849,B2,07:31,07:36,08:00,False,F260009650
9850,B5,07:31,07:41,07:57,False,F260009650
9851,DECON1,07:31,,07:47,False,F260009650
9852,E10,07:31,07:42,08:45,True,F260009650
9853,E25,07:31,07:34,07:59,False,F260009650
9854,E27,07:31,,07:47,False,F260009650
9855,E5,07:31,07:40,07:56,False,F260009650
9856,HAZ1,07:31,07:42,08:23,False,F260009650
9857,L1,07:31,07:42,08:19,False,F260009650
9858,L10,07:31,07:35,08:00,False,F260009650
9859,SAFT2,07:31,07:46,07:57,False,F260009650
9860,E24,07:18,07:22,10:20,True,F260009648
9861,M31,07:29,07:36,09:53,False,F260009648
9862,E21,07:14,07:18,07:22,True,F260009647
9863,L9,07:10,07:15,07:53,True,F260009646
9864,E34,07:08,07:12,07:16,True,F260009645
9865,E17,07:05,07:08,07:35,True,F260009643
9866,E36,07:04,07:09,07:35,True,F260009641
9867,L8,06:50,06:59,07:06,True,F260009638
9868,E17,06:45,06:50,06:55,True,F260009636
9869,E31,06:40,06:45,06:47,True,F260009635
9870,E32,06:43,06:46,07:06,True,F260009634
9871,L1,06:26,06:32,06:42,True,F260009631
9872,E28,06:25,06:30,07:08,True,F260009630
9873,M28,06:25,06:32,08:12,False,F260009630
9874,E18,06:24,06:29,07:00,True,F260009628
9875,B5,06:19,06:24,06:26,False,F260009627
9876,E13,06:19,06:24,06:26,True,F260009627
9877,R1,06:19,06:23,06:31,False,F260009627
9878,E36,06:18,06:24,06:45,True,F260009626
9879,M1,06:18,06:31,06:54,False,F260009626
9880,E30,06:16,06:20,06:38,True,F260009625
9881,E39,06:14,06:19,06:47,True,F260009622
9882,E31,06:04,06:14,06:20,True,F260009621
9883,E39,06:02,,06:03,True,F260009620
9884,E40,06:03,,06:05,False,F260009620
9885,E32,05:55,05:59,06:25,True,F260009618
9886,L11,05:55,06:03,06:26,False,F260009617
9887,M32,05:55,06:03,06:36,True,F260009617
9888,E24,05:53,05:56,06:16,False,F260009616
9889,M31,05:53,06:00,06:54,True,F260009616
9890,E40,05:48,05:57,06:02,True,F260009614
9891,E39,05:40,05:44,05:57,False,F260009612
9892,M31,05:40,05:50,05:51,True,F260009612
9893,E2,05:39,05:52,06:02,True,F260009611
9894,A2,05:30,05:35,05:48,True,F260009610
9895,E30,05:25,05:29,05:41,True,F260009609
9896,A25,05:07,05:11,05:30,True,F260009607
9897,A10,04:43,04:47,05:03,True,F260009604
9898,E31,04:35,04:40,05:25,True,F260009603
9899,A5,04:32,,04:37,False,F260009602
9900,E2,04:32,,04:37,False,F260009602
9901,M10,04:32,,04:37,True,F260009602
9902,E39,04:22,04:28,04:47,True,F260009601
9903,A2,04:18,04:24,04:35,True,F260009599
9904,E10,04:05,04:10,04:30,True,F260009597
9905,E37,04:00,04:04,04:33,False,F260009596
9906,L13,04:00,,04:01,True,F260009596
9907,E31,03:44,03:49,03:59,True,F260009595
9908,E37,03:26,03:32,04:00,True,F260009593
9909,E8,03:25,03:34,03:47,True,F260009592
9910,E6,03:27,03:28,03:45,False,F260009591
9911,L1,03:24,,03:28,True,F260009591
9912,A10,03:20,03:25,03:26,False,F260009590
9913,E6,03:20,03:25,03:26,False,F260009590
9914,M1,03:20,,03:26,True,F260009590
9915,E24,03:13,03:17,03:40,True,F260009589
9916,A5,03:03,03:08,03:25,True,F260009588
9917,E30,02:58,03:00,04:13,True,F260009586
9918,M28,03:06,03:15,05:06,False,F260009586
9919,E40,02:53,02:57,03:29,True,F260009582
9920,A14,02:49,,02:51,False,F260009579
9921,A2,02:49,03:00,03:31,False,F260009579
9922,AIR10,02:49,03:02,03:46,False,F260009579
9923,B4,02:49,02:58,03:32,False,F260009579
9924,B6,02:48,02:54,04:34,False,F260009579
9925,DEP1,02:49,03:00,03:42,False,F260009579
9926,E16,02:49,02:57,03:41,False,F260009579
9927,E17,02:49,02:55,04:18,False,F260009579
9928,E18,02:49,02:58,03:35,False,F260009579
9929,E2,02:55,03:02,03:50,False,F260009579
9930,E21,02:49,02:58,03:31,False,F260009579
9931,E22,02:55,03:04,04:03,False,F260009579
9932,E9,02:48,02:52,04:31,True,F260009579
9933,L6,02:49,02:58,03:42,False,F260009579
9934,L8,02:49,02:57,03:58,False,F260009579
9935,L9,02:48,02:54,04:24,False,F260009579
9936,M17,02:49,02:58,03:36,False,F260009579
9937,M44,02:49,03:00,03:36,False,F260009579
9938,MAR5,02:49,03:12,04:18,False,F260009579
9939,R1,02:49,02:59,03:28,False,F260009579
9940,REHAB1,02:49,03:05,03:50,False,F260009579
9941,SAFT2,02:49,03:01,03:46,False,F260009579
9942,STAF10,02:49,03:01,04:02,False,F260009579
9943,E29,02:38,02:43,02:57,True,F260009578
9944,E24,02:13,02:26,02:35,True,F260009575
9945,A10,02:11,02:17,02:50,True,F260009574
9946,R1,02:09,02:13,02:18,True,F260009573
9947,E6,02:10,02:20,02:26,True,F260009572
9948,E31,02:07,02:12,02:45,False,F260009571
9949,M31,02:07,02:14,03:19,True,F260009571
9950,E30,02:07,02:13,02:17,True,F260009570
9951,A5,02:02,02:07,02:33,False,F260009566
9952,M10,02:02,02:08,02:34,True,F260009566
9953,L9,02:01,02:07,02:26,True,F260009567
9954,A10,01:59,,02:03,True,F260009564
9955,A5,01:55,,01:58,True,F260009561
9956,E11,01:50,01:58,02:17,True,F260009560
9957,E17,01:44,01:51,02:32,True,F260009558
9958,E16,01:40,01:50,01:57,True,F260009557
9959,E33,01:26,01:32,01:44,True,F260009555
9960,A25,01:08,01:11,01:36,True,F260009552
9961,M1,01:08,01:14,01:48,False,F260009552
9962,E25,01:18,01:22,01:33,True,F260009553
9963,A2,01:06,01:10,01:23,True,F260009551
9964,E33,00:53,,01:10,True,F260009550
9965,L12,00:53,00:58,01:07,False,F260009550
9966,E5,00:44,00:48,00:58,False,F260009548
9967,L1,00:44,00:47,00:57,True,F260009548
9968,E30,00:59,01:03,01:18,True,F260009547
9969,L13,00:37,00:41,01:17,True,F260009546
9970,E37,00:32,00:35,01:10,True,F260009545
9971,L13,00:32,,00:34,False,F260009545
9972,M32,00:32,,00:37,False,F260009545
9973,A10,00:29,00:34,00:53,True,F260009544
9974,L5,00:13,00:18,00:33,True,F260009542
9975,A5,00:11,00:13,00:23,True,F260009541
9976,A2,00:09,00:14,00:17,True,F260009540
9977,E2,00:11,,00:16,False,F260009540
9978,M10,00:11,,00:15,False,F260009540
9979,E38,23:59,00:07,00:14,True,F260009539
9980,B2,23:54,23:57,00:40,False,F260009536
9981,E10,23:54,23:59,01:16,True,F260009536
9982,E5,23:54,00:00,00:36,False,F260009536
9983,L10,23:54,23:57,00:42,False,F260009536
9984,MAR5,23:54,00:13,00:31,False,F260009536
9985,SAFT2,23:54,00:02,00:21,False,F260009536
9986,E25,23:38,23:42,00:13,True,F260009534
9987,E17,23:34,23:39,00:07,True,F260009533
9988,E35,23:29,23:34,23:57,True,F260009532
9989,E39,23:29,23:33,23:52,True,F260009531
9990,E40,23:27,,23:29,False,F260009531
9991,E27,23:26,23:32,23:34,True,F260009530
9992,E39,23:19,23:25,23:28,True,F260009529
9993,A10,23:05,,23:10,False,F260009528
9994,E6,23:05,23:08,23:24,False,F260009528
9995,M1,23:05,,23:10,True,F260009528
9996,E41,23:01,23:07,23:29,True,F260009527
9997,A2,22:58,23:04,23:40,False,F260009526
9998,M10,22:58,23:10,23:28,True,F260009526
9999,A5,22:43,22:48,23:18,True,F260009524
10000,E25,22:49,22:49,22:57,True,F260009523
10001,E8,22:52,22:57,,True,F260009522
10002,L10,22:38,22:41,22:46,True,F260009521
10003,E25,22:35,22:38,22:48,True,F260009519
10004,A25,22:34,22:35,22:56,True,F260009520
10005,E30,22:34,22:37,22:45,True,F260009518
10006,E37,22:25,22:29,22:54,True,F260009517
10007,M32,22:26,22:33,22:33,False,F260009517
10008,E6,22:21,22:23,22:48,True,F260009516
10009,E13,22:09,22:14,22:16,True,F260009515
10010,E36,21:46,21:58,21:58,True,F260009511
10011,E13,21:45,21:48,21:58,True,F260009510
10012,E24,21:35,,21:36,True,F260009508
10013,E31,21:34,21:37,21:39,True,F260009507
10014,E6,21:30,21:32,21:36,True,F260009505
10015,L3,21:30,21:32,21:36,False,F260009505
10016,E38,21:29,21:32,21:58,True,F260009500
10017,A25,21:01,21:05,21:18,True,F260009496
10018,E37,20:59,21:04,21:20,True,F260009495
10019,E8,20:56,21:10,21:11,True,F260009494
10020,A10,20:43,20:46,21:07,True,F260009490
10021,A2,20:48,20:54,21:09,True,F260009489
10022,E5,20:17,20:20,20:46,True,F260009488
10023,L5,20:17,20:29,20:46,True,F260009487
10024,E28,20:15,20:19,20:24,True,F260009485
10025,E39,20:15,20:18,20:43,True,F260009484
10026,E13,20:11,20:14,20:26,True,F260009483
10027,L9,20:11,20:21,20:28,True,F260009482
10028,E21,19:59,20:02,20:14,True,F260009480
10029,E6,19:54,19:56,20:04,True,F260009479
10030,A25,19:51,,19:52,False,F260009477
10031,E25,19:44,19:46,19:58,True,F260009475
10032,L10,19:44,19:46,19:59,False,F260009475
10033,E18,19:40,19:43,20:04,True,F260009474
10034,A31,19:38,19:42,20:05,True,F260009472
10035,A4,19:37,19:41,19:43,True,F260009470
10036,E13,19:36,19:43,20:08,True,F260009471
10037,A5,19:27,19:30,19:52,True,F260009468
10038,E10,19:35,19:37,19:51,False,F260009468
10039,M1,19:27,19:32,20:10,False,F260009468
10040,A4,19:23,19:26,19:30,True,F260009466
10041,L5,19:21,19:30,19:48,True,F260009464
10042,E20,19:22,19:25,19:35,True,F260009465
10043,L8,19:22,19:27,19:29,False,F260009465
10044,E28,19:17,19:22,19:41,True,F260009463
10045,E17,19:12,19:14,19:18,True,F260009461
10046,E6,19:05,19:11,19:17,True,F260009459
10047,A4,19:01,19:13,19:19,True,F260009457
10048,E25,18:56,19:00,19:06,True,F260009456
10049,A25,18:51,18:55,19:09,True,F260009455
10050,E36,18:47,18:50,19:36,True,F260009453
10051,E31,18:45,18:49,19:12,True,F260009452
10052,E38,18:39,18:47,18:57,True,F260009450
10053,L8,18:39,18:45,18:49,True,F260009449
10054,E10,18:35,18:38,18:44,True,F260009448
10055,L1,18:35,18:38,18:44,False,F260009448
10056,A31,18:34,18:38,18:57,True,F260009447
10057,E31,18:31,,18:34,False,F260009447
10058,E18,18:27,18:31,18:55,True,F260009444
10059,E9,18:29,18:34,18:34,False,F260009444
10060,M17,18:29,18:38,18:39,False,F260009444
10061,E35,18:28,18:32,18:36,True,F260009445
10062,M18,18:28,,18:33,False,F260009445
10063,E6,18:29,18:31,18:36,True,F260009443
10064,A31,18:23,18:30,18:33,True,F260009442
10065,L3,18:12,18:19,18:38,True,F260009439
10066,E6,18:09,18:13,18:25,True,F260009437
10067,E9,18:07,18:13,18:20,True,F260009436
10068,E33,18:06,18:12,18:36,True,F260009433
10069,B2,18:01,18:06,18:10,False,F260009432
10070,E5,18:01,18:04,18:21,True,F260009432
10071,L1,18:01,18:05,18:15,False,F260009432
10072,E17,17:59,18:06,18:27,True,F260009431
10073,L9,17:59,18:04,18:10,True,F260009429
10074,E21,17:50,17:54,17:57,False,F260009425
10075,E35,17:58,18:04,18:16,True,F260009425
10076,A4,18:19,18:25,18:38,True,F260009423
10077,R1,17:51,17:55,18:24,True,F260009424
10078,A25,17:55,17:59,18:15,True,F260009422
10079,A14,17:45,17:50,18:02,True,F260009420
10080,E28,17:42,17:46,18:38,True,F260009419
10081,M28,17:57,18:03,19:43,False,F260009419
10082,E21,17:36,17:41,17:48,True,F260009418
10083,A10,17:34,17:39,18:18,False,F260009417
10084,E10,17:34,17:41,18:20,True,F260009417
10085,E2,17:34,17:43,18:22,False,F260009417
10086,E24,17:32,17:35,17:53,True,F260009416
10087,A14,17:31,,17:33,True,F260009415
10088,E27,17:31,17:35,17:49,True,F260009414
10089,L13,17:26,17:38,18:26,True,F260009413
10090,A5,17:23,,17:24,True,F260009411
10091,A2,17:25,17:30,17:45,True,F260009407
10092,A25,17:22,,17:25,False,F260009407
10093,E22,17:22,17:28,17:47,True,F260009410
10094,A2,17:17,17:21,17:23,True,F260009406
10095,E10,17:18,,17:23,False,F260009406
10096,M1,17:18,,17:23,False,F260009406
10097,H1,17:16,17:44,17:56,True,F260009405
10098,EVENT13,17:14,17:14,,True,F260009404
10099,PLEDG-EMS,17:14,17:14,,False,F260009404
10100,E2,17:13,17:17,17:24,True,F260009402
10101,L6,17:13,,17:21,False,F260009402
10102,E33,17:13,17:17,17:31,True,F260009403
10103,A4,17:25,17:29,17:39,True,F260009399
10104,E5,17:05,17:08,17:38,True,F260009397
10105,E8,17:02,,17:05,False,F260009397
10106,L1,17:00,17:03,17:28,True,F260009395
10107,E25,17:00,17:05,17:34,True,F260009394
10108,E17,16:57,17:12,17:36,True,F260009393
10109,E21,16:54,17:04,17:14,True,F260009392
10110,A4,16:53,16:59,17:23,False,F260009390
10111,E2,16:53,16:58,17:12,False,F260009390
10112,H99,16:59,17:01,17:35,False,F260009390
10113,M10,16:53,16:59,17:04,True,F260009390
10114,E30,16:54,17:00,17:02,False,F260009391
10115,L3,16:53,16:58,17:26,True,F260009391
10116,M17,16:54,,17:00,False,F260009391
10117,M28,16:59,17:03,17:34,False,F260009391
10118,E22,16:50,16:56,17:05,True,F260009388
10119,L4,16:50,16:58,17:00,False,F260009388
10120,A31,16:51,16:55,17:06,True,F260009387
10121,L10,16:49,16:53,17:19,True,F260009386
10122,L1,16:47,16:49,16:57,True,F260009384
10123,A5,16:44,17:02,17:15,True,F260009381
10124,E10,16:44,16:49,17:03,False,F260009381
10125,H99,16:47,16:51,16:59,False,F260009381
10126,M1,16:44,16:49,17:17,False,F260009381
10127,E28,16:42,16:44,16:49,True,F260009379
10128,A10,16:41,16:53,17:23,True,F260009378
10129,E40,16:41,16:48,17:41,True,F260009377
10130,R1,16:41,16:48,17:39,False,F260009377
10131,E36,16:37,16:41,16:58,True,F260009375
10132,E20,16:41,16:44,17:04,False,F260009374
10133,L10,16:36,,16:41,True,F260009374
10134,B2,16:36,16:41,16:45,False,F260009373
10135,E25,16:36,16:40,16:57,True,F260009373
10136,A2,16:36,16:46,17:08,True,F260009372
10137,E33,16:32,16:36,16:48,True,F260009371
10138,M26,16:32,,16:39,False,F260009371
10139,E9,16:30,16:38,16:57,True,F260009370
10140,E32,16:30,16:35,16:52,True,F260009369
10141,M32,16:30,16:36,16:39,False,F260009369
10142,E5,16:26,16:31,17:03,True,F260009368
10143,A25,16:23,16:27,17:10,True,F260009366
10144,E18,16:24,16:39,17:22,True,F260009367
10145,E22,16:15,16:27,16:43,False,F260009365
10146,M10,16:15,,16:28,True,F260009365
10147,E38,16:14,16:24,16:57,True,F260009364
10148,M18,16:14,,16:29,False,F260009364
10149,A2,16:10,16:16,16:27,True,F260009361
10150,H99,16:13,16:18,16:24,False,F260009361
10151,E41,16:08,16:14,16:49,True,F260009360
10152,A25,16:06,,16:11,False,F260009359
10153,A31,16:12,16:22,16:48,False,F260009359
10154,AIR10,16:06,16:30,17:32,False,F260009359
10155,B4,16:06,16:22,17:00,False,F260009359
10156,B6,16:06,16:22,18:09,False,F260009359
10157,DEP1,16:06,16:23,16:54,False,F260009359
10158,E16,16:06,16:26,18:07,False,F260009359
10159,E17,16:06,,16:10,False,F260009359
10160,E17,16:13,16:20,16:40,False,F260009359
10161,E21,16:06,16:16,16:48,False,F260009359
10162,E24,16:06,16:15,16:48,False,F260009359
10163,E35,16:09,16:21,17:07,False,F260009359
10164,E39,16:06,16:13,17:15,False,F260009359
10165,L10,16:06,,16:10,False,F260009359
10166,L5,16:06,16:12,18:09,False,F260009359
10167,L8,16:06,16:22,16:58,False,F260009359
10168,L9,16:08,16:15,17:08,False,F260009359
10169,M31,16:06,16:12,16:58,False,F260009359
10170,M44,16:06,16:21,16:56,False,F260009359
10171,MAR5,16:06,16:34,17:19,False,F260009359
10172,R1,16:13,16:28,16:39,False,F260009359
10173,REHAB1,16:06,,16:15,True,F260009359
10174,SAFT2,16:06,16:23,16:49,False,F260009359
10175,STAF10,16:06,16:34,16:57,False,F260009359
10176,E40,16:04,16:09,16:34,True,F260009358
10177,A14,15:59,,16:10,False,F260009357
10178,A5,16:11,,16:31,False,F260009357
10179,E27,15:59,16:12,16:38,True,F260009357
10180,E28,15:59,16:08,16:42,False,F260009357
10181,M28,15:59,16:10,16:58,False,F260009357
10182,A2,15:59,,16:00,False,F260009356
10183,A4,16:00,16:04,16:17,True,F260009356
10184,A5,17:24,17:29,18:10,True,F260009355
10185,M10,17:36,17:44,18:08,False,F260009355
10186,H2,15:55,15:55,16:56,True,F260009353
10187,E10,15:53,15:57,16:08,True,F260009352
10188,E5,15:51,,15:53,False,F260009352
10189,R1,15:51,15:57,16:06,False,F260009352
10190,A31,15:51,15:56,16:12,True,F260009351
10191,E8,15:50,15:54,16:07,True,F260009350
10192,E36,15:49,15:52,16:10,True,F260009348
10193,E16,15:41,15:44,16:02,False,F260009347
10194,E17,15:41,,15:43,False,F260009347
10195,M17,15:41,15:47,16:36,True,F260009347
10196,A31,15:35,15:39,15:49,True,F260009345
10197,E20,15:40,,15:41,False,F260009345
10198,E32,15:25,15:32,15:40,True,F260009343
10199,E30,15:24,15:26,15:29,True,F260009342
10200,A31,15:24,15:29,15:32,True,F260009341
10201,A4,15:19,15:22,15:33,True,F260009339
10202,E37,14:52,14:55,15:22,True,F260009334
10203,L3,14:53,14:56,15:23,True,F260009333
10204,H1,14:45,14:46,15:04,True,F260009331
10205,E10,14:38,14:40,15:03,False,F260009327
10206,E5,14:38,14:41,14:45,False,F260009327
10207,H99,14:42,14:44,15:21,False,F260009327
10208,M17,14:38,,14:45,True,F260009327
10209,E2,14:36,14:41,14:54,True,F260009325
10210,L4,14:36,,14:40,False,F260009325
10211,A4,14:33,14:38,15:17,True,F260009323
10212,E18,14:26,14:29,14:39,True,F260009321
10213,E27,14:18,14:20,14:34,True,F260009320
10214,A31,14:17,14:22,14:52,True,F260009319
10215,M31,14:18,14:24,14:41,False,F260009319
10216,A5,14:15,14:19,14:35,True,F260009318
10217,E37,14:13,14:18,14:50,False,F260009317
10218,M32,14:13,14:20,15:29,True,F260009317
10219,H1,14:07,14:26,14:43,True,F260009315
10220,E32,14:05,14:08,14:25,True,F260009314
10221,E36,14:03,14:08,14:18,True,F260009313
10222,L11,14:03,14:08,14:15,False,F260009313
10223,A10,14:02,14:06,14:56,False,F260009312
10224,M1,14:02,14:08,15:02,True,F260009312
10225,A25,13:54,13:56,14:18,True,F260009310
10226,E36,13:49,13:53,13:57,True,F260009309
10227,E11,13:43,13:48,13:51,True,F260009307
10228,E28,13:25,13:29,14:01,True,F260009304
10229,M28,13:25,13:32,14:46,False,F260009304
10230,A2,13:27,13:32,13:51,True,F260009305
10231,E6,13:17,13:20,13:25,True,F260009301
10232,L1,13:17,,13:21,False,F260009301
10233,E29,13:15,13:18,13:40,True,F260009300
10234,E32,13:10,13:13,13:35,True,F260009299
10235,H99,13:23,13:31,13:48,False,F260009299
10236,E13,13:07,,13:09,False,F260009298
10237,E30,13:09,13:11,13:40,True,F260009298
10238,H1,13:03,13:09,14:00,True,F260009296
10239,E39,12:59,13:04,13:25,True,F260009294
10240,E30,13:00,13:04,13:08,True,F260009295
10241,E22,12:51,13:10,13:15,True,F260009292
10242,L10,12:39,12:42,13:53,True,F260009289
10243,L3,12:55,12:58,13:39,False,F260009289
10244,E34,12:37,12:37,13:19,True,F260009287
10245,H2,12:46,13:10,14:28,False,F260009287
10246,MIH,12:38,,12:38,False,F260009287
10247,A4,12:39,12:53,13:02,False,F260009286
10248,L4,12:37,,12:39,True,F260009286
10249,E41,12:35,12:38,12:56,True,F260009285
10250,B6,12:47,12:56,13:04,False,F260009284
10251,E40,12:33,12:39,12:50,True,F260009284
10252,L9,12:33,12:41,13:04,False,F260009284
10253,A25,12:29,,12:41,False,F260009283
10254,E16,12:29,12:36,13:01,True,F260009283
10255,E31,12:29,12:37,13:02,False,F260009283
10256,A5,12:27,12:30,12:46,True,F260009282
10257,H99,12:36,12:37,12:45,False,F260009282
10258,E35,12:29,12:34,12:54,True,F260009281
10259,A25,12:42,12:49,13:44,False,F260009280
10260,E17,12:26,12:31,12:53,True,F260009280
10261,E39,12:26,12:27,12:38,True,F260009277
10262,E40,12:21,,12:26,False,F260009277
10263,B4,12:18,,12:27,False,F260009276
10264,E20,12:18,12:22,12:28,True,F260009276
10265,L8,12:18,,12:26,False,F260009276
10266,A31,12:14,12:25,13:26,False,F260009274
10267,E38,12:04,12:08,12:30,True,F260009274
10268,H1,11:56,12:12,13:02,True,F260009273
10269,E39,11:56,11:59,12:25,True,F260009272
10270,E25,11:55,11:57,12:19,True,F260009271
10271,M10,11:55,,12:03,False,F260009271
10272,E17,11:43,11:45,12:09,True,F260009267
10273,M17,11:43,11:51,12:25,False,F260009267
10274,A25,11:45,11:47,12:21,False,F260009268
10275,E25,11:43,,11:46,False,F260009268
10276,FAC1,12:37,12:37,12:48,False,F260009268
10277,H2,14:30,14:33,15:25,True,F260009268
10278,MIH,12:13,,12:37,False,F260009268
10279,E2,11:41,11:45,11:53,True,F260009266
10280,L10,11:41,11:45,11:51,False,F260009266
10281,B5,11:28,11:35,11:39,False,F260009263
10282,E13,11:28,11:32,11:42,True,F260009263
10283,L1,11:28,11:35,11:42,False,F260009263
10284,E29,11:30,,11:34,True,F260009262
10285,E29,11:18,11:24,11:27,False,F260009260
10286,E36,11:18,11:22,11:59,False,F260009260
10287,M1,11:18,,11:29,True,F260009260
10288,E24,11:16,11:21,11:27,True,F260009259
10289,L10,11:16,,11:18,False,F260009259
10290,L9,11:18,11:25,11:25,False,F260009259
10291,A25,11:11,11:15,11:45,False,F260009258
10292,M10,11:11,11:44,11:45,True,F260009258
10293,E40,11:10,11:15,11:21,True,F260009256
10294,L9,11:10,,11:17,False,F260009256
10295,L6,11:10,11:22,11:27,True,F260009255
10296,E18,11:20,11:24,12:41,False,F260009253
10297,E41,11:04,11:12,11:53,True,F260009253
10298,M18,11:16,11:22,13:15,False,F260009253
10299,A31,11:05,11:08,11:17,False,F260009254
10300,E31,11:04,,11:05,True,F260009254
10301,L6,11:03,,11:04,False,F260009254
10302,A10,11:01,11:03,11:19,True,F260009251
10303,L11,10:58,11:02,11:33,False,F260009250
10304,M32,10:58,11:08,13:06,True,F260009250
10305,E27,10:53,10:57,11:20,False,F260009249
10306,M26,10:53,11:00,12:10,True,F260009249
10307,E31,10:48,10:52,11:03,True,F260009248
10308,L6,10:48,10:55,10:57,False,F260009248
10309,L1,10:38,10:47,11:08,True,F260009243
10310,L4,10:34,,10:38,False,F260009243
10311,R1,10:58,,11:01,False,F260009243
10312,E36,10:32,10:38,11:15,True,F260009241
10313,E8,10:30,10:36,11:03,True,F260009240
10314,M17,10:41,10:44,11:24,False,F260009240
10315,A4,10:19,10:22,10:39,True,F260009237
10316,L11,10:16,10:18,10:49,True,F260009236
10317,L3,10:14,10:21,10:40,True,F260009234
10318,L13,10:09,10:12,10:44,True,F260009233
10319,L3,10:08,10:08,10:12,True,F260009232
10320,E26,10:06,10:10,10:27,True,F260009229
10321,E16,10:03,,10:04,False,F260009228
10322,E17,10:04,10:08,10:28,True,F260009228
10323,E18,10:01,10:08,10:31,False,F260009226
10324,M31,10:01,10:12,11:14,True,F260009226
10325,A10,10:03,10:08,10:32,True,F260009227
10326,L3,09:59,09:59,10:08,True,F260009225
10327,E24,09:57,10:00,10:12,True,F260009224
10328,L10,10:06,10:12,10:23,True,F260009220
10329,L9,09:51,,09:53,False,F260009220
10330,E25,09:50,09:51,10:16,True,F260009219
10331,E8,09:47,09:50,10:07,True,F260009218
10332,L10,09:46,09:47,10:04,True,F260009217
10333,L9,09:45,,09:46,False,F260009217
10334,L1,09:43,09:53,10:37,True,F260009216
10335,E10,09:40,09:44,10:03,True,F260009215
10336,L3,09:37,09:45,09:57,True,F260009214
10337,E25,09:36,09:39,09:45,True,F260009213
10338,L10,09:36,09:39,09:45,False,F260009213
10339,A31,09:28,09:36,09:39,True,F260009210
10340,E38,09:25,09:30,09:59,True,F260009208
10341,L1,09:15,09:21,09:24,True,F260009205
10342,A5,09:16,09:17,09:41,False,F260009204
10343,M1,09:16,09:21,09:55,True,F260009204
10344,A2,09:11,,09:12,False,F260009201
10345,A4,09:12,09:18,10:08,True,F260009201
10346,MIH,09:25,,09:27,False,F260009201
10347,E2,09:14,09:22,09:29,True,F260009199
10348,L11,09:08,09:22,09:32,True,F260009200
10349,A10,09:05,09:07,09:15,True,F260009197
10350,E20,09:01,09:03,09:22,True,F260009196
10351,A31,08:59,09:04,09:18,True,F260009193
10352,A5,08:59,,09:08,False,F260009195
10353,E32,08:59,09:09,09:39,False,F260009195
10354,E36,08:59,09:07,09:50,True,F260009195
10355,E18,08:54,08:58,09:01,True,F260009192
10356,E24,08:54,08:57,09:15,True,F260009191
10357,E9,08:50,08:53,08:57,True,F260009189
10358,E2,08:44,08:48,09:05,True,F260009188
10359,L1,08:44,08:49,09:05,False,F260009188
10360,A2,08:32,08:35,08:43,True,F260009186
10361,E21,08:28,08:32,08:44,True,F260009185
10362,E6,08:25,08:29,08:53,True,F260009183
10363,E33,08:11,08:17,08:57,True,F260009180
10364,M28,08:25,08:35,09:46,False,F260009180
10365,E31,08:08,08:13,08:22,True,F260009179
10366,E8,08:02,08:07,08:09,True,F260009177
10367,A2,07:58,08:04,08:16,True,F260009176
10368,E22,07:53,08:10,08:11,True,F260009174
10369,E13,07:48,07:54,08:01,True,F260009173
10370,E17,07:43,07:45,07:51,True,F260009172
10371,E5,07:30,07:34,07:50,True,F260009170
10372,L1,07:30,07:33,07:46,False,F260009170
10373,E38,07:16,07:19,07:21,True,F260009165
10374,E10,07:16,07:20,07:31,True,F260009166
10375,L1,07:16,07:20,07:30,False,F260009166
10376,E18,07:02,,07:05,True,F260009156
10377,L1,06:51,06:57,07:01,True,F260009154
10378,A25,06:51,06:58,07:22,True,F260009153
10379,E27,06:35,06:40,06:47,True,F260009150
10380,R1,06:35,,06:41,False,F260009150
10381,E37,06:35,06:40,06:52,True,F260009149
10382,L13,06:35,06:41,06:54,False,F260009149
10383,E10,06:29,06:36,07:03,True,F260009147
10384,E41,06:28,06:33,06:38,True,F260009146
10385,A10,06:13,06:17,06:33,True,F260009143
10386,E18,06:12,06:18,06:30,True,F260009145
10387,A5,05:48,05:58,06:15,True,F260009139
10388,E26,05:44,05:49,06:05,True,F260009138
10389,M26,05:45,05:52,06:21,False,F260009138
10390,A2,05:37,05:42,06:06,True,F260009135
10391,E10,05:36,05:46,05:49,True,F260009134
10392,E6,05:34,05:37,06:09,True,F260009133
10393,L3,05:34,05:37,05:48,False,F260009133
10394,A25,05:34,05:37,05:50,True,F260009132
10395,E17,05:31,05:40,05:56,True,F260009131
10396,M17,05:32,05:42,07:30,False,F260009131
10397,E24,05:24,05:27,05:37,True,F260009126
10398,E29,05:17,05:19,05:34,True,F260009125
10399,E5,06:13,06:18,06:33,False,F260009124
10400,M10,06:13,06:24,07:09,True,F260009124
10401,E38,05:06,05:11,05:46,True,F260009122
10402,E10,05:03,05:13,05:23,True,F260009120
10403,E6,05:03,,05:05,True,F260009121
10404,E34,05:00,05:04,05:54,True,F260009119
10405,E2,04:57,05:02,05:04,True,F260009117
10406,E25,04:55,04:59,05:15,True,F260009116
10407,L10,04:55,05:00,05:16,False,F260009116
10408,E8,04:49,04:55,05:22,True,F260009114
10409,E32,04:34,04:39,05:01,True,F260009112
10410,E18,03:56,04:00,04:22,True,F260009109
10411,E28,03:44,03:48,04:09,True,F260009106
10412,E37,03:39,03:47,04:04,True,F260009105
10413,E18,03:36,03:43,03:48,True,F260009104
10414,L10,03:14,03:20,03:35,True,F260009101
10415,E2,03:19,03:25,03:48,True,F260009098
10416,E26,02:52,02:57,03:24,True,F260009097
10417,E6,02:50,02:54,03:07,True,F260009096
10418,A10,02:39,02:43,02:52,True,F260009095
10419,E5,02:36,02:41,02:44,True,F260009094
10420,E10,02:19,02:27,02:33,True,F260009090
10421,E6,01:52,01:56,02:06,True,F260009087
10422,E40,01:39,01:44,02:04,True,B260009086
10423,A5,01:30,01:32,01:55,True,F260009085
10424,E2,01:05,01:10,01:38,True,F260009081
10425,L4,01:05,01:11,01:28,False,F260009081
10426,A2,01:04,01:07,01:20,True,F260009080
10427,E38,01:01,01:06,01:28,False,F260009079
10428,M17,01:01,01:11,01:42,True,F260009079
10429,A5,00:55,01:04,01:30,True,F260009078
10430,L3,00:49,01:02,01:15,True,F260009076
10431,E6,00:41,00:45,01:01,True,F260009075
10432,M1,00:41,,00:49,False,F260009075
10433,A14,00:39,,00:50,True,F260009074
10434,E27,00:39,00:50,00:54,False,F260009074
10435,E33,00:39,00:46,01:01,False,F260009074
10436,E20,00:21,00:31,01:23,True,F260009072
10437,E10,00:20,00:25,00:33,True,F260009073
10438,L9,00:03,00:06,00:21,True,F260009069
10439,E17,00:01,00:06,00:08,True,F260009068
10440,E2,23:43,23:49,00:19,True,F260009066
10441,A2,23:41,23:44,00:04,True,F260009064
10442,A25,23:33,23:38,23:50,True,F260009062
10443,E20,23:30,23:35,23:54,True,F260009061
10444,L8,23:30,23:38,23:49,False,F260009061
10445,E24,23:28,23:32,23:45,True,F260009060
10446,A2,23:15,23:18,23:33,True,F260009057
10447,R1,23:00,23:05,23:08,True,F260009055
10448,E24,23:00,23:03,23:23,True,F260009054
10449,E28,22:56,23:01,23:09,True,F260009053
10450,E32,22:49,22:54,23:13,True,F260009052
10451,E28,22:45,,22:46,False,F260009050
10452,E33,22:46,22:49,23:22,True,F260009050
10453,M26,22:45,22:56,23:35,False,F260009050
10454,E39,22:41,22:47,22:49,True,F260009049
10455,L10,22:32,,22:42,False,F260009047
10456,L9,22:42,22:48,22:53,True,F260009047
10457,L9,22:28,22:35,22:42,True,F260009046
10458,A25,22:27,22:31,22:53,True,F260009045
10459,E29,22:17,22:21,22:37,True,F260009044
10460,M32,22:17,22:24,22:49,False,F260009044
10461,E33,22:13,22:17,22:45,True,F260009042
10462,M28,22:24,22:31,23:22,False,F260009042
10463,A2,22:05,22:07,22:29,True,F260009040
10464,E21,22:05,22:09,22:15,True,F260009039
10465,L4,21:57,22:01,22:09,True,F260009037
10466,E2,21:56,21:59,22:03,True,F260009036
10467,L4,21:54,,21:56,False,F260009036
10468,A10,21:53,21:58,22:35,True,F260009035
10469,E39,21:49,21:58,22:15,True,F260009033
10470,E5,21:42,,21:44,True,F260009032
10471,L1,21:42,,21:43,False,F260009032
10472,E2,21:41,21:45,21:54,True,F260009031
10473,L4,21:41,21:45,21:52,False,F260009031
10474,L5,21:35,21:53,22:09,True,F260009030
10475,E30,21:32,21:35,22:01,True,F260009028
10476,E17,21:30,21:37,21:55,True,F260009027
10477,E6,21:26,21:27,21:57,True,F260009023
10478,A2,21:16,21:20,22:03,True,F260009018
10479,M10,21:28,21:37,22:07,False,F260009018
10480,E6,21:15,21:22,21:25,True,F260009019
10481,B6,21:15,21:25,21:49,False,F260009020
10482,E38,21:15,21:23,23:06,True,F260009020
10483,E40,21:15,21:23,22:26,False,F260009020
10484,L9,21:15,21:25,21:49,False,F260009020
10485,E13,21:13,21:17,21:21,True,F260009016
10486,E17,21:16,,21:16,True,F260009017
10487,E39,20:50,20:54,21:00,True,F260009014
10488,L8,20:47,20:57,21:04,True,F260009013
10489,E18,20:47,20:49,21:06,True,F260009012
10490,A5,20:37,20:39,21:28,True,F260009008
10491,M1,20:52,20:58,22:14,False,F260009008
10492,E24,20:24,20:28,20:30,True,F260009004
10493,A10,20:13,,20:14,False,F260009000
10494,M1,20:13,,20:14,True,F260009000
10495,B6,20:13,20:20,20:27,False,F260009001
10496,E17,20:17,20:19,20:46,True,F260009001
10497,E38,20:13,,20:17,False,F260009001
10498,L9,20:13,20:19,20:46,False,F260009001
10499,E9,20:12,20:16,20:19,True,F260008999
10500,E17,20:01,20:05,20:15,True,F260008998
10501,A4,19:51,19:55,20:08,True,F260008996
10502,E25,19:41,19:45,19:49,True,F260008994
10503,A5,19:33,19:35,19:47,True,F260008993
10504,E32,19:30,19:36,20:04,False,F260008991
10505,M32,19:30,19:36,20:09,True,F260008991
10506,A4,19:20,19:23,19:25,False,F260008989
10507,E5,19:20,19:23,19:34,False,F260008989
10508,M10,19:20,,19:26,True,F260008989
10509,E11,19:20,19:23,19:50,True,F260008987
10510,E21,19:16,19:22,19:41,True,F260008986
10511,E35,19:11,19:16,19:20,True,F260008982
10512,E33,19:01,19:05,19:39,True,F260008981
10513,E16,19:00,19:04,19:18,True,F260008980
10514,A10,18:50,18:56,19:33,True,F260008979
10515,E8,18:46,18:52,19:03,True,F260008978
10516,L1,18:37,18:40,19:10,True,F260008976
10517,A25,18:34,18:39,19:10,True,F260008975
10518,E28,18:24,18:28,18:32,True,F260008971
10519,E5,18:18,18:27,18:30,True,F260008970
10520,E31,18:16,18:23,18:30,True,F260008968
10521,E25,18:16,18:19,18:21,True,F260008967
10522,E25,18:06,18:11,18:13,True,F260008963
10523,A31,17:59,18:04,18:39,True,F260008961
10524,E33,17:59,18:01,18:21,True,F260008958
10525,A4,17:18,17:22,18:01,False,F260008953
10526,M1,17:18,17:25,18:37,True,F260008953
10527,E35,16:59,17:03,17:24,True,F260008950
10528,A5,16:57,17:00,17:16,True,F260008949
10529,E25,16:53,16:57,17:04,True,F260008948
10530,L10,16:53,16:58,17:04,False,F260008948
10531,E24,16:53,16:55,17:11,False,F260008947
10532,M31,16:53,,16:59,True,F260008947
10533,E39,16:50,16:54,17:18,True,F260008945
10534,E28,17:01,17:04,17:20,True,F260008944
10535,B2,16:47,,16:52,False,F260008943
10536,E2,16:47,16:51,17:19,True,F260008943
10537,L4,16:47,16:50,16:57,False,F260008943
10538,E13,16:38,16:43,16:43,True,F260008937
10539,E2,16:38,,16:39,False,F260008936
10540,L4,16:37,,16:38,False,F260008936
10541,L4,16:39,16:44,16:44,True,F260008936
10542,E24,16:33,16:37,16:50,True,F260008934
10543,E32,16:30,16:37,17:11,False,F260008933
10544,L11,16:30,16:34,17:11,True,F260008933
10545,M32,16:30,16:34,17:25,False,F260008933
10546,E30,16:31,16:34,16:36,True,F260008932
10547,A25,16:24,16:30,17:08,True,F260008931
10548,E28,16:20,16:24,16:52,True,F260008930
10549,M28,16:31,16:40,17:52,False,F260008930
10550,A14,16:14,,16:17,True,F260008927
10551,B2,16:14,,16:20,False,F260008927
10552,B4,16:14,,16:20,False,F260008927
10553,E5,16:14,16:19,16:25,False,F260008927
10554,E8,16:14,,16:21,False,F260008927
10555,L4,16:14,16:19,16:26,False,F260008927
10556,M10,16:14,,16:21,False,F260008927
10557,M44,16:14,,16:20,False,F260008927
10558,R1,16:14,,16:21,False,F260008927
10559,SAFT2,16:14,,16:21,False,F260008927
10560,E6,16:11,16:14,16:30,True,F260008925
10561,E26,16:11,,16:15,False,F260008926
10562,E27,16:15,16:15,16:30,True,F260008926
10563,E27,16:10,16:14,16:15,True,F260008923
10564,E38,16:06,,16:10,False,F260008921
10565,E41,16:05,16:12,16:27,True,F260008920
10566,L8,16:05,16:12,16:25,False,F260008920
10567,E13,16:04,16:08,16:18,True,F260008919
10568,A25,15:56,16:01,16:22,False,F260008918
10569,M1,15:56,16:01,16:37,True,F260008918
10570,E18,15:49,15:55,15:55,True,F260008917
10571,E29,15:46,15:52,16:14,True,F260008915
10572,E36,15:45,15:50,16:02,True,F260008916
10573,L11,15:45,15:51,16:08,False,F260008916
10574,E31,15:44,15:47,16:05,True,F260008914
10575,E8,15:38,15:51,15:55,True,F260008913
10576,E18,15:34,15:36,15:44,True,F260008912
10577,E35,15:33,,15:34,False,F260008912
10578,L6,15:33,,15:41,False,F260008912
10579,E25,15:33,15:45,15:48,True,F260008911
10580,L8,15:26,15:39,15:41,True,F260008910
10581,E18,15:22,,15:28,False,F260008907
10582,E21,15:28,15:29,15:42,True,F260008907
10583,A31,15:19,15:25,15:46,True,F260008906
10584,E36,15:18,15:23,15:43,True,F260008905
10585,M32,15:19,15:27,16:05,False,F260008905
10586,E18,15:28,,15:28,True,F260008904
10587,E21,15:18,15:21,15:28,False,F260008904
10588,L8,15:11,15:15,15:19,True,F260008902
10589,L3,15:10,15:17,15:22,True,F260008903
10590,E24,15:07,15:13,15:29,True,F260008901
10591,E28,15:00,15:09,15:34,False,F260008900
10592,M28,15:00,15:13,15:38,True,F260008900
10593,E18,14:58,15:04,15:17,True,F260008899
10594,A4,14:47,14:50,14:54,True,F260008896
10595,E5,14:47,,14:53,False,F260008896
10596,M10,14:47,,14:53,False,F260008896
10597,E24,14:41,14:45,14:54,True,F260008894
10598,L5,14:41,14:47,14:54,False,F260008894
10599,E25,14:32,14:34,14:41,True,F260008892
10600,L10,14:32,14:35,14:42,False,F260008892
10601,A4,14:33,14:39,14:46,True,F260008891
10602,E37,14:28,14:35,14:43,True,F260008890
10603,A25,14:24,14:28,14:48,True,F260008889
10604,E36,14:16,14:21,14:47,True,F260008888
10605,L3,14:13,14:27,14:32,True,F260008887
10606,E20,14:12,14:21,14:34,True,F260008886
10607,E21,14:02,14:06,14:23,True,F260008883
10608,E13,13:58,14:02,14:51,False,F260008881
10609,E30,13:58,14:01,14:38,False,F260008881
10610,M28,13:58,14:06,14:55,True,F260008881
10611,A10,13:51,13:55,14:19,True,F260008878
10612,E6,13:47,13:49,14:26,False,F260008877
10613,M1,13:47,13:55,15:07,True,F260008877
10614,E25,13:46,13:47,14:03,True,F260008876
10615,E28,13:46,13:52,14:03,True,F260008874
10616,A4,13:37,13:40,14:25,False,F260008873
10617,E2,13:37,13:40,14:29,False,F260008873
10618,M10,13:37,13:46,14:35,True,F260008873
10619,E38,13:28,13:32,14:04,False,F260008872
10620,M17,13:28,13:33,14:20,True,F260008872
10621,E25,13:16,13:20,13:37,True,F260008869
10622,L1,13:16,13:21,13:32,False,F260008869
10623,E25,13:07,13:12,13:16,True,F260008867
10624,L10,13:07,13:12,13:16,False,F260008867
10625,A25,13:08,13:14,13:22,True,F260008866
10626,A5,12:52,12:55,13:06,True,F260008863
10627,E10,12:41,12:46,13:45,True,F260008860
10628,E5,12:37,12:37,12:54,True,F260008859
10629,E39,12:24,12:30,12:52,True,F260008857
10630,E30,12:22,12:25,12:53,True,F260008856
10631,E28,11:45,11:49,12:15,True,F260008849
10632,E31,11:46,11:55,12:01,True,F260008850
10633,E11,11:43,11:47,12:15,True,F260008848
10634,E6,11:37,11:41,12:15,True,F260008844
10635,M1,11:55,11:58,12:40,False,F260008844
10636,EVENT13,11:40,11:40,,False,F260008845
10637,PLEDG-EMS,11:40,11:40,,True,F260008845
10638,E32,11:34,,11:34,True,F260008843
10639,E29,11:33,11:40,12:00,True,F260008841
10640,A25,11:58,12:02,12:38,True,F260008840
10641,E2,11:20,11:24,11:35,True,F260008837
10642,L10,11:20,,11:21,False,F260008837
10643,L4,11:21,,11:27,False,F260008837
10644,E13,11:18,11:24,11:30,True,F260008834
10645,L1,11:15,,11:18,False,F260008834
10646,E39,11:13,11:17,11:40,True,F260008832
10647,E40,11:12,11:14,11:29,True,F260008830
10648,E30,11:09,11:15,11:26,True,F260008829
10649,L9,11:07,11:10,11:11,True,F260008828
10650,L1,10:58,,11:06,True,F260008825
10651,A31,11:07,11:17,12:07,False,F260008824
10652,E17,10:59,11:01,11:29,True,F260008824
10653,E17,10:52,10:55,10:58,True,F260008823
10654,L9,10:52,10:55,10:59,False,F260008823
10655,E28,10:48,10:51,11:12,True,F260008821
10656,E32,10:44,10:53,11:03,True,F260008820
10657,E6,10:39,10:42,10:50,True,F260008818
10658,E11,10:38,10:41,10:55,True,F260008817
10659,A2,10:40,10:45,11:02,True,F260008819
10660,E39,10:29,10:32,10:46,True,F260008814
10661,E6,10:26,10:32,10:38,True,F260008811
10662,E5,10:24,10:29,10:36,True,F260008810
10663,E30,10:13,10:16,10:43,True,F260008808
10664,E29,09:58,10:04,10:30,True,F260008806
10665,E6,09:54,09:59,10:01,True,F260008805
10666,L1,09:41,09:57,09:58,True,F260008798
10667,E25,09:36,09:40,09:53,True,F260008797
10668,L10,09:36,09:42,09:55,False,F260008797
10669,A25,09:34,09:43,10:18,True,F260008796
10670,E28,09:28,,09:34,False,F260008789
10671,E33,09:28,09:33,10:01,False,F260008789
10672,M28,09:28,09:39,10:10,True,F260008789
10673,A14,09:28,09:40,10:09,False,F260008790
10674,E32,09:28,09:35,09:57,False,F260008790
10675,E36,09:28,09:33,10:09,True,F260008790
10676,E34,09:27,09:30,10:19,True,F260008787
10677,A4,09:20,09:22,09:48,True,F260008785
10678,E28,09:10,09:15,09:18,False,F260008783
10679,E32,09:18,09:26,09:26,True,F260008783
10680,L3,09:01,09:10,09:13,True,F260008780
10681,E29,08:48,08:54,09:10,True,F260008779
10682,A2,08:44,08:48,09:23,True,F260008777
10683,M10,08:45,,08:53,False,F260008777
10684,A10,08:40,08:43,09:09,True,F260008776
10685,E25,08:40,08:45,08:54,True,F260008775
10686,E8,08:39,08:44,08:49,True,F260008774
10687,E39,08:31,08:37,08:58,True,F260008772
10688,E17,08:31,08:34,08:54,True,F260008771
10689,E31,08:29,08:33,08:55,True,F260008769
10690,M31,08:29,08:34,08:42,False,F260008769
10691,E33,08:15,08:18,08:43,True,F260008766
10692,E35,08:17,08:22,08:37,True,F260008764
10693,E21,08:10,08:14,08:21,True,F260008762
10694,A10,08:08,08:10,08:26,True,F260008761
10695,E37,08:06,08:15,08:28,True,F260008760
10696,E24,07:50,07:54,08:13,True,F260008758
10697,L9,07:50,,07:59,False,F260008758
10698,E37,09:51,,09:53,False,F260008757
10699,L13,09:53,09:59,10:19,True,F260008757
10700,E18,07:44,07:49,07:56,True,F260008756
10701,E32,07:39,07:43,08:02,True,F260008753
10702,A5,07:35,07:39,07:57,True,F260008752
10703,E40,07:30,07:36,07:55,False,F260008751
10704,M31,07:30,07:39,07:51,True,F260008751
10705,E39,07:26,07:38,08:05,True,F260008749
10706,L5,07:26,07:38,08:05,False,F260008749
10707,E28,07:03,,07:06,False,F260008744
10708,E33,07:03,07:07,07:28,False,F260008744
10709,M28,07:03,,07:06,True,F260008744
10710,A2,06:59,07:03,07:27,True,F260008742
10711,E2,06:59,07:04,07:09,False,F260008742
10712,M1,06:59,07:08,07:09,False,F260008742
10713,L5,07:04,07:09,07:14,True,F260008740
10714,E11,06:47,06:53,07:03,True,F260008739
10715,L13,06:47,06:53,07:06,False,F260008739
10716,E28,06:29,06:35,06:54,True,F260008735
10717,E37,06:22,06:28,06:59,True,F260008732
10718,E30,06:14,06:19,06:56,True,F260008727
10719,M10,06:15,06:24,07:42,False,F260008727
10720,E9,06:14,06:21,06:24,True,F260008726
10721,E6,05:43,05:48,05:51,True,F260008721
10722,E24,05:43,05:51,06:11,True,F260008720
10723,A25,05:41,05:49,06:07,True,F260008719
10724,E8,05:40,05:48,06:01,True,F260008718
10725,L11,05:37,05:42,05:47,True,F260008717
10726,E32,05:25,05:30,05:40,True,F260008716
10727,A10,05:23,05:27,05:56,True,F260008715
10728,E28,05:19,05:23,05:44,True,F260008714
10729,E18,06:14,,06:17,True,F260008713
10730,L8,06:15,,06:17,False,F260008713
10731,L1,05:01,05:08,05:14,True,F260008712
10732,A2,04:59,,05:13,False,F260008711
10733,A25,05:13,05:22,05:40,True,F260008711
10734,E22,04:43,04:49,05:04,True,F260008707
10735,E32,04:40,04:45,04:48,True,F260008706
10736,E18,04:30,04:34,04:42,True,F260008705
10737,FIREBOAT,04:30,,04:32,False,F260008705
10738,L8,04:30,04:35,04:43,False,F260008705
10739,E35,04:00,04:04,04:36,True,F260008703
10740,E2,03:53,03:56,04:11,True,F260008701
10741,A5,03:48,03:54,04:27,True,F260008700
10742,E2,03:41,03:49,03:50,True,F260008698
10743,A2,03:36,03:42,03:57,True,F260008697
10744,E10,03:28,03:32,03:33,True,F260008696
10745,E18,03:07,03:11,03:27,True,F260008695
10746,E11,02:58,03:02,03:33,True,F260008694
10747,M26,02:59,03:10,04:10,False,F260008694
10748,A2,03:03,03:09,03:22,True,F260008693
10749,E24,02:33,02:36,03:00,True,F260008691
10750,E9,02:10,02:14,02:27,True,F260008689
10751,A10,02:08,02:16,02:38,True,F260008687
10752,E33,02:07,02:12,02:40,False,F260008686
10753,M28,02:07,02:15,02:46,True,F260008686
10754,E2,01:50,01:55,02:11,True,F260008683
10755,E29,02:09,02:15,02:49,True,F260008682
10756,A2,01:31,01:43,02:14,True,F260008678
10757,E17,01:23,01:27,01:44,True,F260008677
10758,E17,01:13,01:16,01:22,True,F260008674
10759,A5,01:11,01:16,01:25,True,F260008673
10760,E27,01:11,01:15,01:29,True,F260008672
10761,E21,00:59,01:04,01:25,True,F260008670
10762,M17,01:00,01:09,01:31,False,F260008670
10763,E31,00:51,00:54,01:21,False,F260008666
10764,M31,00:51,00:56,02:28,True,F260008666
10765,E25,00:39,00:43,01:01,True,F260008663
10766,E30,00:32,00:39,01:10,True,F260008662
10767,M1,00:42,00:51,01:16,False,F260008662
10768,E9,00:10,00:15,00:46,False,F260008660
10769,M18,00:10,00:23,01:22,True,F260008660
10770,E25,00:10,00:15,00:29,True,F260008659
10771,A25,00:01,00:06,00:23,True,F260008657
10772,E6,23:44,23:47,23:57,True,F260008655
10773,E22,23:44,23:47,00:02,True,F260008654
10774,E31,23:27,23:30,23:33,True,F260008653
10775,A10,23:25,23:30,23:51,True,F260008651
10776,A25,23:18,23:23,23:44,True,F260008650
10777,E39,23:17,23:20,23:43,False,F260008649
10778,M31,23:17,23:24,23:54,True,F260008649
10779,E2,23:15,23:19,23:33,True,F260008648
10780,L4,23:15,23:21,23:21,False,F260008648
10781,E24,23:00,23:04,23:26,True,F260008643
10782,E13,22:59,23:06,23:14,True,F260008642
10783,L3,22:55,22:59,23:02,True,F260008640
10784,E31,22:54,23:05,23:11,True,F260008639
10785,E17,22:49,22:54,23:02,True,F260008638
10786,E38,22:43,22:48,23:02,True,F260008637
10787,E6,22:32,22:35,23:11,False,F260008636
10788,M10,22:32,22:39,23:20,True,F260008636
10789,A25,22:17,22:22,22:53,False,F260008630
10790,M1,22:17,22:25,22:44,True,F260008630
10791,E32,22:16,22:19,22:36,False,F260008629
10792,M32,22:16,22:20,22:50,True,F260008629
10793,E21,22:10,22:14,22:28,True,F260008625
10794,A2,22:20,22:26,22:40,True,F260008627
10795,E8,22:11,22:16,22:19,True,F260008626
10796,L1,22:07,22:13,22:39,True,F260008624
10797,E40,22:02,22:07,22:12,True,F260008623
10798,E33,21:54,21:57,22:50,True,F260008619
10799,M28,22:12,22:18,23:35,False,F260008619
10800,A25,21:47,21:51,22:01,True,F260008616
10801,E31,21:43,21:49,22:53,False,F260008615
10802,E39,21:41,21:45,23:10,True,F260008615
10803,M17,21:43,21:53,00:17,False,F260008615
10804,E9,21:41,21:45,22:13,True,F260008614
10805,M18,21:43,21:50,22:41,False,F260008614
10806,E37,22:31,22:37,22:57,True,F260008613
10807,E40,21:34,21:37,21:59,False,F260008612
10808,M31,21:34,21:42,22:40,True,F260008612
10809,A2,21:11,,21:16,False,F260008609
10810,E5,21:11,21:14,21:49,False,F260008609
10811,M10,21:11,21:18,21:38,True,F260008609
10812,E25,21:10,21:27,21:34,True,F260008607
10813,E27,21:04,21:12,21:18,True,F260008606
10814,E39,21:02,21:07,21:21,True,F260008603
10815,E33,20:57,21:01,21:21,True,F260008602
10816,E17,20:57,21:03,21:05,True,F260008601
10817,E28,20:47,20:51,21:14,True,F260008599
10818,L12,21:01,21:04,21:13,False,F260008599
10819,E25,20:54,20:55,21:01,True,F260008598
10820,E25,20:38,20:42,20:50,True,F260008597
10821,L10,20:38,20:42,20:51,False,F260008597
10822,A25,20:34,20:40,20:55,True,F260008595
10823,E9,20:31,20:34,21:03,True,F260008594
10824,A2,20:30,20:35,20:53,True,F260008593
10825,L3,20:30,20:33,20:41,True,F260008592
10826,E21,20:24,20:30,20:44,True,F260008590
10827,E33,20:21,20:25,20:30,True,F260008589
10828,E25,20:13,20:18,20:24,True,F260008586
10829,E35,20:11,20:32,20:32,True,F260008585
10830,L3,20:05,20:09,20:18,True,F260008583
10831,E6,20:03,20:07,20:19,True,F260008582
10832,E29,20:01,20:04,20:26,True,F260008580
10833,E6,19:55,19:58,20:01,False,F260008579
10834,L3,19:55,19:58,19:59,False,F260008579
10835,M1,19:55,,19:59,True,F260008579
10836,E13,20:17,20:21,20:42,False,F260008578
10837,M1,20:15,20:24,20:46,True,F260008578
10838,E38,19:49,19:55,20:09,True,F260008576
10839,E2,19:41,19:46,19:54,True,F260008574
10840,L4,19:41,19:46,19:53,False,F260008574
10841,E17,19:40,19:45,19:57,True,F260008573
10842,A25,19:36,19:39,20:11,False,F260008572
10843,E25,19:36,19:39,19:43,False,F260008572
10844,M10,19:36,19:40,19:43,True,F260008572
10845,E34,19:35,19:39,20:42,True,F260008571
10846,L3,19:23,,19:27,True,F260008567
10847,E38,19:16,19:21,19:41,True,F260008566
10848,A4,19:13,19:18,19:31,True,F260008565
10849,E29,19:03,19:07,19:40,True,F260008564
10850,E38,18:56,18:58,19:09,True,F260008563
10851,A25,18:41,18:45,19:00,True,F260008557
10852,A2,18:28,18:34,18:46,True,F260008555
10853,A4,18:26,,18:26,False,F260008554
10854,A4,18:27,18:31,18:54,True,F260008554
10855,A2,18:11,18:15,18:24,False,F260008551
10856,E2,18:11,18:15,18:18,False,F260008551
10857,M1,18:11,,18:18,True,F260008551
10858,A4,18:07,18:12,18:21,True,F260008549
10859,A5,18:00,18:02,18:12,True,F260008548
10860,E40,17:53,17:56,18:01,True,F260008545
10861,E40,17:46,,17:50,True,F260008542
10862,E34,17:45,,17:49,True,F260008541
10863,E8,17:42,17:46,17:52,True,F260008539
10864,A4,17:37,17:42,18:00,True,F260008538
10865,E27,17:35,17:41,17:48,True,F260008537
10866,L11,17:29,17:30,17:36,True,F260008533
10867,E5,17:23,17:26,17:35,True,F260008531
10868,E25,17:19,17:26,17:26,True,F260008529
10869,EVENT13,17:13,17:13,,True,F260008527
10870,PLEDG-EMS,17:13,17:13,,False,F260008527
10871,E21,17:12,,17:13,True,F260008525
10872,E10,17:12,17:15,17:45,True,F260008526
10873,L1,17:12,17:15,17:36,False,F260008526
10874,A10,17:13,17:16,17:19,True,F260008524
10875,A5,16:55,,17:10,False,F260008521
10876,E13,16:55,17:04,17:22,True,F260008521
10877,E30,16:55,,17:10,False,F260008521
10878,A4,16:53,16:56,16:59,True,F260008520
10879,A31,16:47,16:54,17:08,True,F260008519
10880,A14,16:45,,16:46,True,F260008518
10881,A5,16:45,,16:51,False,F260008518
10882,AIR1,16:46,,16:51,False,F260008518
10883,AIR26,16:45,,16:51,False,F260008518
10884,B5,16:45,,16:50,False,F260008518
10885,B7,16:45,,16:51,False,F260008518
10886,B7,16:51,16:53,17:19,False,F260008518
10887,DEP1,16:45,,16:51,False,F260008518
10888,E29,16:45,16:48,17:19,False,F260008518
10889,E32,16:45,16:52,17:19,False,F260008518
10890,E36,16:45,,16:51,False,F260008518
10891,E37,16:45,,16:51,False,F260008518
10892,E5,16:45,,16:51,False,F260008518
10893,L1,16:45,,16:50,False,F260008518
10894,L11,16:45,16:52,17:12,False,F260008518
10895,L13,16:45,,16:51,False,F260008518
10896,M32,16:45,,16:51,False,F260008518
10897,M44,16:45,16:46,16:51,False,F260008518
10898,MAR5,16:45,,16:51,False,F260008518
10899,R1,16:45,,16:51,False,F260008518
10900,REHAB1,16:45,,16:51,False,F260008518
10901,SAFT2,16:45,,16:51,False,F260008518
10902,STAF10,16:45,,16:51,False,F260008518
10903,E33,16:41,16:44,17:00,True,F260008517
10904,E9,16:36,16:40,17:07,False,F260008513
10905,M17,16:36,16:41,17:34,True,F260008513
10906,E39,16:34,16:45,16:57,True,F260008510
10907,L5,16:34,16:43,16:57,False,F260008510
10908,E10,16:29,16:34,17:06,True,F260008509
10909,L3,16:29,16:34,16:42,False,F260008509
10910,E24,16:29,16:33,17:01,True,F260008508
10911,E13,16:22,16:27,16:45,True,F260008505
10912,E41,16:17,16:21,16:51,False,F260008503
10913,M18,16:17,16:25,17:14,True,F260008503
10914,E40,16:15,16:20,16:42,False,F260008502
10915,M31,16:15,16:23,17:16,True,F260008502
10916,B2,16:11,16:15,16:32,False,F260008501
10917,E25,16:11,16:15,16:45,False,F260008501
10918,E25,16:59,16:59,17:00,True,F260008501
10919,L4,16:11,16:17,16:40,False,F260008501
10920,E30,16:10,16:12,16:23,True,F260008500
10921,A2,16:08,16:12,16:40,True,F260008499
10922,A4,16:06,16:12,16:28,True,F260008498
10923,E18,15:54,16:00,16:19,True,F260008495
10924,E25,15:50,15:55,15:55,True,F260008492
10925,E38,15:46,15:50,15:55,True,F260008490
10926,L5,15:46,,15:52,False,F260008490
10927,E6,15:44,15:45,16:32,True,F260008488
10928,M10,15:59,16:06,16:50,False,F260008488
10929,B6,15:41,15:55,15:55,False,F260008487
10930,E17,15:41,15:44,16:08,True,F260008487
10931,L9,15:41,15:44,16:09,False,F260008487
10932,A25,15:41,15:46,15:57,True,F260008486
10933,E35,15:41,15:44,15:56,True,F260008485
10934,E9,15:24,15:27,15:46,True,F260008482
10935,L9,15:20,,15:22,True,F260008480
10936,A25,15:14,15:23,15:30,False,F260008479
10937,M1,15:14,15:20,16:17,True,F260008479
10938,A31,15:08,15:18,16:16,False,F260008477
10939,E16,15:08,15:16,15:41,True,F260008477
10940,E17,15:08,15:17,15:41,False,F260008477
10941,E35,15:06,15:10,15:11,False,F260008476
10942,L8,15:04,15:09,15:46,True,F260008476
10943,M18,15:06,15:10,15:32,False,F260008476
10944,E33,14:59,15:02,15:10,True,F260008474
10945,E6,14:58,15:01,15:12,True,F260008472
10946,L3,14:58,15:02,15:12,False,F260008472
10947,E21,14:58,15:02,15:14,True,F260008473
10948,A10,14:57,15:00,15:14,True,F260008471
10949,E13,14:53,14:59,15:25,True,F260008469
10950,A4,14:57,15:00,15:10,True,F260008468
10951,E30,14:50,14:53,15:06,True,F260008467
10952,A4,14:53,,14:54,True,F260008464
10953,E11,14:41,14:46,15:04,True,F260008463
10954,A2,14:28,,14:30,True,F260008458
10955,A4,14:30,14:34,14:50,False,F260008458
10956,CHAP5,14:38,,16:27,False,F260008458
10957,L1,14:29,14:34,14:35,False,F260008458
10958,M10,14:31,14:32,14:44,False,F260008458
10959,M17,14:29,,14:31,False,F260008458
10960,E5,14:22,14:26,14:51,True,F260008454
10961,M10,14:23,14:28,14:30,False,F260008454
10962,A5,14:25,14:27,14:53,False,F260008453
10963,L1,14:23,,14:25,True,F260008453
10964,E24,14:17,14:22,14:31,True,F260008451
10965,L8,14:02,14:11,14:37,True,F260008448
10966,E9,13:59,14:10,14:20,True,F260008447
10967,E34,13:57,14:00,14:15,True,F260008446
10968,L10,13:54,14:04,14:22,True,F260008445
10969,A2,13:53,13:57,14:08,True,F260008443
10970,EVENT14,13:49,13:49,17:24,True,F260008442
10971,HUSKY-EMS,13:49,13:49,17:24,False,F260008442
10972,A10,14:14,14:18,14:46,True,F260008440
10973,E6,14:18,14:21,14:37,False,F260008440
10974,A5,13:45,13:50,14:23,False,F260008441
10975,M1,13:45,13:48,14:38,True,F260008441
10976,A4,13:31,13:33,13:59,True,F260008436
10977,E5,13:28,13:31,13:46,True,F260008434
10978,E20,13:26,13:30,13:45,True,F260008433
10979,A25,13:12,13:17,13:38,True,F260008426
10980,M10,13:13,13:21,13:22,False,F260008426
10981,B6,13:16,13:22,13:36,False,F260008425
10982,E17,13:10,13:14,13:46,True,F260008425
10983,L8,13:10,,13:13,False,F260008425
10984,L9,13:13,13:16,13:23,False,F260008425
10985,A5,13:09,13:11,13:40,False,F260008423
10986,E2,13:09,,13:14,False,F260008423
10987,M1,13:09,,13:14,True,F260008423
10988,A2,13:10,,13:11,False,F260008422
10989,A4,13:11,13:16,13:18,True,F260008422
10990,E13,13:01,13:05,13:19,False,F260008421
10991,M10,13:01,,13:08,True,F260008421
10992,E39,12:56,13:02,13:17,True,F260008420
10993,E24,12:55,12:58,13:13,True,F260008418
10994,A10,12:58,13:02,13:55,False,F260008417
10995,AIR10,12:51,13:04,13:55,False,F260008417
10996,B2,12:51,12:53,13:55,False,F260008417
10997,DECON1,12:51,13:06,13:55,False,F260008417
10998,E10,12:51,13:09,13:55,True,F260008417
10999,E25,12:51,12:52,13:55,False,F260008417
11000,E27,12:51,13:04,13:41,False,F260008417
11001,HAZ1,12:51,13:02,13:55,False,F260008417
11002,L1,12:53,13:05,13:55,False,F260008417
11003,STAF10,12:56,13:07,13:55,False,F260008417
11004,L1,12:48,,12:53,True,F260008415
11005,L4,12:53,13:06,13:11,False,F260008415
11006,E30,12:53,12:57,13:20,True,F260008416
11007,L12,12:46,12:50,13:06,True,F260008414
11008,E17,12:50,,12:51,False,F260008412
11009,L9,12:51,12:51,13:12,True,F260008412
11010,E9,12:36,12:39,12:56,True,F260008410
11011,L9,12:36,,12:42,False,F260008410
11012,A10,12:35,12:38,12:58,True,F260008409
11013,A5,12:57,,12:58,False,F260008409
11014,E28,12:35,12:38,13:05,False,F260008408
11015,M10,12:35,,12:36,False,F260008408
11016,M28,12:36,12:47,13:08,True,F260008408
11017,L5,12:28,12:36,12:38,True,F260008406
11018,A2,12:28,12:32,12:49,True,F260008405
11019,E13,12:23,12:27,12:38,True,F260008403
11020,A31,12:46,12:49,13:01,True,F260008401
11021,E5,12:20,12:22,12:38,True,F260008399
11022,A4,12:19,12:23,12:48,True,F260008398
11023,E25,12:15,,12:38,True,F260008397
11024,A5,12:14,12:17,12:49,True,F260008396
11025,M1,12:18,12:24,12:27,False,F260008396
11026,L1,12:10,12:13,12:22,True,F260008393
11027,L4,12:06,12:18,12:22,True,F260008391
11028,E24,12:07,12:10,12:51,True,F260008389
11029,M17,12:23,12:33,12:50,False,F260008389
11030,A10,12:07,12:11,12:22,True,F260008390
11031,E21,12:03,,12:04,False,F260008388
11032,E35,12:04,12:08,12:37,True,F260008388
11033,A2,12:01,12:06,12:18,True,F260008386
11034,A4,11:57,,12:01,False,F260008386
11035,E5,11:50,11:51,12:14,True,F260008385
11036,M10,11:50,11:56,11:57,False,F260008385
11037,A31,11:50,,11:51,False,F260008384
11038,L5,11:48,,11:50,False,F260008384
11039,L5,11:51,11:54,12:25,True,F260008384
11040,M31,11:49,11:54,13:46,False,F260008384
11041,L12,11:46,11:51,12:05,False,F260008383
11042,M28,11:46,11:52,12:35,True,F260008383
11043,E8,11:44,11:49,12:02,True,F260008382
11044,L6,11:44,11:48,12:01,False,F260008382
11045,E38,11:45,11:49,12:16,True,F260008381
11046,M17,11:57,12:03,12:06,False,F260008381
11047,A31,11:38,,11:39,True,F260008380
11048,A25,11:23,11:35,11:52,True,F260008379
11049,A4,11:22,,11:23,False,F260008379
11050,E29,11:22,11:28,11:42,True,F260008378
11051,E36,11:21,,11:22,False,F260008378
11052,E25,11:16,11:18,11:55,True,F260008377
11053,L10,11:16,11:20,11:26,False,F260008377
11054,B5,11:12,11:15,11:23,False,F260008375
11055,E10,11:14,11:15,11:35,True,F260008375
11056,E2,11:12,,11:14,False,F260008375
11057,L1,11:12,11:15,11:33,False,F260008375
11058,E10,11:02,11:06,11:13,True,F260008374
11059,E33,10:53,10:57,11:03,True,F260008372
11060,L12,10:53,10:57,11:06,False,F260008372
11061,E25,10:42,10:47,10:52,True,F260008371
11062,E38,10:30,10:34,10:59,False,F260008370
11063,M18,10:30,10:45,11:14,True,F260008370
11064,A4,10:28,10:30,11:09,True,F260008369
11065,M1,10:45,10:49,12:04,False,F260008369
11066,E36,10:24,10:29,11:03,True,F260008368
11067,E16,10:21,10:28,10:48,False,F260008367
11068,M17,10:21,10:27,11:11,True,F260008367
11069,A5,10:15,10:20,11:18,True,F260008366
11070,E10,10:17,10:18,10:51,False,F260008366
11071,M1,10:17,10:21,10:45,False,F260008366
11072,E32,10:13,10:20,10:43,True,F260008365
11073,E36,10:11,,10:13,False,F260008365
11074,E25,10:10,10:13,10:30,True,F260008364
11075,E34,10:09,10:13,10:42,True,F260008363
11076,A25,09:47,09:52,10:18,True,F260008360
11077,L1,09:47,09:51,10:05,True,F260008361
11078,A5,09:44,09:50,10:00,True,F260008358
11079,E30,09:42,09:45,10:05,True,F260008356
11080,A31,09:43,09:47,10:30,False,F260008357
11081,E31,10:07,10:10,10:22,False,F260008357
11082,M31,09:43,09:47,10:53,True,F260008357
11083,E18,09:33,09:39,09:59,True,F260008355
11084,A4,09:25,09:31,09:43,True,F260008354
11085,M10,09:28,09:32,09:44,False,F260008354
11086,E17,09:25,09:30,10:00,True,F260008353
11087,E31,09:21,09:25,09:52,True,F260008351
11088,A31,09:19,09:23,09:29,True,F260008350
11089,A31,09:12,09:18,09:19,True,F260008349
11090,E35,09:19,09:19,09:47,False,F260008349
11091,E16,09:02,09:04,09:32,True,F260008347
11092,M17,09:05,09:13,09:32,False,F260008347
11093,E11,08:59,09:06,09:21,True,F260008346
11094,A2,08:50,,08:54,False,F260008344
11095,L4,08:50,,08:51,True,F260008344
11096,M10,08:50,,08:53,False,F260008344
11097,A4,08:52,08:54,09:00,False,F260008343
11098,E2,08:49,08:53,08:55,True,F260008343
11099,M10,08:53,,08:55,False,F260008343
11100,E10,08:45,08:48,09:18,True,F260008341
11101,E25,08:45,08:48,08:52,True,F260008340
11102,A25,08:43,08:46,08:55,True,F260008338
11103,E39,08:44,08:49,09:03,True,F260008339
11104,L5,08:44,,08:55,False,F260008339
11105,E11,08:43,08:48,08:49,True,F260008337
11106,E13,08:42,08:46,09:15,True,F260008336
11107,E35,08:40,08:43,09:19,True,F260008335
11108,A10,08:39,08:41,09:06,False,F260008334
11109,M1,08:39,08:45,08:46,True,F260008334
11110,E10,08:35,08:39,08:40,True,F260008332
11111,A5,08:30,08:37,09:05,True,F260008331
11112,E17,08:38,08:40,08:51,True,F260008330
11113,E17,08:17,08:20,08:24,True,F260008328
11114,A2,08:17,08:22,08:37,True,F260008326
11115,A10,08:19,08:22,08:31,True,F260008325
11116,E37,08:15,08:22,08:53,True,F260008324
11117,E31,08:07,08:10,08:24,True,F260008320
11118,E25,08:07,08:11,08:14,True,F260008317
11119,E24,07:51,07:57,08:08,True,F260008316
11120,L9,07:49,07:54,08:14,True,F260008315
11121,A5,07:48,07:52,08:13,True,F260008314
11122,A25,07:38,07:42,07:59,True,F260008311
11123,A10,07:33,07:39,08:05,True,F260008310
11124,A5,07:35,,07:35,False,F260008310
11125,M10,07:36,07:42,07:53,False,F260008310
11126,M17,07:35,,07:36,False,F260008310
11127,E10,07:25,07:31,07:33,True,F260008309
11128,A2,07:24,07:26,07:51,True,F260008308
11129,E8,07:18,07:23,07:46,True,F260008307
11130,B6,07:15,07:24,07:30,False,F260008306
11131,E5,07:15,07:20,07:35,False,F260008306
11132,L4,07:15,07:19,07:38,True,F260008306
11133,M1,07:15,07:21,08:17,False,F260008306
11134,M44,07:15,07:25,07:35,False,F260008306
11135,A2,07:07,07:10,07:24,True,F260008305
11136,E25,07:06,07:10,07:13,True,F260008304
11137,E2,07:03,07:06,07:18,True,F260008303
11138,E6,07:03,07:06,07:15,True,F260008301
11139,A5,07:02,07:08,07:26,True,F260008300
11140,A14,06:59,,07:12,False,F260008299
11141,B2,06:53,07:05,07:08,False,F260008299
11142,B5,06:53,07:02,07:16,False,F260008299
11143,E28,06:53,06:58,07:25,False,F260008299
11144,E33,06:52,06:54,07:23,True,F260008299
11145,L12,06:53,06:58,07:24,False,F260008299
11146,M28,06:53,07:11,07:30,False,F260008299
11147,M44,06:53,07:04,07:12,False,F260008299
11148,R1,06:53,07:04,07:25,False,F260008299
11149,SAFT2,06:53,07:06,07:12,False,F260008299
11150,A10,06:54,,06:59,False,F260008298
11151,A14,06:44,06:48,06:59,True,F260008298
11152,E28,06:37,06:41,06:48,True,F260008297
11153,E30,06:35,06:42,07:06,True,F260008296
11154,A5,06:34,06:39,07:01,True,F260008295
11155,E10,06:26,06:32,06:38,True,F260008291
11156,A2,06:25,06:28,07:03,True,F260008290
11157,E5,06:38,06:45,07:04,False,F260008290
11158,E9,06:17,06:23,06:29,True,F260008287
11159,A25,06:16,06:19,06:36,True,F260008285
11160,A10,06:14,06:17,06:37,True,F260008284
11161,CHAP5,06:35,08:33,,False,F260008283
11162,E2,06:04,06:08,06:57,False,F260008283
11163,L4,06:04,06:09,06:57,False,F260008283
11164,M10,06:04,06:13,07:36,True,F260008283
11165,A2,05:54,06:00,06:17,True,F260008279
11166,E38,05:43,05:50,05:56,True,F260008278
11167,A25,05:26,05:33,05:52,True,F260008277
11168,E11,04:53,05:00,05:06,True,F260008276
11169,E16,04:40,04:45,05:14,True,F260008275
11170,E17,04:38,04:43,05:07,True,F260008274
11171,E25,04:19,04:23,04:31,True,F260008272
11172,L10,04:19,04:24,04:36,False,F260008272
11173,A25,04:21,,04:38,True,F260008271
11174,A2,04:12,04:18,04:42,True,F260008269
11175,A5,04:08,04:12,04:51,True,F260008267
11176,E31,03:57,04:06,04:28,True,F260008266
11177,A10,03:46,,03:50,True,F260008262
11178,E39,03:40,03:44,04:10,True,F260008259
11179,A5,03:38,03:41,04:00,True,F260008258
11180,A14,03:35,,03:35,True,F260008257
11181,B5,03:35,03:43,03:47,False,F260008257
11182,B7,03:35,,03:44,False,F260008257
11183,E13,03:35,03:42,04:05,False,F260008257
11184,E27,03:35,03:44,04:04,False,F260008257
11185,L1,03:35,,03:44,False,F260008257
11186,M28,03:35,,03:48,False,F260008257
11187,M44,03:35,03:43,03:44,False,F260008257
11188,R1,03:35,03:43,03:56,False,F260008257
11189,SAFT2,03:35,03:44,03:45,False,F260008257
11190,E26,03:08,03:14,03:47,True,F260008252
11191,A2,02:59,03:04,03:32,False,F260008251
11192,M1,02:59,03:23,03:26,True,F260008251
11193,L1,02:51,02:58,03:10,True,F260008250
11194,E40,02:45,02:50,03:25,False,F260008245
11195,M31,02:45,02:54,03:34,True,F260008245
11196,A10,03:10,03:15,03:34,True,F260008244
11197,A5,02:37,02:43,02:48,True,F260008243
11198,E31,02:36,02:42,03:10,True,F260008242
11199,E24,02:26,02:29,02:42,True,F260008239
11200,L10,02:23,02:23,02:35,True,F260008238
11201,A10,02:11,02:11,02:33,True,F260008237
11202,E30,01:59,02:02,02:11,True,F260008234
11203,A10,01:54,02:01,02:11,True,F260008232
11204,A25,01:52,01:57,02:12,True,F260008231
11205,E5,01:43,01:47,02:09,True,F260008227
11206,L1,01:43,01:47,02:12,False,F260008227
11207,E13,01:45,01:50,02:11,True,F260008228
11208,E8,01:31,01:36,02:04,True,F260008220
11209,A5,01:30,01:36,01:51,True,F260008221
11210,E24,01:13,01:16,01:33,True,F260008215
11211,E25,01:04,01:08,02:05,False,F260008211
11212,E34,01:03,,01:05,True,F260008211
11213,L10,01:03,01:06,02:06,False,F260008211
11214,A10,00:59,01:03,01:21,True,F260008210
11215,E25,00:53,00:58,01:03,True,F260008209
11216,E9,00:43,00:49,01:03,True,F260008208
11217,A25,00:41,00:45,01:19,False,F260008207
11218,M10,00:41,00:50,01:51,True,F260008207
11219,A5,00:37,00:42,01:02,True,F260008206
11220,E16,00:35,00:39,00:51,True,F260008205
11221,A2,01:10,01:15,01:33,True,F260008203
11222,E25,00:25,00:28,00:44,True,F260008200
11223,L10,00:25,00:29,00:46,False,F260008200
11224,E38,23:58,00:06,00:07,True,F260008192
11225,L9,23:58,00:03,00:08,False,F260008192
11226,E10,00:01,00:07,00:14,True,F260008193
11227,E30,23:54,23:59,00:06,True,F260008190
11228,E16,23:46,23:50,00:03,True,F260008187
11229,A25,23:45,23:48,00:28,True,F260008186
11230,E28,23:41,23:46,00:16,True,F260008184
11231,M28,23:42,23:48,00:18,False,F260008184
11232,E39,23:42,23:47,23:54,True,F260008185
11233,E17,23:40,23:44,00:17,True,F260008183
11234,E13,23:32,23:38,23:47,True,F260008182
11235,A14,23:32,23:36,23:48,True,F260008181
11236,A10,23:27,23:31,23:42,True,F260008179
11237,L8,23:26,23:31,23:43,True,F260008178
11238,E37,23:21,23:32,23:54,True,F260008177
11239,A25,23:19,23:25,23:40,True,F260008176
11240,E31,23:16,23:21,23:22,True,F260008175
11241,E6,23:17,,23:20,True,F260008174
11242,A2,23:11,23:16,23:29,True,F260008172
11243,E11,23:05,23:11,23:29,True,F260008169
11244,E6,22:54,23:07,23:10,True,F260008168
11245,E10,22:50,22:57,23:11,True,F260008166
11246,E17,22:43,22:48,23:07,True,F260008164
11247,A25,22:43,22:48,23:07,True,F260008163
11248,E25,22:44,22:47,23:14,False,F260008163
11249,M1,22:44,22:51,23:14,False,F260008163
11250,L6,22:42,22:46,22:54,True,F260008162
11251,A5,22:30,22:34,22:47,True,F260008161
11252,E18,22:27,22:30,22:59,False,F260008160
11253,M17,22:27,22:41,23:04,True,F260008160
11254,E36,22:20,22:26,23:01,True,F260008159
11255,E30,22:46,22:52,23:00,True,F260008157
11256,E35,22:19,22:30,22:58,True,F260008158
11257,E2,22:14,22:18,22:39,True,F260008156
11258,L6,22:11,22:22,22:34,True,F260008153
11259,E25,22:04,22:08,22:24,True,F260008149
11260,R1,22:04,,22:08,False,F260008149
11261,L3,22:02,22:06,22:12,True,F260008146
11262,A25,22:13,22:18,22:32,True,F260008145
11263,E26,22:06,22:15,22:29,True,V260008144
11264,E16,21:58,22:01,22:13,True,F260008142
11265,A10,21:55,21:59,22:26,False,F260008139
11266,L1,21:55,22:00,22:20,False,F260008139
11267,M10,21:55,22:03,22:42,True,F260008139
11268,M44,22:02,22:11,22:11,False,F260008139
11269,E5,21:53,21:58,22:57,True,F260008138
11270,L4,21:53,21:56,22:46,False,F260008138
11271,E8,22:05,22:16,22:34,True,F260008137
11272,L10,22:05,22:05,22:05,False,F260008137
11273,E2,21:49,21:51,22:13,True,F260008133
11274,A5,21:53,21:59,22:10,False,F260008136
11275,E10,21:53,21:59,22:13,True,F260008136
11276,E13,21:53,22:02,22:09,False,F260008136
11277,A2,21:48,21:52,22:17,True,F260008132
11278,E6,21:46,21:54,22:08,True,F260008131
11279,E25,21:45,21:48,22:00,True,F260008130
11280,A14,21:41,21:46,22:05,True,F260008129
11281,E28,21:32,21:32,21:47,False,F260008125
11282,L12,21:32,21:32,21:41,False,F260008125
11283,M28,23:01,23:01,23:05,True,F260008125
11284,E2,21:32,21:33,21:44,True,F260008124
11285,E27,21:30,21:35,21:57,True,F260008123
11286,E26,21:26,21:32,21:44,True,F260008122
11287,L5,21:25,21:36,21:43,True,F260008121
11288,E32,21:18,21:22,21:32,True,F260008119
11289,L9,21:15,21:18,21:49,False,F260008115
11290,M17,21:15,21:18,21:48,True,F260008115
11291,E24,21:07,21:11,21:27,True,F260008112
11292,E17,21:03,21:08,21:25,True,F260008110
11293,A25,21:03,21:09,21:24,False,F260008109
11294,E25,21:02,21:14,21:22,True,F260008109
11295,B4,21:07,21:17,21:31,False,F260008107
11296,E20,21:00,21:09,22:14,True,F260008107
11297,E9,21:00,21:07,21:36,False,F260008107
11298,M18,21:00,21:07,22:46,False,F260008107
11299,M44,21:06,21:13,21:49,False,F260008107
11300,A10,20:55,,21:00,True,F260008106
11301,E10,20:53,20:58,21:06,True,F260008104
11302,L1,20:53,20:56,21:05,False,F260008104
11303,E26,20:52,20:56,21:10,True,F260008103
11304,A5,20:51,20:56,21:07,True,F260008101
11305,A2,20:54,21:02,21:45,True,F260008102
11306,A2,20:41,,20:50,False,F260008093
11307,M1,20:41,20:50,21:21,True,F260008093
11308,E18,20:41,20:44,21:12,True,F260008092
11309,E25,20:40,20:42,20:48,True,F260008089
11310,A14,20:33,20:36,21:12,True,F260008085
11311,A25,20:33,20:38,21:03,True,F260008084
11312,E10,20:30,20:37,20:38,True,F260008083
11313,E28,20:28,20:35,20:48,True,F260008081
11314,E5,20:29,20:32,20:42,True,F260008082
11315,E33,20:26,20:29,20:34,True,F260008079
11316,E18,20:25,20:28,20:34,True,F260008078
11317,L8,20:25,20:28,20:35,False,F260008078
11318,A5,20:23,20:26,20:48,False,F260008077
11319,M1,20:23,20:28,20:38,True,F260008077
11320,A25,21:37,21:43,22:03,True,F260008076
11321,E25,21:39,,21:39,False,F260008076
11322,E38,20:19,20:25,20:55,True,F260008075
11323,A31,20:18,20:23,20:47,False,F260008074
11324,M31,20:18,20:25,21:21,True,F260008074
11325,A10,20:16,20:20,20:39,True,F260008072
11326,E9,20:14,20:18,20:44,False,F260008071
11327,M18,20:14,20:21,20:23,True,F260008071
11328,A25,20:11,20:15,20:29,False,F260008070
11329,M10,20:11,20:16,20:29,True,F260008070
11330,A2,20:07,20:12,20:24,True,F260008068
11331,A4,20:06,20:09,20:24,True,F260008067
11332,E31,20:00,20:04,20:09,True,F260008065
11333,E37,19:53,19:53,20:11,True,F260008063
11334,E17,19:52,19:54,20:27,True,F260008062
11335,M17,19:52,19:57,20:18,False,F260008062
11336,E2,21:06,21:11,21:25,True,F260008064
11337,A5,19:50,,19:51,True,F260008061
11338,E22,19:48,19:51,20:10,True,F260008060
11339,A10,19:47,19:49,20:03,True,F260008059
11340,E16,19:46,19:49,19:58,True,F260008057
11341,SAFT2,19:55,,19:55,False,F260008057
11342,L9,19:46,19:56,20:15,True,F260008058
11343,E33,19:43,19:46,20:12,False,F260008055
11344,M28,19:43,19:47,20:43,True,F260008055
11345,E2,19:33,19:37,19:44,True,F260008054
11346,L4,19:33,19:37,19:44,False,F260008054
11347,E5,19:26,19:33,19:41,True,F260008051
11348,L1,19:26,19:31,19:37,False,F260008051
11349,E17,19:26,19:30,19:38,True,F260008052
11350,E16,19:18,19:22,19:33,True,F260008047
11351,E25,19:15,19:19,19:27,True,F260008046
11352,E30,19:11,19:12,19:28,True,F260008044
11353,E21,19:11,19:13,19:29,True,F260008045
11354,M1,19:02,19:17,19:51,True,F260008042
11355,E30,19:00,19:03,19:10,True,F260008040
11356,A5,19:00,19:03,19:27,True,F260008041
11357,E41,18:58,19:02,19:23,True,F260008039
11358,A2,18:52,,18:54,False,F260008036
11359,A4,18:54,18:56,19:08,True,F260008036
11360,E5,18:46,18:48,18:58,True,F260008033
11361,E9,18:44,18:47,18:59,True,F260008031
11362,E6,18:43,18:45,18:59,True,F260008030
11363,E32,18:58,19:03,19:13,True,F260008029
11364,A10,18:29,18:32,18:51,True,F260008026
11365,A25,22:03,,22:05,False,F260008025
11366,L10,21:59,,22:04,False,F260008025
11367,L10,22:05,22:05,,True,F260008025
11368,E9,18:17,18:21,18:29,True,F260008023
11369,A5,18:04,18:07,18:17,True,F260008019
11370,E24,18:02,18:04,18:18,True,F260008018
11371,A2,18:00,,18:05,False,F260008017
11372,A2,18:06,18:06,18:20,True,F260008017
11373,A4,18:05,,18:06,False,F260008017
11374,E8,17:57,18:02,18:34,False,F260008016
11375,M10,17:57,18:09,18:59,True,F260008016
11376,E6,17:46,17:50,17:51,True,F260008015
11377,A2,17:46,,17:47,False,F260008014
11378,A4,17:47,17:50,18:05,True,F260008014
11379,A10,17:41,17:43,18:22,True,F260008013
11380,M1,17:48,17:52,18:42,False,F260008013
11381,E28,17:37,17:41,17:58,False,F260008011
11382,M28,17:37,17:42,17:59,True,F260008011
11383,A5,17:21,17:23,17:28,True,F260008008
11384,L1,17:15,17:19,17:25,True,F260008007
11385,A10,17:12,17:13,17:37,True,F260008005
11386,EVENT13,17:17,17:17,,True,F260008006
11387,PLEDG-EMS,17:20,17:20,,False,F260008006
11388,E10,17:12,17:14,17:26,True,F260008004
11389,L1,17:11,,17:12,False,F260008004
11390,E25,17:06,,17:06,True,F260008003
11391,A25,17:06,17:09,17:21,True,F260008002
11392,E29,17:05,17:07,17:14,True,F260008001
11393,E17,17:02,17:06,17:22,True,F260007998
11394,L5,17:01,17:11,17:19,True,F260007999
11395,E5,16:58,17:01,17:30,True,F260007995
11396,M10,17:07,17:11,17:45,False,F260007995
11397,E10,16:56,16:58,17:12,False,F260007993
11398,L1,16:56,16:58,17:00,False,F260007993
11399,M10,16:56,17:01,17:05,True,F260007993
11400,A5,16:55,16:58,17:16,True,F260007992
11401,A10,16:53,16:57,17:08,True,F260007991
11402,E38,16:53,17:04,17:25,True,F260007990
11403,E36,16:46,16:53,16:57,True,F260007989
11404,E6,16:46,16:50,16:56,True,F260007988
11405,M1,16:45,16:58,17:20,True,F260007987
11406,L3,16:39,16:43,16:55,True,F260007986
11407,E32,16:33,16:36,16:57,False,F260007984
11408,L11,16:33,16:37,16:48,False,F260007984
11409,M32,16:33,16:37,17:34,True,F260007984
11410,A5,16:34,16:37,16:37,True,F260007985
11411,E31,16:30,16:34,16:48,True,F260007983
11412,E17,16:29,16:34,16:40,True,F260007982
11413,L9,16:29,16:34,16:41,False,F260007982
11414,E5,16:31,,16:44,True,F260007981
11415,E16,16:22,16:26,17:09,True,F260007979
11416,E35,16:20,16:24,16:42,True,F260007978
11417,A10,16:20,16:27,16:31,True,F260007977
11418,A31,16:16,16:20,16:36,True,F260007975
11419,E31,16:10,16:15,16:23,True,F260007974
11420,L5,16:10,16:15,16:30,False,F260007974
11421,L3,16:11,16:19,16:28,True,F260007973
11422,L1,16:08,16:15,16:18,True,F260007972
11423,A25,16:05,16:10,16:28,True,F260007970
11424,E21,16:03,16:06,16:26,True,F260007968
11425,E8,16:04,16:08,16:34,True,F260007967
11426,L6,16:04,16:09,16:36,False,F260007967
11427,A5,15:52,16:07,16:28,True,F260007965
11428,E38,15:49,15:56,16:05,True,F260007963
11429,E10,15:46,15:48,16:05,True,F260007962
11430,A4,15:43,15:45,16:30,False,F260007961
11431,M10,15:43,15:53,16:34,True,F260007961
11432,E25,15:40,,15:42,True,F260007960
11433,L4,15:40,,15:42,False,F260007960
11434,A10,15:38,15:39,16:05,False,F260007959
11435,A4,15:37,15:38,15:38,False,F260007959
11436,L4,15:36,,15:37,True,F260007959
11437,E6,15:33,15:39,16:13,True,F260007958
11438,E2,15:30,15:37,15:45,True,F260007957
11439,L6,15:30,15:40,15:41,False,F260007957
11440,A2,15:27,15:38,15:59,True,F260007956
11441,E30,15:24,15:27,15:29,True,F260007955
11442,A4,15:24,15:29,15:36,True,F260007954
11443,E2,15:24,,15:30,False,F260007954
11444,M10,15:24,,15:30,False,F260007954
11445,E5,15:21,15:26,15:55,True,F260007953
11446,E8,15:14,15:19,15:48,True,F260007950
11447,E39,15:12,15:16,15:30,True,F260007948
11448,L5,15:12,15:18,15:22,False,F260007948
11449,E6,15:13,,15:14,True,F260007949
11450,L3,15:14,15:17,15:18,False,F260007949
11451,L1,15:10,15:12,15:37,True,F260007947
11452,A10,15:09,15:12,15:38,True,F260007946
11453,L12,15:08,15:13,15:20,True,F260007944
11454,E17,15:08,15:14,15:35,True,F260007943
11455,E33,15:06,15:12,15:34,True,F260007942
11456,L4,15:06,15:15,15:32,True,F260007941
11457,A5,15:18,15:21,15:50,True,F260007939
11458,M1,15:28,15:31,15:56,False,F260007939
11459,M17,15:28,,15:28,False,F260007939
11460,A5,15:01,15:03,15:10,True,F260007940
11461,E6,14:58,15:00,15:10,True,F260007938
11462,E18,14:56,14:56,15:13,True,F260007937
11463,L1,14:53,14:56,15:08,True,F260007936
11464,E28,14:42,14:46,15:22,True,F260007935
11465,M10,14:50,,14:52,False,F260007935
11466,M28,14:52,15:04,15:34,False,F260007935
11467,E18,14:41,14:45,14:55,True,F260007933
11468,B6,14:38,,14:44,False,F260007932
11469,E24,14:38,14:44,14:48,True,F260007932
11470,L5,14:38,,14:46,False,F260007932
11471,A4,14:37,14:39,14:56,False,F260007930
11472,L4,14:36,,14:37,True,F260007930
11473,A5,14:32,15:00,15:00,False,F260007928
11474,E10,14:32,14:34,15:36,False,F260007928
11475,M1,14:32,14:36,15:28,True,F260007928
11476,E30,14:31,14:33,14:36,True,F260007927
11477,A10,14:30,14:34,15:06,True,F260007926
11478,A2,14:31,14:37,14:41,True,F260007925
11479,A31,14:23,14:29,14:38,False,F260007924
11480,L5,14:23,,14:24,True,F260007924
11481,E38,14:21,14:26,14:51,True,F260007922
11482,A10,14:17,14:30,14:30,False,F260007921
11483,E5,14:17,14:21,14:42,False,F260007921
11484,M10,14:17,14:23,14:30,True,F260007921
11485,E30,14:15,14:21,14:25,True,F260007920
11486,L12,14:15,14:21,14:24,False,F260007920
11487,E9,14:14,14:17,14:32,True,F260007919
11488,L8,14:14,14:21,14:33,False,F260007919
11489,E10,14:08,14:12,14:24,True,F260007915
11490,L1,14:08,14:13,14:24,False,F260007915
11491,L4,14:11,14:15,14:18,True,F260007914
11492,E32,14:04,14:09,14:44,True,F260007911
11493,M32,14:17,14:23,15:29,False,F260007911
11494,E35,14:04,14:10,15:24,False,F260007910
11495,M17,14:04,14:12,15:27,True,F260007910
11496,A2,14:00,14:09,14:18,True,F260007909
11497,E28,13:52,13:57,14:02,True,F260007907
11498,E40,13:49,13:54,14:16,True,F260007906
11499,E37,13:42,13:46,14:11,True,F260007904
11500,M32,13:42,,13:43,False,F260007904
11501,EVENT14,13:45,13:45,17:38,True,F260007905
11502,M18,13:45,13:45,17:38,False,F260007905
11503,A5,13:32,13:36,13:51,True,F260007901
11504,E33,13:30,13:33,14:28,True,F260007899
11505,M28,13:42,13:49,14:52,False,F260007899
11506,E32,13:30,13:35,13:41,True,F260007900
11507,A2,13:37,,13:39,True,F260007898
11508,A4,13:39,13:48,14:37,False,F260007898
11509,E20,13:30,,13:37,False,F260007898
11510,A31,13:26,,13:31,False,F260007897
11511,E16,13:26,13:31,13:46,True,F260007897
11512,E22,13:26,,13:31,False,F260007897
11513,E10,13:23,13:26,13:34,True,F260007894
11514,L1,13:23,13:27,13:34,False,F260007894
11515,E17,13:20,13:25,13:53,True,F260007893
11516,M17,13:20,13:29,14:02,False,F260007893
11517,E13,13:20,13:26,13:42,True,F260007892
11518,E28,13:29,,13:32,False,F260007892
11519,M28,13:29,,13:32,False,F260007892
11520,E18,13:18,13:22,13:34,True,F260007891
11521,E28,13:06,13:10,13:24,False,F260007886
11522,E30,13:06,,13:08,False,F260007886
11523,L12,13:08,,13:11,False,F260007886
11524,M28,13:06,13:10,13:20,True,F260007886
11525,A4,13:05,13:10,13:37,True,F260007887
11526,A25,13:00,13:04,13:11,True,F260007884
11527,E21,12:53,12:57,12:59,False,F260007883
11528,E35,12:52,,12:53,True,F260007883
11529,E40,12:39,12:43,13:03,True,F260007881
11530,A31,12:30,12:33,13:16,False,F260007879
11531,E24,12:30,12:33,12:56,False,F260007879
11532,E31,12:30,12:35,12:52,True,F260007879
11533,E39,12:33,,12:38,False,F260007879
11534,E37,12:28,12:31,13:05,True,F260007878
11535,E25,13:08,13:12,13:35,True,F260007877
11536,E39,12:23,12:23,12:33,True,F260007876
11537,E40,12:20,12:24,12:39,True,F260007875
11538,E17,11:47,11:53,12:09,True,F260007866
11539,A25,11:44,11:49,12:14,True,F260007865
11540,A4,11:42,11:45,12:21,True,F260007864
11541,E5,11:43,11:48,12:15,False,F260007864
11542,M1,11:43,11:46,12:41,False,F260007864
11543,E38,11:45,11:50,12:23,False,F260007863
11544,L9,11:41,,11:45,True,F260007863
11545,M17,11:42,11:49,12:16,False,F260007863
11546,A10,11:40,11:44,12:13,True,F260007862
11547,E22,11:36,11:40,11:54,False,F260007861
11548,E25,11:35,,11:37,True,F260007861
11549,E38,11:29,11:33,11:44,True,F260007858
11550,E37,11:23,11:27,11:47,True,F260007856
11551,E10,11:24,11:30,11:49,True,F260007855
11552,A31,11:17,11:20,11:31,True,F260007854
11553,E21,11:14,11:15,12:11,True,F260007852
11554,A14,11:13,11:22,11:39,False,F260007851
11555,E11,11:13,11:20,11:40,False,F260007851
11556,M32,11:13,11:22,11:49,True,F260007851
11557,A5,11:09,11:12,11:23,True,F260007850
11558,L3,11:06,11:12,11:21,True,F260007848
11559,E25,11:01,11:07,11:09,True,F260007846
11560,L4,11:01,11:05,11:09,False,F260007846
11561,E28,10:54,,10:55,True,F260007845
11562,E33,10:51,,10:54,False,F260007845
11563,E33,10:55,10:56,11:09,False,F260007845
11564,E30,10:43,,10:45,False,F260007844
11565,E30,10:47,10:47,11:39,True,F260007844
11566,M10,10:43,,10:46,False,F260007844
11567,R1,10:43,,10:46,False,F260007844
11568,E29,10:31,10:37,10:43,True,F260007843
11569,E10,10:31,,10:32,False,F260007842
11570,E25,10:32,10:37,10:46,True,F260007842
11571,L10,10:31,10:35,10:45,False,F260007842
11572,L4,10:28,10:39,10:52,True,F260007840
11573,E24,10:25,10:27,10:49,True,F260007839
11574,E33,10:29,10:34,10:40,True,F260007837
11575,E35,10:04,10:10,10:14,True,F260007834
11576,E17,10:01,,10:02,True,F260007833
11577,L9,10:02,10:10,10:20,False,F260007833
11578,A4,09:55,10:09,10:18,True,F260007829
11579,A31,09:47,09:53,10:37,True,F260007828
11580,M18,09:48,09:57,10:39,False,F260007828
11581,E30,09:45,09:48,09:52,True,F260007827
11582,E22,09:36,09:40,10:48,True,F260007826
11583,M1,10:09,10:19,11:23,False,F260007826
11584,M10,10:07,,10:09,False,F260007826
11585,E35,09:36,09:38,09:52,True,F260007825
11586,E5,09:31,09:38,09:43,True,F260007824
11587,E40,09:07,09:10,09:49,False,F260007823
11588,M17,09:07,09:14,09:56,True,F260007823
11589,E30,09:06,,09:09,True,F260007822
11590,E10,09:00,09:04,09:06,True,F260007819
11591,L13,09:00,09:02,09:23,True,F260007818
11592,E16,08:52,08:57,09:11,True,F260007815
11593,A10,08:48,08:51,09:17,False,F260007813
11594,M1,08:48,08:52,09:32,True,F260007813
11595,E32,08:35,08:38,08:52,True,F260007809
11596,L11,08:35,08:38,08:51,False,F260007809
11597,L13,08:29,08:35,08:55,True,F260007807
11598,L3,08:27,08:33,08:55,True,F260007808
11599,A25,08:24,08:26,08:33,True,F260007805
11600,L10,08:23,,08:24,False,F260007805
11601,E37,08:21,08:28,08:36,True,F260007804
11602,E34,08:01,08:04,08:06,True,F260007802
11603,L10,08:00,08:05,08:19,True,F260007801
11604,E33,07:58,08:01,08:06,True,F260007800
11605,L12,07:58,,08:03,False,F260007800
11606,E40,07:56,07:58,08:18,True,F260007799
11607,M17,07:56,,08:04,False,F260007799
11608,E6,07:56,08:00,08:07,True,F260007798
11609,E29,07:48,07:54,08:16,False,F260007792
11610,M32,07:48,07:59,09:23,True,F260007792
11611,E10,07:48,07:52,07:53,True,F260007791
11612,EVENT12,07:47,07:47,,True,F260007790
11613,A25,07:45,07:48,08:18,False,F260007788
11614,E25,07:45,07:48,08:47,False,F260007788
11615,M10,07:45,07:52,08:50,True,F260007788
11616,E35,07:41,07:44,07:59,True,F260007784
11617,A5,07:35,07:40,07:51,True,F260007783
11618,E8,07:30,07:34,07:50,True,F260007781
11619,A2,07:28,07:38,08:08,True,F260007778
11620,E5,07:28,07:34,07:45,True,F260007779
11621,L1,07:28,07:33,07:43,False,F260007779
11622,E6,07:21,07:26,07:30,True,F260007777
11623,E2,07:20,07:24,07:38,True,F260007776
11624,L4,07:20,07:25,07:38,False,F260007776
11625,E39,06:59,07:02,07:22,False,F260007771
11626,M17,06:59,,07:05,True,F260007771
11627,E28,06:55,07:00,07:22,True,F260007770
11628,E11,06:35,06:40,06:49,True,F260007767
11629,L4,06:31,06:38,06:43,True,F260007766
11630,E9,06:15,06:20,06:40,True,F260007762
11631,L6,06:15,06:23,06:39,False,F260007762
11632,E10,06:10,06:13,06:26,True,F260007761
11633,L1,06:10,06:13,06:24,False,F260007761
11634,A2,06:05,06:09,06:31,True,F260007757
11635,A7,06:06,06:11,06:24,True,F260007758
11636,E41,05:38,05:44,05:52,True,F260007753
11637,E39,05:30,05:45,06:07,True,F260007751
11638,A10,05:04,,05:11,False,F260007748
11639,A10,05:12,05:14,05:18,False,F260007748
11640,B5,05:04,,05:11,False,F260007748
11641,E6,05:04,,05:11,True,F260007748
11642,M1,05:06,05:06,05:21,False,F260007748
11643,M17,05:04,,05:09,False,F260007748
11644,E11,05:03,05:08,05:19,True,F260007747
11645,E33,04:59,05:05,05:30,True,F260007746
11646,A5,04:54,05:02,05:28,False,F260007745
11647,B2,04:54,05:09,05:13,False,F260007745
11648,E10,04:54,05:01,05:28,True,F260007745
11649,E5,04:55,05:03,05:13,False,F260007745
11650,L1,04:55,05:01,05:13,False,F260007745
11651,M1,04:58,05:04,05:05,False,F260007745
11652,M10,04:54,05:01,05:37,False,F260007745
11653,M17,04:55,,05:02,False,F260007745
11654,M44,04:54,05:08,05:16,False,F260007745
11655,SAFT2,04:55,05:02,05:15,False,F260007745
11656,A25,04:47,04:52,05:09,True,F260007744
11657,E30,04:31,04:34,04:49,True,F260007743
11658,E9,04:30,04:36,04:59,True,F260007742
11659,A7,04:25,04:30,05:21,False,F260007741
11660,E25,04:25,04:29,04:56,False,F260007741
11661,M1,04:25,04:35,04:58,True,F260007741
11662,A10,04:19,04:24,04:34,True,F260007739
11663,E20,04:16,04:22,04:42,True,F260007738
11664,E2,04:09,04:14,04:18,True,F260007736
11665,E38,04:23,04:28,04:43,True,F260007734
11666,A5,03:24,03:27,03:40,True,F260007733
11667,E17,03:20,03:29,03:30,True,F260007732
11668,A25,03:16,03:19,03:30,True,F260007729
11669,E30,03:11,03:15,03:43,True,F260007728
11670,M10,03:16,03:22,03:43,False,F260007728
11671,E11,02:57,03:06,03:33,False,F260007725
11672,M32,02:57,03:12,04:15,True,F260007725
11673,E39,02:48,02:52,02:55,True,F260007723
11674,A2,02:46,02:50,03:28,True,F260007721
11675,E30,02:37,02:39,03:06,True,F260007718
11676,E33,02:36,02:41,03:00,True,F260007716
11677,E16,02:32,02:35,02:38,True,F260007712
11678,E5,02:29,,02:36,True,F260007711
11679,E8,02:13,02:19,02:26,True,F260007710
11680,A2,02:07,02:14,02:18,True,F260007707
11681,E2,02:08,02:13,02:24,False,F260007705
11682,L4,02:08,,02:09,True,F260007705
11683,E31,02:01,02:05,02:18,True,F260007703
11684,E34,01:56,02:01,02:10,True,F260007702
11685,A10,01:56,02:03,02:27,True,F260007700
11686,A5,01:56,01:59,02:26,True,F260007701
11687,E10,02:10,02:13,02:24,False,F260007701
11688,E2,01:45,01:49,01:52,True,F260007698
11689,E30,01:38,01:43,01:48,True,F260007696
11690,A7,01:31,,01:38,True,F260007694
11691,L1,01:31,01:35,01:44,True,F260007693
11692,E18,01:24,01:32,01:39,True,F260007692
11693,A2,01:12,01:18,01:45,True,F260007689
11694,M1,01:14,01:22,01:49,False,F260007689
11695,E8,01:03,01:08,01:35,True,F260007688
11696,A25,01:02,01:06,01:15,True,F260007686
11697,E38,00:55,00:59,01:34,False,F260007685
11698,M17,00:55,01:03,01:53,True,F260007685
11699,E35,00:48,00:53,01:06,True,F260007682
11700,L13,00:33,00:41,00:58,True,F260007680
11701,E13,00:22,00:29,00:31,True,F260007678
11702,E38,00:08,00:14,00:24,True,F260007675
11703,L9,00:14,,00:14,False,F260007675
11704,E24,00:06,00:10,00:16,False,F260007674
11705,E31,00:06,,00:12,False,F260007674
11706,M17,00:06,,00:12,True,F260007674
11707,E17,00:02,00:05,00:15,True,F260007673
11708,L9,00:02,00:05,00:12,False,F260007673
11709,E33,00:02,00:07,00:31,True,F260007672
11710,E37,23:51,23:55,00:41,True,F260007671
11711,E17,23:50,23:53,00:00,True,F260007670
11712,L9,23:50,23:56,23:59,False,F260007670
11713,E40,23:38,23:43,00:02,True,F260007666
11714,E5,23:32,23:36,23:48,True,F260007665
11715,A2,23:27,23:28,23:44,False,F260007661
11716,E2,23:25,,23:27,True,F260007661
11717,E32,23:22,23:27,23:46,True,F260007660
11718,A25,23:16,23:26,23:30,False,F260007659
11719,E22,23:16,23:22,23:30,True,F260007659
11720,E25,23:16,23:23,23:31,False,F260007659
11721,A7,23:15,23:21,23:45,True,F260007658
11722,A2,23:11,23:15,23:26,True,F260007657
11723,A10,23:01,23:06,23:15,True,F260007654
11724,E37,22:55,23:01,23:18,True,F260007652
11725,E29,23:08,23:11,23:33,True,F260007651
11726,E33,22:47,22:50,23:17,True,F260007650
11727,A10,22:34,,22:36,True,F260007646
11728,E5,22:35,22:36,22:52,False,F260007646
11729,E30,22:26,,22:27,True,F260007644
11730,E8,22:41,22:45,22:56,True,F260007643
11731,B6,22:51,22:54,23:15,False,F260007641
11732,E17,22:51,22:54,23:18,True,F260007641
11733,L9,22:51,22:57,23:16,False,F260007641
11734,M17,22:51,22:56,23:13,False,F260007641
11735,A25,22:19,22:22,22:53,True,F260007640
11736,E25,22:15,22:21,22:33,True,F260007639
11737,L10,22:15,22:21,22:35,False,F260007639
11738,E31,22:13,22:18,22:27,True,F260007638
11739,L5,22:13,22:19,22:26,False,F260007638
11740,E5,22:12,22:16,22:34,True,F260007637
11741,E24,22:08,22:12,22:26,True,F260007636
11742,E2,22:07,22:08,22:13,True,F260007635
11743,E21,22:03,22:09,22:26,False,F260007632
11744,M18,22:03,22:12,22:41,True,F260007632
11745,L1,22:08,22:16,22:19,False,F260007633
11746,L6,22:04,,22:09,True,F260007633
11747,E2,21:57,22:00,22:05,True,F260007631
11748,L4,21:57,22:00,22:08,False,F260007631
11749,A2,21:56,22:00,22:21,True,F260007629
11750,A25,22:06,22:10,22:19,True,F260007628
11751,E28,21:40,21:44,22:40,True,F260007627
11752,M10,21:59,22:13,23:04,False,F260007627
11753,E38,21:30,21:36,22:10,True,F260007625
11754,A5,21:29,21:33,21:50,True,F260007624
11755,L9,21:26,21:29,21:42,True,F260007623
11756,E25,21:25,21:30,21:37,True,F260007621
11757,E17,21:26,21:30,22:02,True,F260007622
11758,E22,21:11,21:17,21:25,True,F260007614
11759,L6,21:11,21:17,21:24,False,F260007614
11760,E35,21:08,21:12,21:35,True,F260007613
11761,E25,21:06,21:09,21:12,True,F260007611
11762,L10,21:06,21:11,21:13,False,F260007611
11763,E13,20:55,20:59,21:37,True,F260007608
11764,M28,21:12,21:18,22:20,False,F260007608
11765,E8,20:52,20:58,21:02,True,F260007606
11766,A2,20:53,,20:56,True,F260007607
11767,E24,20:46,20:50,20:52,True,F260007602
11768,A10,20:47,20:51,21:02,True,F260007603
11769,E2,20:44,20:47,20:49,True,F260007600
11770,L10,20:44,,20:49,False,F260007600
11771,A2,20:42,,20:52,False,F260007599
11772,A2,20:57,21:03,21:32,True,F260007599
11773,E31,20:39,20:43,20:57,True,F260007598
11774,A7,20:36,21:03,21:18,True,F260007597
11775,E33,20:35,20:39,20:50,True,F260007596
11776,E29,20:33,20:38,21:00,True,F260007595
11777,A5,20:33,20:39,21:00,True,F260007594
11778,A10,20:31,20:34,20:43,True,F260007593
11779,E34,20:32,20:38,21:26,True,F260007591
11780,A2,20:32,20:38,20:41,True,F260007592
11781,E22,20:25,20:46,20:46,True,F260007586
11782,L4,20:24,20:27,21:00,True,F260007584
11783,E18,20:24,20:27,20:48,True,F260007587
11784,B5,20:27,20:39,20:59,False,F260007583
11785,DEP1,20:27,20:35,22:00,False,F260007583
11786,E10,20:27,20:35,22:04,False,F260007583
11787,E30,20:27,20:31,22:08,False,F260007583
11788,E6,20:27,20:29,22:20,True,F260007583
11789,L1,20:27,20:39,22:03,False,F260007583
11790,L3,20:27,20:39,21:59,False,F260007583
11791,M44,20:27,20:42,21:59,False,F260007583
11792,R1,20:27,20:38,22:08,False,F260007583
11793,SAFT2,20:27,20:47,21:59,False,F260007583
11794,STAF10,20:27,20:47,21:25,False,F260007583
11795,A4,20:19,20:25,20:41,False,F260007580
11796,M1,20:19,20:25,21:36,True,F260007580
11797,E20,20:17,,20:19,True,F260007579
11798,E2,20:15,20:19,20:21,True,F260007577
11799,E17,20:09,20:15,20:36,True,F260007576
11800,A5,19:56,19:59,20:26,True,F260007575
11801,M10,20:04,20:09,20:20,False,F260007575
11802,E29,19:45,19:48,20:26,True,F260007573
11803,E32,19:46,19:51,19:55,True,F260007572
11804,E21,19:23,19:27,19:43,True,F260007566
11805,B2,19:25,19:28,19:39,False,F260007565
11806,B6,19:23,,19:25,False,F260007565
11807,E22,19:23,19:28,20:08,True,F260007565
11808,L10,19:23,19:28,20:12,False,F260007565
11809,E28,19:18,19:22,19:47,True,F260007563
11810,L12,19:19,19:24,19:48,False,F260007562
11811,M28,19:19,19:24,19:47,True,F260007562
11812,A5,19:20,19:25,19:46,True,F260007560
11813,B2,19:19,,19:23,False,F260007561
11814,B5,19:17,,19:19,False,F260007561
11815,E13,19:17,19:21,19:25,True,F260007561
11816,E36,19:17,,19:22,False,F260007561
11817,L6,19:17,,19:23,False,F260007561
11818,A10,19:11,19:13,19:26,True,F260007558
11819,M10,19:11,19:15,19:21,False,F260007558
11820,E2,19:04,19:06,19:15,True,F260007557
11821,E30,18:43,,18:45,False,F260007555
11822,E6,18:44,18:49,19:24,False,F260007555
11823,L3,18:43,,18:45,True,F260007555
11824,M1,19:00,19:08,20:05,False,F260007555
11825,E24,18:35,18:39,18:54,True,F260007554
11826,E31,18:24,18:27,18:34,True,F260007550
11827,L5,18:24,18:28,18:34,False,F260007550
11828,E9,18:18,18:21,18:23,False,F260007547
11829,E9,18:31,18:34,18:35,True,F260007547
11830,A31,18:08,18:15,18:52,True,F260007543
11831,M17,18:15,18:23,19:35,False,F260007543
11832,E26,18:09,18:13,18:31,True,F260007542
11833,E10,18:07,18:09,18:19,True,F260007541
11834,L1,18:07,18:08,18:19,False,F260007541
11835,E37,18:05,18:09,18:33,True,F260007540
11836,E25,18:20,18:29,19:10,True,F260007539
11837,E30,17:48,17:48,17:53,True,F260007534
11838,A5,17:50,18:01,18:32,False,F260007535
11839,E13,17:50,17:59,18:28,False,F260007535
11840,E6,17:50,17:58,18:27,True,F260007535
11841,E5,17:48,17:53,18:05,True,F260007533
11842,L10,17:48,17:53,18:04,False,F260007533
11843,L12,17:45,17:47,17:57,True,F260007531
11844,M28,17:46,17:49,17:51,False,F260007531
11845,E10,17:38,17:42,18:01,True,F260007530
11846,L1,17:38,17:42,18:06,False,F260007530
11847,E20,17:36,,17:49,True,F260007526
11848,A4,17:47,17:53,18:01,True,F260007525
11849,A10,17:31,17:35,17:58,True,F260007524
11850,E28,17:17,17:22,17:47,True,F260007520
11851,A4,17:10,,17:12,True,F260007517
11852,E2,17:11,17:16,17:45,False,F260007517
11853,A25,17:05,17:08,17:27,True,F260007515
11854,E18,17:03,17:08,17:11,True,F260007514
11855,E25,16:59,17:11,17:43,True,F260007513
11856,E30,16:52,16:55,17:25,True,F260007508
11857,E13,16:52,16:55,17:24,True,F260007504
11858,E21,16:51,16:54,17:11,True,F260007501
11859,L4,16:49,16:53,17:09,True,F260007500
11860,E5,16:49,16:54,17:04,True,F260007498
11861,A31,16:48,16:51,16:58,True,F260007497
11862,E20,16:48,16:54,16:56,True,F260007496
11863,E22,16:47,16:51,17:05,True,F260007495
11864,A5,16:46,16:49,16:55,True,F260007494
11865,H99,16:50,16:52,17:04,False,F260007494
11866,E10,16:45,16:48,16:55,True,F260007493
11867,L1,16:45,16:49,16:55,False,F260007493
11868,E9,16:42,16:46,17:01,True,F260007492
11869,A10,16:30,16:32,16:47,True,F260007491
11870,H99,16:34,16:36,16:38,False,F260007491
11871,E24,16:28,16:32,16:53,True,F260007490
11872,E40,16:25,16:31,16:58,True,F260007489
11873,B6,16:22,16:32,16:32,False,F260007488
11874,E38,16:22,16:29,16:46,True,F260007488
11875,L9,16:22,,16:33,False,F260007488
11876,E30,16:15,16:21,16:34,True,F260007485
11877,L3,16:15,16:21,16:30,False,F260007485
11878,A7,16:16,16:21,16:47,True,F260007486
11879,E13,16:13,16:27,16:30,True,F260007482
11880,E10,16:04,16:07,16:17,True,F260007478
11881,L1,16:04,16:07,16:16,False,F260007478
11882,A4,15:59,16:01,16:07,True,F260007475
11883,H1,15:52,16:10,17:21,True,F260007473
11884,E17,15:54,15:58,16:09,True,F260007472
11885,A31,15:52,16:03,16:09,False,F260007471
11886,E31,15:51,,15:52,True,F260007471
11887,A5,15:35,15:42,15:49,True,F260007469
11888,E10,15:34,15:39,15:48,True,F260007468
11889,L1,15:34,15:39,15:47,False,F260007468
11890,E38,15:30,15:34,16:00,False,F260007467
11891,L9,15:29,,15:31,True,F260007467
11892,E17,15:28,15:33,15:38,True,F260007466
11893,L8,15:18,15:31,16:00,True,F260007465
11894,E13,15:18,15:22,15:43,True,F260007464
11895,M28,15:20,15:28,15:44,False,F260007464
11896,A2,15:20,,15:21,False,F260007463
11897,A4,15:21,15:29,15:47,True,F260007463
11898,E18,15:13,15:18,15:23,True,F260007462
11899,A25,15:13,15:21,15:52,True,F260007459
11900,E39,15:12,15:16,15:52,True,F260007460
11901,A31,15:03,15:08,15:30,False,F260007456
11902,M31,15:03,15:09,15:13,True,F260007456
11903,A7,14:52,14:58,15:11,True,F260007455
11904,E30,14:31,14:35,15:12,True,F260007454
11905,A4,14:14,14:19,14:42,True,F260007450
11906,A10,14:07,14:12,14:23,True,F260007449
11907,E28,14:07,,14:08,False,F260007448
11908,L12,14:08,14:15,14:28,True,F260007448
11909,E10,14:01,14:07,14:24,True,F260007447
11910,E6,14:00,14:02,14:22,True,F260007446
11911,B4,13:58,,14:03,False,F260007445
11912,E18,13:58,14:01,14:09,True,F260007445
11913,L8,13:58,14:07,14:09,False,F260007445
11914,A5,13:59,14:10,14:17,True,F260007444
11915,A2,13:50,13:52,14:23,True,F260007443
11916,H99,13:54,14:00,14:38,False,F260007443
11917,M10,13:54,,14:02,False,F260007443
11918,E35,13:48,13:53,14:19,True,F260007441
11919,A4,13:48,13:53,14:10,True,F260007440
11920,E13,13:47,13:55,14:10,True,F260007439
11921,E32,13:43,13:50,14:10,True,F260007437
11922,A2,13:37,,13:44,False,F260007436
11923,AIR10,13:37,,13:44,False,F260007436
11924,B4,13:37,13:43,13:44,False,F260007436
11925,B6,13:37,,13:44,False,F260007436
11926,DEP1,13:37,,13:44,False,F260007436
11927,E16,13:37,,13:44,False,F260007436
11928,E18,13:37,13:42,13:44,False,F260007436
11929,E20,13:37,13:43,13:44,False,F260007436
11930,E36,13:37,,13:44,False,F260007436
11931,E5,13:37,,13:44,True,F260007436
11932,E8,13:37,13:41,13:50,False,F260007436
11933,E9,13:39,,13:44,False,F260007436
11934,FIREBOAT,13:37,,13:44,False,F260007436
11935,L6,13:37,,13:44,False,F260007436
11936,L8,13:37,13:43,13:44,False,F260007436
11937,L9,13:37,,13:44,False,F260007436
11938,M18,13:37,,13:44,False,F260007436
11939,MAR5,13:37,,13:44,False,F260007436
11940,MRN1,13:37,,13:44,False,F260007436
11941,PTRL4,13:37,,13:44,False,F260007436
11942,REHAB1,13:37,,13:44,False,F260007436
11943,SAFT2,13:37,,13:44,False,F260007436
11944,STAF10,13:37,,13:44,False,F260007436
11945,E21,13:34,13:39,14:00,False,F260007433
11946,M17,13:34,13:43,14:49,True,F260007433
11947,E17,13:36,13:38,14:00,True,F260007434
11948,A10,13:28,13:32,13:42,True,F260007432
11949,A31,13:39,13:50,14:39,False,F260007431
11950,E9,13:37,,13:39,True,F260007431
11951,E35,13:26,13:31,13:46,True,F260007430
11952,E28,13:27,13:31,13:38,True,F260007429
11953,L3,13:25,,13:42,True,F260007428
11954,A5,13:25,13:27,13:42,True,F260007427
11955,E34,13:17,13:27,13:39,True,F260007425
11956,A25,13:15,13:17,14:40,True,F260007424
11957,M1,13:25,13:29,13:54,False,F260007424
11958,E10,13:14,13:21,13:23,True,F260007423
11959,A4,13:13,13:17,13:40,False,F260007422
11960,M10,13:13,13:19,13:50,True,F260007422
11961,A10,13:06,,13:10,True,F260007416
11962,H99,13:07,,13:10,False,F260007416
11963,E6,12:56,13:01,13:16,True,F260007414
11964,A25,12:54,13:03,13:11,True,F260007413
11965,A31,12:55,12:57,13:02,False,F260007412
11966,E31,12:54,,12:55,True,F260007412
11967,H99,13:01,,13:03,False,F260007412
11968,E20,12:48,12:55,13:23,True,F260007410
11969,E18,12:48,12:49,12:54,True,F260007409
11970,E41,12:46,12:52,13:05,True,F260007408
11971,B2,12:44,12:52,12:56,False,F260007407
11972,E30,12:43,12:47,13:07,True,F260007407
11973,R1,12:44,12:51,12:55,False,F260007407
11974,B5,12:42,,12:53,False,F260007406
11975,E13,12:42,12:47,12:57,True,F260007406
11976,L3,12:42,12:47,12:56,False,F260007406
11977,E28,12:35,12:39,12:56,True,F260007405
11978,E38,12:32,12:36,13:03,False,F260007403
11979,M17,12:32,12:41,12:43,True,F260007403
11980,A7,12:30,12:36,13:28,True,F260007402
11981,A5,12:30,12:33,12:52,True,F260007400
11982,A14,12:56,13:32,14:05,False,F260007401
11983,L4,12:30,12:41,13:40,True,F260007401
11984,R1,12:56,13:06,14:05,False,F260007401
11985,E9,12:28,12:33,12:56,True,F260007399
11986,A14,12:28,12:32,12:50,True,F260007398
11987,E29,12:20,12:29,12:52,True,F260007396
11988,A25,12:15,12:18,12:26,True,F260007395
11989,A10,12:14,12:16,12:33,True,F260007394
11990,L8,12:13,12:19,12:38,True,F260007393
11991,H2,12:06,12:12,12:42,True,F260007392
11992,A7,12:01,12:10,12:20,True,F260007391
11993,E28,12:00,12:04,12:32,True,F260007390
11994,E26,12:00,,12:03,True,F260007388
11995,E32,12:02,12:06,12:26,False,F260007388
11996,H1,11:54,12:20,13:15,True,F260007386
11997,A14,11:52,,11:56,True,F260007384
11998,A31,11:52,11:56,12:13,False,F260007384
11999,AIR10,11:52,,12:07,False,F260007384
12000,B4,11:52,,12:07,False,F260007384
12001,B6,11:52,12:01,12:20,False,F260007384
12002,DEP1,11:52,,12:06,False,F260007384
12003,E21,11:52,,12:06,False,F260007384
12004,E24,11:52,11:56,12:52,False,F260007384
12005,E31,11:52,11:57,12:30,False,F260007384
12006,E35,11:52,12:02,12:06,False,F260007384
12007,E39,11:52,12:01,12:06,False,F260007384
12008,L5,11:52,11:59,12:18,False,F260007384
12009,L8,11:52,,12:06,False,F260007384
12010,L9,11:52,,12:06,False,F260007384
12011,M31,11:52,11:59,12:19,False,F260007384
12012,M44,11:52,,12:06,False,F260007384
12013,MAR5,11:52,,12:06,False,F260007384
12014,MAR5,12:13,12:32,13:08,False,F260007384
12015,R1,11:52,,12:04,False,F260007384
12016,REHAB1,11:52,,12:06,False,F260007384
12017,SAFT2,11:52,,12:04,False,F260007384
12018,STAF10,11:52,,12:06,False,F260007384
12019,E36,11:51,11:58,12:05,True,F260007383
12020,E30,13:16,13:23,13:49,True,F260007381
12021,E2,11:47,11:51,11:56,True,F260007380
12022,L4,11:47,11:52,11:55,False,F260007380
12023,H2,11:41,11:51,12:05,True,F260007377
12024,A4,11:40,11:43,12:14,True,F260007376
12025,E13,11:40,11:48,11:57,True,F260007375
12026,E28,11:36,11:39,11:53,False,F260007374
12027,L12,11:35,,11:36,True,F260007374
12028,E5,11:33,11:39,11:57,True,F260007372
12029,L10,11:33,11:41,11:51,False,F260007372
12030,A31,11:24,11:38,11:40,True,F260007370
12031,E35,11:20,11:24,11:31,False,F260007368
12032,L8,11:19,,11:20,True,F260007368
12033,E6,11:16,11:20,11:26,True,F260007366
12034,E30,11:13,11:15,11:40,True,F260007365
12035,E34,11:13,,11:16,True,F260007364
12036,FIREBOAT,11:13,,11:16,False,F260007364
12037,L10,11:13,,11:16,False,F260007364
12038,E2,11:07,11:11,11:17,True,F260007363
12039,L1,11:07,11:12,11:18,False,F260007363
12040,A5,11:01,11:04,11:26,True,F260007361
12041,A25,10:56,11:00,11:33,True,F260007359
12042,H99,11:00,11:09,11:20,False,F260007359
12043,E5,10:55,10:59,11:21,False,F260007358
12044,M1,10:55,,11:00,True,F260007358
12045,E32,10:50,10:58,11:30,True,F260007356
12046,M32,10:51,11:03,11:31,False,F260007356
12047,E28,10:42,10:46,11:20,True,F260007353
12048,A10,10:37,10:42,11:08,True,F260007352
12049,E17,10:27,10:31,10:51,True,F260007351
12050,L9,10:27,10:31,10:51,False,F260007351
12051,A5,10:14,10:17,10:48,True,F260007350
12052,L1,10:14,10:18,10:23,False,F260007350
12053,M10,10:14,10:17,11:06,False,F260007350
12054,L12,10:00,10:05,10:17,True,F260007345
12055,E28,09:59,10:05,10:33,False,F260007343
12056,M1,09:59,10:09,10:11,True,F260007343
12057,L5,09:55,10:02,10:21,True,F260007340
12058,E34,10:00,10:04,10:08,True,F260007342
12059,E5,09:54,09:58,10:02,True,F260007336
12060,E2,09:55,,09:55,True,F260007341
12061,A31,09:54,,10:06,False,F260007339
12062,E24,09:54,10:03,10:16,True,F260007339
12063,E31,09:54,10:03,10:16,False,F260007339
12064,A7,09:53,09:59,10:27,True,F260007335
12065,L1,09:52,09:55,09:56,True,F260007334
12066,A10,09:52,09:54,10:18,True,F260007333
12067,A14,09:50,10:06,10:17,True,F260007330
12068,E30,09:49,09:54,10:19,True,F260007328
12069,E39,09:51,09:57,10:17,True,F260007326
12070,A5,09:40,09:43,09:45,True,F260007325
12071,H99,09:48,,09:54,False,F260007323
12072,L9,09:34,09:51,10:14,True,F260007323
12073,A10,09:30,09:32,09:47,True,F260007322
12074,A4,09:19,09:24,09:49,True,F260007320
12075,E6,09:11,09:13,09:20,True,F260007318
12076,A10,09:06,09:09,09:25,True,F260007316
12077,E35,09:07,09:10,09:23,True,F260007315
12078,E8,08:44,08:50,08:51,True,F260007309
12079,A25,08:41,08:45,09:15,True,F260007307
12080,M1,08:54,08:57,09:30,False,F260007307
12081,L1,08:43,08:46,08:59,True,F260007308
12082,R1,08:42,08:51,09:15,True,F260007306
12083,E30,08:39,08:41,08:46,True,F260007305
12084,A14,08:37,08:41,09:01,True,F260007304
12085,L1,08:35,08:39,08:41,True,F260007302
12086,E2,08:28,08:32,08:33,True,F260007298
12087,A10,08:28,08:30,08:51,False,F260007299
12088,L1,08:27,,08:28,True,F260007299
12089,E18,08:25,08:30,09:06,True,F260007297
12090,A2,08:22,08:25,08:42,True,F260007296
12091,A10,08:13,08:17,08:28,True,F260007294
12092,A5,08:10,08:15,08:35,True,F260007291
12093,E10,08:10,08:15,08:36,False,F260007291
12094,E2,08:10,08:17,08:27,False,F260007291
12095,E24,08:06,08:13,08:33,True,F260007288
12096,A7,08:04,08:09,08:24,True,F260007285
12097,E25,08:06,08:12,08:15,True,F260007289
12098,E5,08:35,08:39,08:55,True,F260007284
12099,E5,07:56,08:00,08:13,True,F260007282
12100,E31,07:53,08:00,08:35,True,F260007279
12101,E17,07:51,07:54,08:12,True,F260007277
12102,L4,07:50,,07:56,True,F260007276
12103,E36,07:46,07:50,08:11,True,F260007275
12104,E6,07:42,07:49,07:53,True,F260007274
12105,E39,07:36,07:39,07:53,True,F260007273
12106,E10,07:24,07:28,07:42,True,F260007271
12107,E5,07:12,07:16,07:29,True,F260007269
12108,A10,07:11,07:14,07:41,True,F260007268
12109,E24,07:07,07:11,07:24,True,F260007266
12110,E8,08:07,08:14,08:15,True,F260007264
12111,A5,07:01,07:05,07:44,True,F260007263
12112,M10,07:14,07:20,08:06,False,F260007263
12113,A2,06:58,07:01,07:24,True,F260007261
12114,E34,06:52,06:55,07:14,False,F260007260
12115,M1,06:52,,07:00,True,F260007260
12116,E37,06:52,06:57,07:31,True,F260007259
12117,E28,06:33,06:37,06:47,True,F260007256
12118,L12,06:33,06:38,06:44,False,F260007256
12119,E38,06:30,06:35,06:38,True,F260007255
12120,L9,06:30,,06:36,False,F260007255
12121,A2,06:21,06:24,06:38,False,F260007254
12122,E2,06:17,,06:21,True,F260007254
12123,E13,06:15,06:20,06:44,True,F260007253
12124,A2,06:03,06:09,06:21,True,F260007248
12125,A25,05:47,05:55,06:12,True,F260007245
12126,E35,05:17,05:20,05:47,True,F260007242
12127,M18,05:18,05:25,05:36,False,F260007242
12128,E32,05:11,05:14,05:33,True,F260007240
12129,E13,05:14,05:18,05:24,True,F260007239
12130,E24,05:03,05:08,05:32,True,F260007237
12131,E29,05:03,05:07,05:28,True,F260007236
12132,A10,04:59,05:04,05:32,True,F260007235
12133,E25,05:06,05:10,05:29,False,F260007233
12134,E13,04:41,04:46,04:48,True,F260007232
12135,E11,04:22,04:29,05:01,True,F260007230
12136,M32,04:23,04:31,05:47,False,F260007230
12137,E24,04:09,04:17,04:45,True,F260007227
12138,E20,04:02,04:08,04:20,True,F260007226
12139,L5,04:01,04:12,04:22,False,F260007224
12140,L9,03:58,,04:01,True,F260007224
12141,E6,03:57,04:01,04:15,True,F260007223
12142,E32,03:52,03:55,03:57,True,F260007221
12143,E39,03:43,03:48,04:03,True,F260007219
12144,L5,03:43,03:54,04:00,False,F260007219
12145,A5,03:38,03:41,03:56,True,F260007218
12146,E26,03:12,03:15,04:06,False,F260007212
12147,E32,03:07,,03:12,True,F260007212
12148,A10,03:05,,03:14,False,F260007207
12149,A14,03:05,,03:09,False,F260007207
12150,AIR10,03:05,,03:13,False,F260007207
12151,B5,03:05,03:12,04:06,False,F260007207
12152,B7,03:05,,03:13,False,F260007207
12153,DEP1,03:05,,03:13,False,F260007207
12154,E10,03:05,,03:13,False,F260007207
12155,E11,03:05,,03:13,False,F260007207
12156,E13,03:05,03:12,03:25,False,F260007207
12157,E26,03:05,,03:12,False,F260007207
12158,E27,02:59,03:05,04:05,True,F260007207
12159,E36,03:05,,03:13,False,F260007207
12160,E5,03:05,,03:14,False,F260007207
12161,FB1,03:08,,03:13,False,F260007207
12162,FIREBOAT,03:05,,03:13,False,F260007207
12163,L1,03:05,,03:11,False,F260007207
12164,L11,03:05,,03:13,False,F260007207
12165,L12,03:05,,03:13,False,F260007207
12166,M26,03:05,,03:13,False,F260007207
12167,MAR5,03:05,03:28,05:17,False,F260007207
12168,MRN1,03:05,,03:12,False,F260007207
12169,PTRL4,03:05,,03:14,False,F260007207
12170,R1,03:05,03:11,03:26,False,F260007207
12171,REHAB1,03:05,,03:14,False,F260007207
12172,STAF10,03:05,,03:13,False,F260007207
12173,E6,02:57,03:01,03:14,True,F260007206
12174,E28,02:46,02:49,03:10,True,F260007202
12175,A25,02:48,03:02,03:13,False,F260007203
12176,B6,02:48,02:53,03:22,False,F260007203
12177,E16,02:52,02:57,03:06,False,F260007203
12178,E17,02:48,02:53,03:56,True,F260007203
12179,E38,02:48,,02:52,False,F260007203
12180,L9,02:48,02:54,03:31,False,F260007203
12181,M17,02:48,02:54,03:46,False,F260007203
12182,M31,02:48,02:58,03:06,False,F260007203
12183,M44,02:48,02:56,03:47,False,F260007203
12184,SAFT2,02:48,02:58,03:22,False,F260007203
12185,E39,02:43,02:58,03:30,True,F260007201
12186,E25,02:43,02:47,02:49,True,F260007199
12187,E26,02:38,02:50,03:03,True,F260007198
12188,E16,02:34,02:39,02:49,True,F260007197
12189,E11,02:17,02:24,02:40,True,F260007196
12190,A25,02:12,02:17,02:21,True,F260007195
12191,A5,02:09,02:15,02:44,True,F260007194
12192,E18,01:57,02:01,02:15,True,F260007193
12193,E24,01:54,01:58,02:22,True,F260007191
12194,E31,01:32,01:37,02:00,False,F260007189
12195,M31,01:32,01:39,02:06,True,F260007189
12196,E25,01:19,,01:22,True,F260007186
12197,A2,01:18,01:18,01:26,True,F260007185
12198,A10,01:10,01:14,01:32,True,F260007184
12199,A2,00:47,00:51,01:17,True,F260007182
12200,E25,00:36,00:40,00:49,True,F260007178
12201,L10,00:36,00:40,00:48,False,F260007178
12202,A5,00:31,00:37,00:58,True,F260007176
12203,E33,00:14,00:18,00:31,True,F260007175
12204,M28,00:17,,00:24,False,F260007175
12205,E9,00:09,00:14,00:34,True,F260007173
12206,A10,00:09,00:14,00:31,True,F260007172
12207,E29,00:04,00:09,00:36,False,F260007171
12208,M32,00:04,00:14,00:50,True,F260007171
12209,L8,23:54,23:59,00:02,True,F260007168
12210,E24,23:51,00:05,00:23,True,F260007167
12211,E38,23:48,23:54,00:06,True,F260007166
12212,E18,23:49,23:52,00:19,True,F260007165
12213,A25,23:45,23:50,23:55,True,F260007164
12214,E16,23:41,23:45,00:15,True,F260007163
12215,L9,23:41,23:46,23:56,False,F260007163
12216,E13,23:29,23:32,00:04,True,F260007162
12217,M10,23:37,23:44,00:25,False,F260007162
12218,L12,23:27,23:37,23:42,True,F260007161
12219,A5,23:23,23:26,23:40,True,F260007160
12220,A10,23:19,23:23,23:23,False,F260007159
12221,E6,23:19,23:23,23:36,False,F260007159
12222,M1,23:19,23:25,23:40,True,F260007159
12223,E20,23:13,23:19,23:45,True,F260007156
12224,E9,23:11,23:15,23:29,True,F260007153
12225,E30,23:09,23:22,23:30,True,F260007154
12226,E17,23:03,23:06,23:25,True,F260007151
12227,E24,23:04,23:08,23:35,False,F260007152
12228,M31,23:04,23:11,23:40,True,F260007152
12229,A2,23:02,23:06,23:25,False,F260007150
12230,E2,23:02,,23:07,False,F260007150
12231,M10,23:02,23:09,23:09,True,F260007150
12232,E25,23:02,23:06,23:14,True,F260007149
12233,L10,23:02,23:06,23:15,False,F260007149
12234,E35,22:47,23:02,23:40,True,F260007147
12235,E24,22:14,22:20,22:37,True,F260007142
12236,E18,22:15,22:21,22:22,True,F260007143
12237,E31,22:00,22:06,22:16,True,F260007140
12238,E6,22:00,22:08,22:17,True,F260007139
12239,E39,21:49,21:54,22:22,True,F260007137
12240,E17,21:43,21:46,21:54,True,F260007136
12241,L9,21:43,21:47,21:57,False,F260007136
12242,E13,21:34,21:39,21:57,True,F260007134
12243,M28,21:35,21:41,22:00,False,F260007134
12244,A2,21:29,21:32,21:49,True,F260007131
12245,A2,21:27,,21:28,True,F260007127
12246,E33,21:13,21:17,21:29,True,F260007126
12247,E10,21:04,21:07,21:24,True,F260007125
12248,L1,21:04,21:07,21:12,False,F260007125
12249,A2,21:03,21:08,21:24,True,F260007124
12250,E30,21:00,21:03,21:17,True,F260007123
12251,A25,20:57,21:01,21:06,True,F260007121
12252,E10,20:48,20:54,20:57,True,F260007119
12253,A2,20:29,20:34,20:55,True,F260007116
12254,E38,20:26,20:30,21:03,True,F260007114
12255,M17,20:27,20:36,21:03,False,F260007114
12256,E10,20:21,20:25,20:34,True,F260007113
12257,L1,20:21,20:26,20:39,False,F260007113
12258,L13,20:19,20:23,20:27,True,F260007112
12259,E32,20:00,20:04,20:25,True,F260007110
12260,A5,19:57,,20:00,False,F260007109
12261,E25,20:00,20:02,20:13,False,F260007109
12262,E6,19:57,20:01,20:47,False,F260007109
12263,M1,19:59,20:02,21:07,True,F260007109
12264,M10,19:57,,19:59,False,F260007109
12265,E39,19:46,19:51,20:28,True,F260007107
12266,A25,19:57,20:02,20:13,True,F260007105
12267,E40,19:25,19:27,19:45,True,F260007102
12268,A31,19:15,19:21,19:48,False,F260007100
12269,M31,19:15,19:20,20:20,True,F260007100
12270,E13,19:10,19:14,19:22,True,F260007099
12271,L3,19:10,,19:15,False,F260007099
12272,R1,19:09,,19:21,True,F260007098
12273,A5,19:07,,19:08,False,F260007095
12274,E10,19:07,,19:08,True,F260007095
12275,E5,19:07,,19:08,False,F260007095
12276,B2,19:07,19:12,19:53,False,F260007096
12277,E25,19:07,19:10,19:53,True,F260007096
12278,L10,19:07,19:11,19:53,False,F260007096
12279,E6,19:03,19:06,19:20,True,F260007094
12280,E40,19:01,19:05,19:24,True,F260007093
12281,E33,19:00,19:05,19:22,True,F260007092
12282,E9,18:58,19:02,19:18,True,F260007091
12283,M18,18:58,,19:05,False,F260007091
12284,E40,18:52,18:58,18:59,True,F260007089
12285,E39,18:46,18:54,19:15,True,F260007087
12286,E10,18:45,18:51,18:54,True,F260007086
12287,E26,18:27,18:27,18:41,True,F260007084
12288,E37,18:25,18:34,18:40,True,F260007082
12289,E29,18:25,18:32,18:58,True,F260007083
12290,A4,18:22,18:30,18:57,False,F260007081
12291,E2,18:22,18:30,18:40,True,F260007081
12292,E5,18:22,,18:34,False,F260007081
12293,E25,18:16,18:25,18:26,True,F260007079
12294,E30,18:16,18:19,18:32,True,F260007078
12295,A25,18:15,,18:16,True,F260007076
12296,A10,18:05,18:08,18:45,True,F260007075
12297,M1,18:18,18:20,19:31,False,F260007075
12298,M10,18:17,,18:18,False,F260007075
12299,E37,17:50,17:54,18:02,True,F260007073
12300,L13,17:50,17:54,18:02,False,F260007073
12301,E18,17:44,17:48,17:50,True,F260007069
12302,E20,17:47,17:51,18:05,False,F260007070
12303,M1,17:47,,17:53,True,F260007070
12304,E13,17:40,17:46,18:04,True,F260007067
12305,E6,17:40,17:46,17:52,True,F260007066
12306,E11,17:30,17:36,17:38,True,F260007062
12307,A25,17:33,17:37,17:40,True,F260007061
12308,A5,17:24,17:27,17:51,False,F260007059
12309,M10,17:24,17:29,17:50,True,F260007059
12310,E30,17:24,17:29,17:52,False,F260007058
12311,M1,17:24,,17:25,False,F260007058
12312,M28,17:25,17:30,17:44,True,F260007058
12313,B6,17:19,17:23,17:26,False,F260007057
12314,E17,17:19,17:21,17:36,True,F260007057
12315,L9,17:19,17:23,17:36,False,F260007057
12316,E5,17:14,17:19,17:25,True,F260007056
12317,E6,17:03,17:05,17:14,True,F260007053
12318,L1,17:03,,17:04,False,F260007053
12319,L3,17:04,,17:07,False,F260007053
12320,L1,17:04,17:07,17:28,True,F260007050
12321,L3,16:52,,17:04,False,F260007050
12322,A25,16:47,16:51,17:11,True,F260007049
12323,E16,16:44,16:48,17:20,True,F260007045
12324,E17,16:41,16:45,17:14,True,F260007043
12325,L1,16:34,16:38,16:58,True,F260007041
12326,R1,16:38,16:46,17:01,False,F260007041
12327,A4,16:33,16:37,16:48,True,F260007040
12328,L4,16:30,16:45,17:12,True,F260007039
12329,R1,16:20,16:25,16:35,True,F260007036
12330,A31,16:17,16:21,16:29,True,F260007035
12331,E18,16:15,16:18,16:38,True,F260007034
12332,E2,16:14,16:18,16:35,True,F260007032
12333,L4,16:14,16:20,16:21,False,F260007032
12334,A4,16:11,16:15,16:20,True,F260007031
12335,A10,16:01,16:04,16:19,True,F260007030
12336,E16,15:59,16:05,16:30,True,F260007029
12337,E17,15:54,16:03,16:16,True,F260007028
12338,A25,15:49,15:52,16:04,True,F260007027
12339,E16,15:47,15:50,15:52,True,F260007026
12340,L12,15:48,15:51,16:16,True,F260007025
12341,M28,15:59,16:04,17:25,False,F260007025
12342,E35,15:45,15:53,16:07,True,F260007022
12343,L10,15:43,15:56,16:22,True,F260007021
12344,A25,15:35,,15:38,False,F260007018
12345,E34,15:38,15:38,15:59,True,F260007018
12346,A4,15:31,15:34,15:59,True,F260007017
12347,E36,15:25,15:32,15:51,True,F260007013
12348,E13,15:27,15:34,15:46,True,F260007014
12349,E6,15:26,15:30,15:50,True,F260007012
12350,MIH,15:34,,15:41,False,F260007012
12351,E26,15:22,15:24,15:44,True,F260007009
12352,A31,15:22,15:32,15:49,False,F260007010
12353,E17,15:22,15:32,15:44,True,F260007010
12354,E31,15:22,15:31,15:49,False,F260007010
12355,E2,15:15,15:19,16:05,True,F260007005
12356,L4,15:15,15:19,15:44,False,F260007005
12357,E30,15:17,,15:42,True,F260007007
12358,E34,15:16,15:21,15:38,True,F260007006
12359,E25,15:14,15:20,15:20,True,F260007004
12360,L10,15:14,15:18,15:23,False,F260007004
12361,E10,15:14,15:19,15:41,False,F260007003
12362,M10,15:14,15:21,16:26,True,F260007003
12363,A5,15:11,15:14,15:29,True,F260007002
12364,L11,15:09,15:11,15:26,True,F260007001
12365,H2,15:09,,17:58,True,F260007000
12366,A10,15:04,15:07,15:19,True,F260006999
12367,L12,15:02,15:06,15:40,True,F260006998
12368,E18,15:00,15:04,15:22,True,F260006997
12369,M18,15:01,15:07,15:07,False,F260006997
12370,E32,14:53,14:58,15:18,True,F260006993
12371,E6,14:48,14:50,14:59,True,F260006992
12372,H98,14:36,14:45,14:53,True,F260006990
12373,E30,14:37,14:42,14:56,True,F260006989
12374,A4,14:36,14:39,15:01,False,F260006988
12375,M10,14:36,,14:42,True,F260006988
12376,E21,14:35,14:39,15:00,True,F260006987
12377,A5,14:30,14:33,14:37,True,F260006985
12378,E33,14:29,14:32,14:51,True,F260006986
12379,E39,14:22,14:25,14:37,False,F260006984
12380,E40,14:22,14:25,14:29,False,F260006984
12381,M17,14:22,,14:29,True,F260006984
12382,E11,14:11,14:17,15:04,True,F260006980
12383,E33,14:08,14:12,14:18,True,F260006977
12384,L12,14:08,14:12,14:14,False,F260006977
12385,E5,14:10,14:12,14:25,True,F260006979
12386,A4,14:07,14:11,14:21,True,F260006976
12387,E5,14:07,,14:10,True,F260006975
12388,L4,14:07,,14:10,False,F260006975
12389,E22,14:08,14:12,14:25,True,F260006973
12390,L9,14:08,14:14,14:21,False,F260006973
12391,A25,14:14,14:17,14:42,False,F260006972
12392,M1,14:14,14:20,15:20,True,F260006972
12393,H98,14:06,14:16,14:32,True,F260006974
12394,E21,14:01,14:05,14:13,True,F260006969
12395,E17,13:56,14:00,14:25,True,F260006968
12396,E18,13:57,14:00,14:01,True,F260006967
12397,E26,13:48,13:53,14:14,True,F260006965
12398,A4,13:37,13:43,13:47,True,F260006963
12399,A31,13:37,13:47,14:30,True,F260006962
12400,A10,13:36,13:36,13:42,True,F260006961
12401,E39,13:29,13:36,13:45,True,F260006958
12402,L5,13:29,13:35,13:43,False,F260006958
12403,L10,13:18,13:21,13:40,True,F260006955
12404,A5,13:16,13:19,13:34,True,F260006954
12405,H1,13:13,13:13,13:54,True,F260006953
12406,E29,13:10,13:15,13:31,True,F260006952
12407,E25,13:09,13:14,13:33,True,F260006950
12408,E2,13:08,13:13,13:43,True,F260006947
12409,M17,13:09,13:19,13:43,False,F260006947
12410,A25,13:09,13:11,13:29,True,F260006948
12411,A4,13:05,13:08,13:24,True,F260006946
12412,E10,12:56,12:58,13:02,True,F260006945
12413,L1,12:56,12:59,13:03,False,F260006945
12414,E40,12:55,12:58,13:29,True,F260006944
12415,A25,12:55,12:59,13:04,False,F260006943
12416,E25,12:54,,12:55,False,F260006943
12417,E6,12:53,12:56,13:55,True,F260006943
12418,M31,12:54,12:58,14:56,False,F260006943
12419,E28,12:48,12:51,13:03,True,F260006940
12420,R1,12:48,,12:53,False,F260006940
12421,E24,12:45,12:50,12:54,True,F260006939
12422,E30,12:38,12:42,12:51,True,F260006938
12423,E13,12:37,12:41,12:47,True,F260006937
12424,E2,12:38,12:42,12:57,True,F260006936
12425,E6,12:34,12:36,12:43,True,F260006935
12426,L3,12:34,12:36,12:41,False,F260006935
12427,E18,12:31,12:34,12:42,False,F260006934
12428,M18,12:31,12:35,12:42,True,F260006934
12429,H98,12:29,12:29,12:39,True,F260006933
12430,E37,12:21,12:24,12:37,True,F260006931
12431,A2,12:19,12:23,13:38,True,F260006930
12432,M10,12:41,12:49,14:20,False,F260006930
12433,A2,12:17,,12:18,False,F260006928
12434,A4,12:17,12:20,12:52,False,F260006928
12435,E2,12:15,,12:17,False,F260006928
12436,M1,12:18,12:23,13:34,True,F260006928
12437,M17,12:15,,12:18,False,F260006928
12438,E32,12:13,12:18,12:42,False,F260006926
12439,M1,12:13,,12:15,False,F260006926
12440,M32,12:15,12:19,12:20,True,F260006926
12441,E24,12:13,12:16,12:28,True,F260006925
12442,B5,12:11,12:16,12:20,False,F260006924
12443,E30,12:11,12:15,12:24,True,F260006924
12444,L12,12:11,12:16,12:20,False,F260006924
12445,A31,12:07,12:13,12:19,True,F260006923
12446,E20,12:01,12:03,12:25,True,F260006921
12447,E35,11:59,12:06,12:12,True,F260006919
12448,L5,11:59,12:05,12:19,False,F260006919
12449,A25,12:00,12:06,12:54,True,F260006920
12450,E25,11:57,12:00,12:33,True,F260006917
12451,H98,11:59,,12:00,False,F260006917
12452,H99,12:00,12:04,13:00,False,F260006917
12453,L3,11:57,12:03,12:05,False,F260006917
12454,M10,11:57,12:02,12:34,False,F260006917
12455,A10,11:47,,11:48,False,F260006877
12456,A5,11:46,11:51,12:01,False,F260006877
12457,M32,11:47,,11:51,False,F260006877
12458,E34,11:45,11:51,12:01,False,F260006876
12459,L8,11:37,11:44,12:02,False,F260006868
12460,E37,11:35,11:50,12:02,False,F260006867
12461,L1,11:33,11:49,12:02,False,F260006866
12462,A4,11:33,11:38,11:48,False,F260006864
12463,A25,11:26,11:48,12:02,False,F260006862
12464,E25,11:23,,11:28,False,F260006860
12465,E25,11:28,11:47,11:50,False,F260006860
12466,A25,11:19,,11:23,False,F260006858
12467,E13,11:23,11:36,11:45,False,F260006858
12468,M1,11:19,11:45,12:02,False,F260006858
12469,B4,11:16,11:21,12:02,False,F260006857
12470,E18,11:16,11:22,11:41,False,F260006857
12471,L9,11:16,,11:26,False,F260006857
12472,E8,11:25,11:34,11:34,False,F260006856
12473,L6,11:23,,11:28,False,F260006856
12474,L1,11:13,11:18,11:33,False,F260006853
12475,E24,11:11,11:16,12:02,False,F260006852
12476,M17,11:21,,11:42,False,F260006852
12477,MIH,11:31,,11:43,False,F260006852
12478,E10,11:08,11:13,11:38,False,F260006850
12479,A10,11:04,11:10,11:36,False,F260006849
12480,E30,10:58,,11:38,False,F260006717
12481,E6,10:58,,11:38,False,F260006717
12482,M31,10:58,,11:34,True,F260006717
12483,E13,10:58,11:03,11:23,False,F260006845
12484,E25,10:56,11:01,11:11,False,F260006844
12485,L4,10:56,11:02,11:11,False,F260006844
12486,A5,10:52,11:08,11:41,False,F260006843
12487,M10,10:57,10:59,12:03,False,F260006843
12488,M17,10:53,,10:57,False,F260006843
12489,E8,10:51,10:55,11:24,False,F260006842
12490,M10,10:51,,10:57,False,F260006842
12491,M17,10:57,,11:06,False,F260006842
12492,H1,10:47,,11:36,False,F260006841
12493,E36,10:41,10:50,11:02,False,F260006840
12494,E37,10:37,10:43,11:00,False,F260006839
12495,A10,10:29,,10:38,False,F260006836
12496,E13,10:38,10:49,10:56,False,F260006836
12497,A25,10:27,10:33,10:43,False,F260006835
12498,E9,10:26,10:44,11:13,False,F260006834
12499,A4,10:24,,10:33,False,F260006833
12500,E16,10:21,10:33,10:38,False,F260006832
12501,E18,10:11,,10:12,False,F260006828
12502,E31,10:04,10:09,10:29,False,F260006826
12503,E27,10:03,10:09,12:03,False,F260006825
12504,B5,09:58,10:11,10:14,False,F260006824
12505,E10,09:58,10:05,10:18,False,F260006824
12506,L1,09:58,10:05,10:19,False,F260006824
12507,E24,09:51,10:03,10:03,False,F260006822
12508,E38,09:46,09:51,10:01,False,F260006820
12509,L10,09:46,,09:51,False,F260006820
12510,A10,09:38,09:42,09:50,False,F260006819
12511,E16,09:28,,09:30,False,F260006816
12512,M17,09:28,09:28,09:50,False,F260006816
12513,E34,09:25,09:39,09:40,False,F260006815
12514,FIREBOAT,09:25,,09:34,False,F260006815
12515,L10,09:25,,09:40,False,F260006815
12516,L13,09:26,09:32,09:42,False,F260006814
12517,E17,09:26,09:30,10:21,False,F260006813
12518,MIH,09:47,,09:53,False,F260006813
12519,E24,09:21,09:23,09:39,False,F260006812
12520,L6,09:21,,09:31,False,F260006812
12521,H2,09:36,,12:03,False,F260006810
12522,E37,09:12,09:19,09:34,False,F260006808
12523,M26,09:16,,09:22,False,F260006808
12524,E39,09:10,09:29,09:53,False,F260006807
12525,E39,09:53,09:55,10:30,False,F260006807
12526,A4,09:14,,09:22,False,F260006809
12527,E13,09:17,09:20,09:32,False,F260006809
12528,E30,09:14,,09:17,False,F260006809
12529,E36,09:14,09:29,09:32,False,F260006809
12530,E33,09:03,09:06,09:31,False,F260006804
12531,E20,09:25,09:32,09:46,False,F260006805
12532,E22,09:04,09:09,09:23,False,F260006805
12533,E22,09:24,,09:25,False,F260006805
12534,E2,08:59,09:04,09:13,False,F260006803
12535,L10,09:01,,09:02,False,F260006803
12536,L4,09:02,,09:05,False,F260006803
12537,L6,08:59,,09:01,False,F260006803
12538,E8,08:58,09:03,09:26,False,F260006802
12539,A10,08:52,09:03,10:47,True,F260006715
12540,E28,08:48,08:51,09:02,True,F260006714
12541,E13,08:47,08:56,09:02,True,F260006713
12542,A2,08:42,08:48,09:03,False,F260006712
12543,M10,08:42,08:51,11:33,True,F260006712
12544,A25,08:45,08:49,11:37,True,F260006711
12545,E39,08:39,08:43,09:05,True,F260006709
12546,L9,08:39,08:48,10:48,False,F260006709
12547,A5,08:37,08:40,09:01,True,F260006708
12548,E5,08:26,08:30,09:05,True,F260006705
12549,L4,08:26,08:30,09:03,False,F260006705
12550,E31,08:03,08:05,08:25,True,F260006701
12551,A5,08:03,08:06,08:31,True,F260006700
12552,A25,07:56,07:59,08:25,True,F260006699
12553,E25,07:44,,07:46,True,F260006698
12554,E17,07:36,07:40,07:47,True,F260006694
12555,A2,07:24,,07:29,True,F260006692
12556,L8,07:30,07:42,07:50,True,F260006691
12557,L9,07:24,,07:30,False,F260006691
12558,E16,07:23,07:26,07:51,False,F260006690
12559,M17,07:23,07:29,07:57,True,F260006690
12560,E24,07:20,07:24,07:39,True,F260006689
12561,L5,07:20,,07:23,False,F260006689
12562,L8,07:24,,07:30,False,F260006689
12563,L9,07:30,,07:32,False,F260006689
12564,E31,07:06,07:11,07:33,True,F260006686
12565,A10,07:04,07:07,07:46,True,F260006685
12566,M1,07:18,07:32,08:22,False,F260006685
12567,A10,07:47,07:49,08:44,False,F260006684
12568,A5,07:11,07:17,07:44,False,F260006684
12569,AIR10,07:11,07:23,08:52,False,F260006684
12570,B2,06:50,06:57,09:04,False,F260006684
12571,B5,07:11,07:18,07:37,False,F260006684
12572,DECON1,07:11,,07:37,False,F260006684
12573,DEP1,07:11,07:15,07:39,False,F260006684
12574,E10,06:50,06:54,,True,F260006684
12575,E2,07:11,07:20,07:34,False,F260006684
12576,E25,07:11,07:20,07:34,False,F260006684
12577,E27,07:11,07:22,07:37,False,F260006684
12578,E36,07:11,07:20,07:36,False,F260006684
12579,E5,07:11,07:16,08:13,False,F260006684
12580,E6,07:11,07:18,07:55,False,F260006684
12581,HAZ1,07:11,07:26,,False,F260006684
12582,L1,06:50,06:55,,False,F260006684
12583,L3,07:11,07:19,07:40,False,F260006684
12584,L4,07:11,07:20,07:55,False,F260006684
12585,M10,07:11,07:20,07:43,False,F260006684
12586,M44,07:11,,07:44,False,F260006684
12587,PIO,07:59,,08:06,False,F260006684
12588,PIO2,08:03,08:20,,False,F260006684
12589,R1,07:11,07:19,07:44,False,F260006684
12590,SAFT2,07:11,07:15,08:13,False,F260006684
12591,STAF10,07:11,07:16,08:13,False,F260006684
12592,E28,06:45,06:49,06:53,True,F260006683
12593,L12,06:45,06:50,06:52,False,F260006683
12594,E21,06:36,06:40,06:47,True,F260006681
12595,E5,06:29,,06:31,True,F260006680
12596,E9,06:13,06:16,06:40,True,F260006676
12597,L9,06:14,,06:18,False,F260006676
12598,M17,06:14,06:21,06:22,False,F260006676
12599,A5,06:04,06:09,06:28,True,F260006671
12600,E17,06:02,06:11,06:28,True,F260006670
12601,E5,05:57,06:01,06:15,True,F260006669
12602,L1,05:57,06:02,06:14,False,F260006669
12603,A10,05:53,05:56,06:12,True,F260006668
12604,L11,05:48,05:56,06:08,True,F260006667
12605,L9,05:37,05:56,06:05,True,F260006666
12606,E17,05:36,05:41,06:00,True,F260006665
12607,A25,05:32,05:35,05:57,True,F260006664
12608,A14,05:15,05:21,05:36,True,F260006663
12609,E25,05:12,05:16,05:20,True,F260006662
12610,E18,05:07,05:14,05:22,True,F260006660
12611,A5,05:08,,05:17,True,F260006661
12612,R1,05:00,05:04,05:17,True,F260006658
12613,A2,04:56,05:01,05:18,True,F260006657
12614,E2,04:45,04:50,04:53,True,F260006655
12615,E25,04:24,04:28,04:51,True,F260006652
12616,L10,04:24,04:28,04:51,False,F260006652
12617,E28,04:01,04:05,04:25,True,F260006650
12618,M28,04:10,04:16,05:12,False,F260006650
12619,A10,03:58,04:03,04:20,True,F260006649
12620,E39,03:43,03:47,03:49,True,F260006646
12621,A25,03:42,03:44,04:03,True,F260006647
12622,E20,03:32,,03:43,False,F260006645
12623,E8,03:43,03:58,03:59,True,F260006645
12624,A2,03:22,03:27,03:37,True,F260006644
12625,M1,03:23,03:31,03:34,False,F260006644
12626,A25,03:10,03:16,03:36,True,F260006641
12627,E18,03:19,03:25,03:38,True,F260006640
12628,E40,02:49,02:53,03:26,True,F260006639
12629,M17,02:59,03:09,03:52,False,F260006639
12630,A2,02:48,02:53,03:02,True,F260006638
12631,A25,02:42,02:46,02:56,True,F260006637
12632,E17,02:33,02:38,02:59,True,F260006633
12633,A5,02:18,02:21,02:35,True,F260006630
12634,E21,02:15,02:19,02:34,True,F260006629
12635,E10,02:07,02:09,02:24,True,F260006627
12636,L1,02:07,02:10,02:25,False,F260006627
12637,A10,01:57,02:02,02:13,True,F260006621
12638,E6,01:41,01:45,02:05,True,F260006617
12639,L3,01:41,01:45,02:04,False,F260006617
12640,E17,01:36,01:47,02:01,True,F260006615
12641,B5,01:33,01:33,01:34,False,F260006614
12642,E21,01:28,01:33,02:09,False,F260006614
12643,E35,01:28,01:33,02:54,False,F260006614
12644,M31,01:28,01:35,03:26,True,F260006614
12645,E24,01:27,01:36,01:45,True,F260006612
12646,E31,01:27,01:32,01:51,True,F260006613
12647,A14,01:22,,01:32,True,F260006610
12648,A5,01:22,,01:32,False,F260006610
12649,AIR10,01:22,,01:32,False,F260006610
12650,B2,01:22,,01:30,False,F260006610
12651,B5,01:22,01:29,01:32,False,F260006610
12652,B5,01:34,01:34,02:24,False,F260006610
12653,DEP1,01:22,,01:32,False,F260006610
12654,E13,01:22,01:27,01:32,False,F260006610
12655,E27,01:22,,01:32,False,F260006610
12656,E28,01:22,01:32,01:54,False,F260006610
12657,E30,01:22,01:26,01:56,False,F260006610
12658,E6,01:22,01:29,01:32,False,F260006610
12659,L1,01:22,,01:30,False,F260006610
12660,L12,01:22,01:27,01:51,False,F260006610
12661,L3,01:22,01:29,01:32,False,F260006610
12662,M28,01:22,01:27,01:31,False,F260006610
12663,M44,01:22,,01:32,False,F260006610
12664,MAR5,01:22,,01:32,False,F260006610
12665,MAR5,01:51,02:19,02:32,False,F260006610
12666,R1,01:22,,01:32,False,F260006610
12667,REHAB1,01:22,,01:32,False,F260006610
12668,SAFT2,01:22,,01:30,False,F260006610
12669,STAF10,01:22,,01:32,False,F260006610
12670,A10,01:01,01:06,01:23,True,F260006609
12671,E20,00:49,00:54,01:22,True,F260006607
12672,M18,01:00,01:08,01:30,False,F260006607
12673,E17,00:16,00:21,00:35,True,F260006601
12674,E31,23:25,23:29,23:36,True,F260006596
12675,B7,23:19,23:25,23:56,False,F260006594
12676,E11,23:19,23:25,23:41,False,F260006594
12677,E37,23:19,23:25,23:56,True,F260006594
12678,M32,23:19,23:29,23:56,False,F260006594
12679,M44,23:19,,23:56,False,F260006594
12680,A2,23:18,23:21,23:30,True,F260006593
12681,E40,23:08,23:13,23:23,True,F260006592
12682,L9,23:08,23:15,23:26,False,F260006592
12683,E28,23:05,23:12,23:35,True,F260006591
12684,M28,23:05,23:13,23:22,False,F260006591
12685,E30,23:04,,23:06,True,F260006588
12686,E8,23:01,23:06,23:19,True,F260006587
12687,L6,23:01,23:06,23:20,False,F260006587
12688,E33,22:42,22:47,23:09,True,F260006582
12689,E31,22:49,22:56,23:11,True,F260006581
12690,E8,22:32,22:37,22:51,True,F260006579
12691,E5,22:30,22:33,22:48,True,F260006578
12692,E24,22:27,22:32,22:42,True,F260006577
12693,A14,22:25,22:28,22:40,True,F260006576
12694,A25,22:19,22:24,22:44,True,F260006573
12695,E28,22:16,22:21,22:26,True,F260006572
12696,E36,23:32,23:36,23:49,True,F260006570
12697,E31,22:03,22:06,22:23,True,F260006568
12698,M31,22:08,22:11,22:22,False,F260006568
12699,E10,21:39,21:42,22:04,False,F260006563
12700,E5,21:39,21:43,22:04,False,F260006563
12701,M10,21:39,21:44,22:21,True,F260006563
12702,E30,21:24,21:28,22:33,False,F260006560
12703,E6,21:24,21:29,21:57,False,F260006560
12704,M1,21:24,21:39,22:11,True,F260006560
12705,E24,21:24,21:26,21:58,True,F260006559
12706,E13,21:20,21:24,21:32,True,F260006558
12707,E17,21:17,21:20,21:31,True,F260006557
12708,A5,21:14,21:19,21:32,True,F260006556
12709,L4,21:12,21:20,21:31,True,F260006555
12710,A2,21:07,21:11,21:32,True,F260006553
12711,L8,20:46,20:50,20:57,True,F260006549
12712,E18,20:42,20:45,21:06,True,F260006548
12713,E30,20:37,20:42,20:46,True,F260006547
12714,A2,20:33,,20:35,False,F260006546
12715,A4,20:35,20:36,20:57,True,F260006546
12716,E28,20:29,20:33,20:57,True,F260006544
12717,A10,21:07,21:10,21:38,True,F260006543
12718,A31,20:14,20:22,20:34,True,F260006539
12719,E35,20:05,20:08,20:33,True,F260006536
12720,L5,20:05,20:11,20:22,False,F260006536
12721,E30,19:59,20:01,20:19,True,F260006535
12722,E17,19:56,20:05,20:08,True,F260006534
12723,B4,19:55,,19:56,True,F260006533
12724,A4,20:08,20:15,20:34,True,F260006530
12725,E38,19:42,19:51,20:05,True,F260006526
12726,E28,19:37,19:42,19:58,True,F260006525
12727,A4,19:35,19:38,19:54,True,F260006524
12728,M10,19:36,,19:40,False,F260006524
12729,A5,19:34,19:37,19:51,True,F260006523
12730,E25,19:28,19:31,19:50,True,F260006521
12731,L10,19:28,19:33,19:52,False,F260006521
12732,A25,19:31,19:34,19:53,True,F260006522
12733,E25,19:18,19:22,19:24,True,F260006519
12734,E39,19:14,19:16,19:47,True,F260006518
12735,L9,19:14,19:23,19:43,False,F260006518
12736,E31,19:14,19:20,19:40,True,F260006517
12737,L5,19:22,19:25,19:33,False,F260006517
12738,L8,19:14,,19:22,False,F260006517
12739,E17,19:11,19:14,19:31,True,F260006514
12740,L5,19:10,19:10,19:21,True,F260006515
12741,E6,19:08,19:12,19:22,True,F260006512
12742,L1,19:08,19:12,19:21,False,F260006512
12743,E24,19:06,19:10,19:47,True,F260006510
12744,M31,19:08,19:14,20:47,False,F260006510
12745,E16,19:05,19:09,19:19,True,F260006507
12746,E10,19:00,19:04,19:09,True,F260006506
12747,E5,19:00,19:03,19:31,True,F260006505
12748,M1,19:07,19:14,19:59,False,F260006505
12749,E35,19:00,19:05,19:19,True,F260006504
12750,A10,18:56,19:01,19:12,True,F260006503
12751,EVENT14,18:52,18:52,22:06,True,F260006502
12752,HUSKY-EMS,18:52,18:52,22:06,False,F260006502
12753,E37,18:48,19:00,19:21,True,F260006500
12754,A31,18:38,18:40,19:06,True,F260006498
12755,E25,18:33,18:37,18:42,True,F260006497
12756,E27,18:25,18:26,18:45,True,F260006495
12757,A25,18:26,18:30,18:49,True,F260006494
12758,E13,18:24,18:29,18:50,True,F260006493
12759,M28,18:24,18:30,18:54,False,F260006493
12760,A2,18:23,18:26,18:31,True,F260006489
12761,B7,18:21,18:27,18:29,False,F260006487
12762,E29,18:21,18:24,19:13,True,F260006487
12763,L11,18:21,18:27,19:13,False,F260006487
12764,E30,18:16,18:20,18:36,True,F260006484
12765,E5,18:13,18:18,18:22,True,F260006483
12766,A5,18:11,18:18,18:37,True,F260006482
12767,H99,18:14,18:18,18:20,False,F260006482
12768,L1,18:09,18:18,18:29,True,F260006481
12769,E33,18:10,18:13,18:34,False,F260006480
12770,M28,18:10,18:18,18:18,True,F260006480
12771,E35,18:01,18:04,18:44,True,F260006479
12772,M18,18:17,18:26,18:38,False,F260006479
12773,E18,18:00,18:05,18:38,True,F260006478
12774,E22,17:59,18:07,18:33,True,F260006477
12775,M17,18:00,18:08,18:34,False,F260006477
12776,E17,17:58,18:00,18:11,True,F260006476
12777,L9,17:58,18:00,18:13,False,F260006476
12778,E25,17:57,18:00,18:19,True,F260006474
12779,A2,17:49,,17:51,False,F260006473
12780,A4,17:51,17:56,18:28,True,F260006473
12781,M10,17:59,18:07,19:09,False,F260006473
12782,E18,17:43,,17:44,True,F260006471
12783,L5,17:43,,17:48,True,F260006470
12784,EVENT13,17:49,17:49,,True,F260006468
12785,PLEDG-EMS,17:50,17:50,,False,F260006468
12786,E28,17:40,17:40,17:49,True,F260006469
12787,A25,17:40,17:47,18:12,False,F260006467
12788,M10,17:40,,17:48,True,F260006467
12789,A10,17:42,17:52,18:12,False,F260006466
12790,H98,17:40,,17:42,True,F260006466
12791,A2,17:29,17:32,17:44,True,F260006465
12792,E24,17:26,17:27,17:53,False,F260006463
12793,M31,17:26,,17:33,True,F260006463
12794,L1,17:25,17:37,18:07,True,F260006462
12795,E18,17:22,17:27,17:34,True,F260006460
12796,L8,17:22,17:27,17:34,False,F260006460
12797,A2,17:19,,17:20,False,F260006459
12798,A4,17:20,17:23,17:46,True,F260006459
12799,E11,17:07,17:13,17:31,True,F260006456
12800,M32,17:08,,17:16,False,F260006456
12801,A5,17:05,17:15,17:35,False,F260006455
12802,E13,17:05,17:15,17:35,True,F260006455
12803,E36,17:05,,17:08,False,F260006455
12804,E5,17:08,17:10,17:36,False,F260006455
12805,E27,17:03,17:05,17:10,True,F260006453
12806,L11,16:58,17:06,17:15,True,F260006452
12807,E30,16:56,16:56,17:11,True,F260006451
12808,E10,16:49,16:52,17:03,True,F260006450
12809,L1,16:49,16:52,17:05,False,F260006450
12810,E38,16:45,16:50,17:26,True,F260006448
12811,M17,16:55,17:03,17:57,False,F260006448
12812,L3,16:46,16:55,17:15,True,F260006447
12813,E25,16:45,,16:46,False,F260006446
12814,E5,16:40,,16:45,False,F260006446
12815,E5,16:46,16:46,17:07,True,F260006446
12816,L10,16:40,16:45,16:57,False,F260006446
12817,E39,16:42,16:46,17:11,True,F260006444
12818,E24,16:37,16:43,17:13,True,F260006442
12819,A10,16:37,16:40,16:42,True,F260006441
12820,L5,16:27,16:49,17:21,True,F260006436
12821,A25,16:21,16:25,16:46,True,F260006434
12822,E17,16:14,16:22,16:26,True,F260006430
12823,L3,16:11,,16:14,True,F260006429
12824,A5,16:11,16:16,16:32,False,F260006428
12825,L1,16:11,,16:12,True,F260006428
12826,E31,16:11,16:15,16:45,True,F260006427
12827,M31,16:11,16:17,17:25,False,F260006427
12828,E27,16:08,16:13,16:36,True,F260006425
12829,E13,16:05,,16:07,False,F260006424
12830,E30,16:06,16:07,16:27,False,F260006424
12831,E6,16:05,16:09,16:10,False,F260006424
12832,M10,16:05,,16:10,True,F260006424
12833,CHAP5,16:49,,19:18,False,F260006423
12834,E29,16:04,16:09,17:09,True,F260006423
12835,L11,16:05,16:14,16:51,False,F260006423
12836,M1,16:05,16:20,18:02,False,F260006423
12837,M44,16:16,16:26,16:41,False,F260006423
12838,E25,16:35,16:40,16:44,True,F260006422
12839,E30,15:50,15:59,16:06,True,F260006416
12840,A10,15:47,15:50,16:24,True,F260006415
12841,L4,15:42,15:54,15:56,True,F260006413
12842,E32,15:42,15:47,16:06,False,F260006412
12843,M32,15:42,15:48,16:55,True,F260006412
12844,H1,15:37,15:47,16:01,True,F260006411
12845,E17,15:34,15:37,15:49,True,F260006410
12846,L9,15:34,15:38,15:51,False,F260006410
12847,E13,15:30,15:35,16:02,True,F260006409
12848,L1,15:29,,15:30,True,F260006407
12849,E10,15:29,15:36,15:43,True,F260006408
12850,E21,15:26,15:29,15:42,True,F260006405
12851,L5,15:26,,15:33,False,F260006405
12852,E18,15:26,15:30,15:48,True,F260006404
12853,A25,15:23,15:26,15:36,True,F260006401
12854,L12,15:17,15:21,15:23,True,F260006399
12855,E25,14:55,14:56,15:24,True,F260006395
12856,A5,14:50,14:52,14:56,False,F260006394
12857,E25,14:50,,14:53,False,F260006394
12858,H99,14:52,14:53,15:03,False,F260006394
12859,M1,14:50,,14:53,True,F260006394
12860,E32,14:42,,14:44,False,F260006392
12861,E37,14:44,14:46,15:09,False,F260006392
12862,M32,14:42,14:48,14:49,True,F260006392
12863,A4,14:37,14:40,15:09,False,F260006390
12864,M10,14:37,,14:46,True,F260006390
12865,E25,14:32,14:37,14:47,True,F260006389
12866,L10,14:32,14:38,14:51,False,F260006389
12867,H1,14:33,14:38,15:33,True,F260006388
12868,H1,14:17,14:17,14:26,True,F260006387
12869,E37,14:17,14:22,14:43,True,F260006386
12870,E6,14:12,14:17,14:35,True,F260006385
12871,E28,14:11,14:16,14:33,True,F260006384
12872,E16,14:06,14:09,14:36,True,F260006382
12873,L9,14:06,14:11,14:12,False,F260006382
12874,E34,13:55,13:58,14:55,True,F260006378
12875,E25,13:53,13:55,14:13,True,F260006377
12876,E41,13:52,13:56,14:31,True,F260006376
12877,M18,13:52,14:00,14:33,False,F260006376
12878,E17,13:43,13:48,13:54,True,F260006371
12879,L9,13:43,13:49,13:51,False,F260006371
12880,E39,13:49,13:55,14:13,True,F260006373
12881,E28,13:42,13:46,13:56,True,F260006370
12882,E35,13:23,13:29,13:42,True,F260006366
12883,E5,13:21,,13:23,False,F260006367
12884,L4,13:23,13:26,13:42,True,F260006367
12885,L3,13:17,13:19,13:50,True,F260006364
12886,E6,13:15,13:19,13:43,True,F260006363
12887,M1,13:21,13:27,14:06,False,F260006363
12888,A25,13:09,13:12,13:22,True,F260006361
12889,L4,13:08,13:17,13:20,True,F260006360
12890,A5,13:11,13:21,13:29,True,F260006359
12891,H1,13:04,13:37,14:03,True,F260006358
12892,A2,13:05,13:09,13:34,True,F260006357
12893,A4,13:02,13:05,13:22,True,F260006355
12894,E38,12:53,13:00,13:24,True,F260006352
12895,E28,12:49,12:55,13:10,True,F260006350
12896,E25,12:48,12:52,13:43,True,F260006349
12897,L10,12:48,12:53,13:43,False,F260006349
12898,MAR5,12:57,13:10,13:59,False,F260006349
12899,E30,12:47,12:49,12:57,True,F260006347
12900,L3,12:47,,12:52,False,F260006347
12901,E5,12:46,,12:47,True,F260006346
12902,E13,12:44,12:49,13:10,True,F260006343
12903,E21,12:38,12:43,12:56,True,F260006340
12904,H2,12:36,,15:44,True,F260006338
12905,A25,12:36,12:40,13:02,False,F260006337
12906,M10,12:36,12:40,13:20,True,F260006337
12907,M28,12:36,,12:36,False,F260006337
12908,A31,12:29,12:34,12:58,True,F260006336
12909,L9,12:26,12:36,13:14,True,F260006334
12910,E16,12:24,12:27,12:45,True,F260006331
12911,L9,12:23,,12:24,False,F260006331
12912,E41,12:12,12:17,12:40,True,F260006328
12913,M18,12:13,12:22,12:22,False,F260006328
12914,E30,12:08,12:12,12:35,False,F260006327
12915,M32,12:08,12:20,13:11,True,F260006327
12916,E24,12:50,12:54,13:13,True,F260006326
12917,L13,12:02,12:09,12:18,True,F260006324
12918,E37,11:57,12:01,12:09,True,F260006323
12919,L13,11:57,,12:01,False,F260006323
12920,A25,11:57,12:01,12:24,False,F260006321
12921,M10,11:57,12:04,12:36,True,F260006321
12922,A4,11:59,12:04,12:08,False,F260006322
12923,B2,11:59,,12:00,False,F260006322
12924,B6,12:00,12:03,12:09,False,F260006322
12925,E2,11:59,12:02,12:33,True,F260006322
12926,M1,11:59,12:02,12:36,False,F260006322
12927,M44,11:59,12:04,12:26,False,F260006322
12928,E17,11:55,11:58,12:19,True,F260006319
12929,EVENT12,11:47,11:47,11:51,True,F260006318
12930,E24,11:40,11:44,12:04,True,F260006316
12931,E17,11:32,11:36,11:50,True,F260006315
12932,E2,11:22,11:26,11:31,True,F260006313
12933,L4,11:22,11:26,11:27,False,F260006313
12934,E8,11:26,11:31,11:46,True,F260006312
12935,E28,11:12,11:16,11:27,True,F260006307
12936,H98,11:05,11:08,11:18,True,F260006305
12937,E37,11:00,11:11,11:25,True,F260006304
12938,E25,10:57,11:00,11:13,True,F260006303
12939,A4,10:56,10:59,11:12,True,F260006302
12940,E18,10:54,10:57,11:34,True,F260006301
12941,A10,10:47,11:00,11:11,False,F260006300
12942,E10,10:47,10:51,11:20,False,F260006300
12943,M28,10:47,10:54,10:58,True,F260006300
12944,A5,10:46,10:54,11:09,True,F260006299
12945,E9,10:45,10:49,10:54,True,F260006298
12946,A25,10:41,10:46,11:15,False,F260006297
12947,M1,10:41,10:51,11:51,True,F260006297
12948,E20,10:38,10:44,11:07,True,F260006294
12949,E27,10:19,10:24,10:32,True,F260006291
12950,L1,10:19,,10:26,False,F260006291
12951,E13,10:16,10:21,10:37,True,F260006290
12952,L5,10:10,10:19,10:27,True,F260006288
12953,E34,10:04,10:08,10:32,False,F260006287
12954,M1,10:04,,10:05,False,F260006287
12955,M10,10:05,10:13,10:49,True,F260006287
12956,E30,09:59,10:02,10:14,True,F260006285
12957,L3,09:59,10:02,10:14,False,F260006285
12958,E21,09:55,09:58,10:04,True,F260006283
12959,E16,09:51,09:55,10:17,True,F260006279
12960,E10,09:49,09:57,10:04,True,F260006278
12961,B2,09:49,09:56,10:17,False,F260006277
12962,E2,09:49,09:56,10:17,True,F260006277
12963,L4,09:49,09:58,10:17,False,F260006277
12964,A4,09:43,09:46,10:09,True,F260006275
12965,E9,09:40,09:46,10:04,True,F260006274
12966,A25,09:39,09:43,10:06,False,F260006273
12967,M1,09:39,09:46,09:50,True,F260006273
12968,E28,09:36,09:38,09:48,True,F260006271
12969,A10,09:31,09:34,09:37,True,F260006269
12970,H99,09:36,09:38,09:40,False,F260006269
12971,E2,09:31,09:33,09:38,True,F260006270
12972,E26,09:27,09:33,09:44,True,F260006267
12973,B2,09:25,09:36,09:38,False,F260006264
12974,E8,09:25,09:33,09:59,True,F260006264
12975,L10,09:25,09:36,09:38,False,F260006264
12976,L10,09:39,09:41,09:58,False,F260006264
12977,A31,09:22,09:28,09:49,True,F260006263
12978,E9,09:21,09:25,09:30,True,F260006262
12979,E2,09:18,09:27,09:30,True,F260006261
12980,L6,09:18,,09:24,False,F260006261
12981,E32,09:17,09:24,09:39,True,F260006260
12982,L4,09:17,09:25,09:33,True,F260006259
12983,A4,09:15,09:18,09:21,True,F260006258
12984,E30,09:11,09:14,09:15,True,F260006257
12985,A31,09:01,09:08,09:22,True,F260006256
12986,E6,08:54,08:56,09:18,True,F260006255
12987,E16,08:51,08:53,08:58,False,F260006254
12988,E35,08:58,09:03,09:29,False,F260006254
12989,M1,08:54,,08:59,False,F260006254
12990,M17,08:59,09:04,09:28,True,F260006254
12991,M32,08:53,,08:54,False,F260006254
12992,A5,08:51,08:55,09:19,True,F260006252
12993,E36,08:50,,08:56,True,F260006251
12994,R1,08:50,08:53,08:58,False,F260006251
12995,E20,08:47,08:51,09:14,True,F260006249
12996,E39,08:43,08:52,09:11,True,F260006248
12997,A2,08:42,08:46,09:00,True,F260006247
12998,L4,08:42,,08:42,False,F260006247
12999,E5,08:40,08:44,08:52,True,F260006242
13000,E9,08:30,08:36,09:00,False,F260006239
13001,M17,08:30,08:35,08:59,True,F260006239
13002,E28,08:26,08:31,08:41,True,F260006237
13003,E2,08:22,08:26,08:41,True,F260006236
13004,E37,08:21,08:27,08:40,True,F260006235
13005,E18,08:19,08:22,08:47,True,F260006234
13006,E32,08:17,08:19,08:37,False,F260006233
13007,H11,08:21,,09:06,False,F260006233
13008,L11,08:17,08:19,08:23,False,F260006233
13009,M32,08:17,,08:21,True,F260006233
13010,E34,08:14,08:20,08:40,True,F260006232
13011,M17,08:15,,08:24,False,F260006232
13012,A10,08:14,08:17,08:41,True,F260006229
13013,E13,08:11,08:20,08:26,True,F260006227
13014,E2,08:10,08:13,08:19,True,F260006226
13015,A5,08:06,08:08,08:43,True,F260006224
13016,M28,08:07,08:20,09:27,False,F260006224
13017,E36,08:02,08:10,08:18,True,F260006221
13018,M32,08:05,08:13,08:15,False,F260006221
13019,A25,08:17,,08:18,False,F260006222
13020,E24,08:17,08:18,10:16,False,F260006222
13021,E31,08:04,,08:06,False,F260006222
13022,L5,08:06,08:11,09:18,True,F260006222
13023,M31,08:18,08:23,10:17,False,F260006222
13024,M44,08:17,,08:18,False,F260006222
13025,E24,07:56,08:01,08:17,True,F260006219
13026,E11,07:51,07:56,07:58,True,F260006217
13027,E30,07:47,,07:50,True,F260006215
13028,E34,07:45,,07:47,True,F260006214
13029,E8,07:39,07:44,08:31,True,F260006212
13030,M18,07:52,08:03,08:58,False,F260006212
13031,E2,07:38,07:42,07:57,True,F260006210
13032,E16,07:36,07:40,07:56,True,F260006209
13033,A14,07:28,07:32,08:04,True,F260006207
13034,M1,07:31,07:39,07:54,False,F260006207
13035,R1,07:31,,07:33,False,F260006207
13036,A2,07:28,07:36,08:41,True,F260006205
13037,M1,07:54,08:01,08:54,False,F260006205
13038,M32,07:42,,07:54,False,F260006205
13039,E31,07:25,07:30,07:38,True,F260006204
13040,L5,07:25,07:31,07:34,False,F260006204
13041,E10,07:25,07:29,07:32,True,F260006203
13042,L1,07:25,,07:29,False,F260006203
13043,E33,07:20,07:27,07:38,True,F260006201
13044,E18,07:20,,07:23,True,F260006202
13045,A10,07:07,07:12,07:59,True,F260006199
13046,A5,07:02,07:05,07:17,True,F260006197
13047,E2,06:56,07:00,07:04,True,F260006196
13048,E17,06:54,06:57,07:35,False,F260006195
13049,M17,06:54,06:57,08:07,True,F260006195
13050,E30,06:48,06:51,07:07,True,F260006193
13051,E2,06:39,,06:42,True,F260006191
13052,A10,06:14,06:18,06:36,True,F260006184
13053,M10,06:15,06:19,06:23,False,F260006184
13054,E6,06:11,06:24,06:24,True,F260006183
13055,E16,05:43,05:47,06:18,False,F260006180
13056,L9,05:43,05:47,06:18,False,F260006180
13057,M17,05:43,05:48,06:20,True,F260006180
13058,E17,05:36,05:40,06:31,True,F260006179
13059,M18,05:47,05:58,07:16,False,F260006179
13060,E2,05:25,05:32,05:34,True,F260006177
13061,A14,05:21,05:25,05:58,True,F260006175
13062,M1,05:22,05:30,06:33,False,F260006175
13063,E27,05:17,05:19,05:33,True,F260006174
13064,E17,05:14,05:18,05:30,True,F260006173
13065,E37,05:08,05:15,05:31,False,F260006172
13066,M32,05:08,,05:20,True,F260006172
13067,E33,04:44,04:48,05:12,True,F260006171
13068,M28,04:47,04:57,05:59,False,F260006171
13069,E39,04:40,04:45,04:59,True,F260006170
13070,L8,04:22,04:32,04:53,True,F260006166
13071,E31,04:12,04:17,04:44,True,F260006165
13072,E24,04:13,04:18,04:29,True,F260006164
13073,E38,04:05,04:10,04:12,True,F260006163
13074,B2,03:52,03:54,03:56,False,F260006161
13075,E25,03:52,03:54,03:56,True,F260006161
13076,L10,03:52,03:54,03:55,False,F260006161
13077,A5,03:36,03:40,03:53,True,F260006160
13078,E9,03:10,03:16,03:50,True,F260006156
13079,M18,03:28,03:36,03:54,False,F260006156
13080,E13,03:09,03:13,04:34,True,F260006155
13081,M10,03:17,03:24,05:06,False,F260006155
13082,E6,03:00,03:04,03:14,True,F260006154
13083,L3,03:00,03:07,03:09,False,F260006154
13084,E24,03:02,03:05,03:26,False,F260006152
13085,L3,03:18,,03:20,False,F260006152
13086,L3,03:20,,03:20,False,F260006152
13087,L5,02:57,,03:02,True,F260006152
13088,E24,02:43,02:47,03:01,True,F260006151
13089,E25,02:41,02:43,03:15,True,F260006150
13090,L10,02:41,02:43,03:10,False,F260006150
13091,E32,02:38,02:41,02:58,False,F260006149
13092,M32,02:38,02:44,02:46,True,F260006149
13093,E10,02:25,02:29,02:35,True,F260006148
13094,L1,02:25,02:29,02:34,False,F260006148
13095,A2,02:24,02:28,02:30,True,F260006147
13096,E5,02:25,,02:26,False,F260006147
13097,M10,02:25,,02:26,False,F260006147
13098,E17,02:19,02:26,02:35,True,F260006145
13099,E31,02:17,02:24,02:57,True,F260006144
13100,L5,02:29,02:37,02:52,False,F260006144
13101,E33,02:07,02:12,02:55,True,F260006141
13102,E35,01:53,01:58,02:24,False,F260006137
13103,M18,01:53,02:01,02:53,True,F260006137
13104,A25,01:46,01:51,01:59,True,F260006136
13105,A2,01:34,01:39,01:50,True,F260006132
13106,E16,01:05,01:11,01:45,True,F260006127
13107,M31,01:05,01:14,02:11,False,F260006127
13108,B7,01:03,01:09,01:26,False,F260006126
13109,E32,01:03,01:08,01:35,True,F260006126
13110,L11,01:03,01:08,01:25,False,F260006126
13111,L11,01:28,01:28,01:57,False,F260006126
13112,E9,00:56,01:02,01:18,True,F260006123
13113,E21,00:56,01:01,01:27,True,F260006124
13114,L9,00:56,01:02,01:27,False,F260006124
13115,E17,00:37,00:41,00:51,True,F260006118
13116,L9,00:37,00:42,00:52,False,F260006118
13117,A25,00:37,00:42,00:53,True,F260006119
13118,E21,00:22,00:28,00:30,True,F260006116
13119,E17,00:06,00:12,00:27,True,F260006113
13120,E25,00:03,00:07,00:18,True,F260006111
13121,L10,00:03,00:07,00:18,False,F260006111
13122,E33,00:00,00:04,00:17,True,F260006110
13123,E2,23:58,00:02,00:13,True,F260006109
13124,L4,23:58,00:03,00:14,False,F260006109
13125,E20,23:44,23:50,00:13,True,F260006107
13126,E11,23:41,23:46,00:01,True,F260006106
13127,E35,22:58,23:04,23:34,True,F260006102
13128,A10,22:54,22:56,23:26,True,F260006100
13129,E37,22:51,22:55,23:14,True,F260006099
13130,E24,22:50,22:55,23:21,True,F260006098
13131,E41,22:49,22:58,23:31,True,F260006097
13132,E31,22:48,22:52,23:02,True,F260006096
13133,L10,22:45,22:52,23:03,True,F260006095
13134,A5,22:40,22:44,23:36,True,F260006092
13135,M1,23:01,23:07,23:28,False,F260006092
13136,A25,22:40,22:42,22:54,False,F260006093
13137,E25,22:40,22:43,22:53,False,F260006093
13138,M10,22:40,22:46,22:55,True,F260006093
13139,E2,22:40,22:44,22:49,True,F260006091
13140,A2,22:43,22:46,23:04,True,F260006089
13141,A10,22:34,22:37,22:52,True,F260006086
13142,E18,22:33,22:39,22:50,True,F260006085
13143,E17,22:28,22:31,22:47,True,F260006084
13144,E35,22:26,22:30,22:34,True,F260006083
13145,E11,22:26,22:30,23:15,True,F260006082
13146,M32,22:34,22:47,00:10,False,F260006082
13147,E20,22:19,22:26,23:15,True,F260006081
13148,E8,22:29,22:34,23:11,False,F260006081
13149,M18,22:29,22:33,23:38,False,F260006081
13150,A25,22:07,22:12,22:40,True,F260006080
13151,E41,21:53,21:58,22:22,False,F260006079
13152,M18,21:53,22:03,22:28,True,F260006079
13153,A5,21:50,21:53,22:10,True,F260006078
13154,E9,21:44,21:47,21:58,True,F260006077
13155,L6,21:44,,21:52,False,F260006077
13156,B5,21:42,21:52,21:57,False,F260006075
13157,E26,21:42,21:46,22:11,True,F260006075
13158,E27,21:42,,21:56,False,F260006075
13159,M26,21:42,,21:56,False,F260006075
13160,M44,21:42,,21:56,False,F260006075
13161,A25,21:36,21:38,21:50,True,F260006073
13162,E20,21:35,21:38,21:40,True,F260006072
13163,A10,21:31,21:34,21:48,True,F260006071
13164,E17,21:26,21:26,21:31,True,F260006069
13165,E30,21:26,21:30,21:41,True,F260006068
13166,E2,21:24,21:28,21:31,True,F260006067
13167,E33,21:21,21:24,21:58,False,F260006066
13168,M28,21:21,21:28,22:27,True,F260006066
13169,E31,21:15,21:15,21:26,False,F260006065
13170,L5,21:12,,21:15,True,F260006065
13171,E18,21:10,21:14,21:14,True,F260006063
13172,E2,21:01,21:04,21:13,True,F260006060
13173,E31,20:52,20:56,21:14,True,F260006057
13174,E5,20:47,20:50,20:57,True,F260006056
13175,A14,20:44,20:48,21:04,True,F260006055
13176,E9,20:41,20:45,20:46,False,F260006053
13177,E9,20:51,20:52,20:58,True,F260006053
13178,A2,20:42,20:44,20:49,False,F260006052
13179,E2,20:42,,20:43,True,F260006052
13180,E37,20:39,20:45,21:13,False,F260006051
13181,M32,20:39,20:48,21:13,True,F260006051
13182,E17,20:58,21:02,21:09,True,F260006050
13183,E38,20:36,20:41,21:31,True,F260006049
13184,M17,20:42,20:50,21:24,False,F260006049
13185,A2,20:36,20:39,20:42,False,F260006048
13186,A4,20:34,,20:36,False,F260006048
13187,E2,20:43,20:46,20:48,True,F260006048
13188,E33,20:32,20:36,21:01,True,F260006045
13189,M28,20:32,,20:34,False,F260006045
13190,A5,20:33,20:37,20:56,True,F260006046
13191,E6,20:28,20:30,20:36,True,F260006043
13192,L3,20:28,20:30,20:37,False,F260006043
13193,E25,20:19,20:23,20:24,True,F260006041
13194,A10,20:12,20:14,20:57,False,F260006040
13195,M1,20:12,,20:16,True,F260006040
13196,E5,20:10,20:12,20:21,True,F260006039
13197,A14,20:06,20:09,20:21,True,F260006038
13198,A25,20:06,20:09,20:26,True,F260006037
13199,E9,19:58,20:01,20:12,True,F260006035
13200,E31,19:55,20:01,20:25,True,F260006034
13201,E28,19:53,,19:58,True,F260006032
13202,A2,19:43,,20:06,True,F260006031
13203,E2,19:43,19:54,20:05,False,F260006031
13204,E5,19:43,19:54,20:08,False,F260006031
13205,E17,19:37,19:40,19:45,True,F260006030
13206,E25,19:27,19:30,19:54,True,F260006028
13207,A2,19:23,19:27,19:32,True,F260006027
13208,E8,19:21,19:27,19:31,True,F260006026
13209,A4,19:12,19:18,20:03,True,F260006024
13210,A31,19:09,19:12,19:34,True,F260006023
13211,A5,19:06,19:09,19:28,True,F260006017
13212,E39,19:03,19:10,19:32,True,F260006016
13213,A10,19:00,19:03,19:42,True,F260006015
13214,A25,18:57,19:11,19:21,True,F260006014
13215,E25,19:10,19:14,19:20,False,F260006014
13216,E5,18:59,19:03,19:10,True,F260006013
13217,E27,18:45,18:48,19:10,True,F260006008
13218,E9,18:52,18:59,19:19,True,F260006009
13219,E8,18:41,,18:44,True,F260006007
13220,L4,18:30,18:36,18:52,True,F260006004
13221,E25,18:29,18:35,18:45,True,F260006003
13222,E17,18:19,18:23,18:35,True,F260005998
13223,L9,18:19,18:22,18:35,False,F260005998
13224,A25,18:15,18:16,18:50,False,F260005995
13225,E25,18:15,,18:16,True,F260005995
13226,MIH,18:21,,18:39,False,F260005995
13227,MIH,18:44,,18:50,False,F260005995
13228,E39,18:10,18:15,18:36,True,F260005994
13229,A5,18:05,18:09,18:23,True,F260005993
13230,E41,18:01,18:05,19:49,True,F260005992
13231,M18,18:08,18:20,20:10,False,F260005992
13232,E11,18:38,18:42,19:01,True,F260005991
13233,A25,17:56,18:00,18:15,True,F260005987
13234,E18,17:56,18:06,18:06,True,F260005989
13235,E9,17:48,17:55,17:55,False,F260005982
13236,E9,18:00,18:00,18:21,True,F260005982
13237,L11,17:45,17:50,18:25,False,F260005981
13238,M32,17:45,17:53,19:33,True,F260005981
13239,A2,17:43,17:49,18:10,True,F260005979
13240,E8,17:43,17:47,18:17,True,F260005980
13241,A10,17:39,17:41,17:58,True,F260005978
13242,E40,17:36,17:39,18:12,True,F260005977
13243,E29,17:34,17:40,17:56,True,F260005976
13244,A4,17:29,17:32,17:46,True,F260005975
13245,E32,17:33,17:39,18:12,True,F260005974
13246,EVENT13,17:24,17:24,,False,F260005972
13247,PLEDG-EMS,17:24,17:24,,True,F260005972
13248,E36,17:23,17:29,17:45,True,F260005971
13249,L13,17:23,17:30,17:43,False,F260005971
13250,H1,17:21,17:24,18:11,True,F260005970
13251,B5,17:13,,17:20,False,F260005968
13252,E27,17:13,17:16,17:32,True,F260005968
13253,L12,17:13,,17:20,False,F260005968
13254,A10,17:07,,17:08,True,F260005965
13255,A5,17:08,17:22,17:34,False,F260005965
13256,E18,16:52,16:56,17:29,False,F260005964
13257,M18,16:52,16:58,17:26,True,F260005964
13258,H1,16:44,16:44,17:20,True,F260005962
13259,E13,16:39,16:45,16:52,True,F260005958
13260,E9,16:37,16:43,17:30,True,F260005957
13261,E10,16:37,16:40,16:52,True,F260005956
13262,FB4,16:35,16:35,18:16,False,F260005955
13263,FIREBOAT,16:34,16:34,16:35,True,F260005955
13264,A25,16:33,16:35,17:07,True,F260005954
13265,A10,16:31,16:34,16:50,True,F260005953
13266,H2,16:23,16:34,17:18,True,F260005950
13267,A25,16:19,16:22,16:30,True,F260005946
13268,H1,16:17,,16:37,True,F260005945
13269,L11,16:12,16:20,17:31,True,F260005944
13270,E10,16:11,16:13,16:35,False,F260005943
13271,M10,16:11,16:15,16:49,True,F260005943
13272,E32,16:10,16:15,16:52,True,F260005942
13273,M32,16:11,16:17,17:01,False,F260005942
13274,E26,16:03,16:08,16:39,True,F260005940
13275,A31,15:52,15:56,16:20,True,F260005938
13276,A5,15:52,15:57,16:46,False,F260005936
13277,E10,15:51,,15:52,True,F260005936
13278,E11,15:51,15:56,15:59,True,F260005937
13279,B2,15:42,,15:46,False,F260005935
13280,E10,15:42,,15:46,True,F260005935
13281,L1,15:42,,15:45,False,F260005935
13282,A10,15:41,15:43,16:28,True,F260005934
13283,M1,15:54,15:58,16:15,False,F260005934
13284,A25,15:43,15:51,16:17,False,F260005933
13285,E25,15:40,,15:43,True,F260005933
13286,A31,15:44,,15:49,True,F260005932
13287,E9,15:35,15:39,15:56,True,F260005931
13288,E30,15:27,15:28,15:51,True,F260005927
13289,H1,15:26,,15:28,True,F260005926
13290,H2,15:27,15:39,16:22,False,F260005926
13291,A5,15:27,15:34,15:52,True,F260005925
13292,E18,15:22,15:26,15:41,True,F260005921
13293,E11,15:18,15:23,15:48,True,F260005917
13294,A25,15:20,15:24,15:42,False,F260005920
13295,M10,15:20,,15:27,True,F260005920
13296,E2,15:15,15:18,15:24,True,F260005916
13297,L4,15:15,15:20,15:22,False,F260005916
13298,E24,15:15,15:20,15:54,False,F260005915
13299,M1,15:17,,15:28,False,F260005915
13300,M28,15:15,,15:18,True,F260005915
13301,M31,15:28,15:36,15:55,False,F260005915
13302,L11,15:11,15:15,15:41,True,F260005912
13303,E32,15:08,15:11,15:44,True,F260005910
13304,M10,15:09,,15:17,False,F260005910
13305,M26,15:17,15:33,16:12,False,F260005910
13306,E39,15:11,,15:12,False,F260005909
13307,E39,15:14,15:19,15:58,False,F260005909
13308,E40,15:11,,15:12,False,F260005909
13309,H99,15:18,15:33,16:09,False,F260005909
13310,L5,15:14,15:20,15:39,False,F260005909
13311,M18,15:11,,15:12,False,F260005909
13312,M18,15:14,15:26,16:14,True,F260005909
13313,A31,15:06,15:11,15:16,True,F260005908
13314,E26,15:03,15:07,15:32,True,F260005906
13315,E6,14:57,15:01,15:09,True,F260005904
13316,L10,14:57,,15:03,False,F260005904
13317,E9,14:57,15:01,15:32,True,F260005903
13318,M18,14:58,,15:07,False,F260005903
13319,E11,14:39,14:46,14:48,True,F260005900
13320,A31,14:37,14:40,14:56,False,F260005899
13321,M31,14:37,14:41,15:27,True,F260005899
13322,E17,14:32,14:39,15:06,True,F260005898
13323,E13,14:30,14:32,15:02,True,F260005897
13324,A10,14:25,14:27,14:59,False,F260005895
13325,M1,14:27,14:33,15:17,False,F260005895
13326,M31,14:25,,14:27,True,F260005895
13327,E28,14:22,14:27,14:41,True,F260005893
13328,E2,14:21,14:22,14:33,False,F260005892
13329,M1,14:21,14:26,14:27,True,F260005892
13330,E17,14:15,14:19,14:22,True,F260005890
13331,L1,14:11,14:16,14:25,True,F260005889
13332,A2,14:02,,14:04,True,F260005887
13333,A4,14:03,14:08,14:32,False,F260005887
13334,M10,14:03,14:11,14:49,False,F260005887
13335,A31,14:02,14:07,14:23,True,F260005888
13336,A25,14:01,14:04,14:18,True,F260005885
13337,E16,13:58,14:05,14:12,True,F260005884
13338,E33,13:54,13:59,14:55,True,F260005883
13339,M26,14:13,14:25,15:17,False,F260005883
13340,L3,13:55,14:02,14:25,True,F260005881
13341,A25,13:43,,13:45,True,F260005879
13342,E34,13:44,13:48,14:07,False,F260005879
13343,E18,13:43,13:47,14:08,False,F260005877
13344,L8,13:42,,13:43,True,F260005877
13345,E17,13:39,13:47,14:04,True,F260005875
13346,L11,13:33,13:42,14:07,False,F260005873
13347,M32,13:33,13:40,14:40,True,F260005873
13348,E28,13:33,13:36,13:59,True,F260005872
13349,E6,13:27,13:30,13:35,True,F260005870
13350,E40,13:25,13:28,13:59,True,F260005869
13351,E18,13:33,13:37,13:41,False,F260005868
13352,E20,13:32,,13:33,True,F260005868
13353,E10,13:17,,13:22,True,F260005864
13354,A2,13:15,13:19,13:34,True,F260005863
13355,A4,13:15,13:24,13:53,True,F260005862
13356,E8,13:12,13:17,13:38,True,F260005861
13357,E28,13:10,13:15,13:31,True,F260005860
13358,A25,13:10,13:13,13:25,False,F260005859
13359,L10,13:09,,13:10,True,F260005859
13360,E25,13:02,13:04,13:25,True,F260005856
13361,M1,13:21,,13:24,False,F260005856
13362,A25,12:45,12:50,13:10,True,F260005854
13363,E30,12:29,12:32,12:55,False,F260005852
13364,M1,12:29,,12:33,True,F260005852
13365,M10,12:32,12:40,13:20,False,F260005852
13366,E38,12:17,12:21,12:42,True,F260005849
13367,M18,12:18,,12:21,False,F260005849
13368,M31,12:21,12:24,13:24,False,F260005849
13369,E5,12:16,12:25,12:47,True,F260005848
13370,H1,12:38,12:59,14:32,False,F260005848
13371,MIH,12:31,,12:38,False,F260005848
13372,A31,12:13,12:16,12:21,False,F260005846
13373,E31,12:12,,12:13,True,F260005846
13374,E21,12:12,12:15,12:24,True,F260005845
13375,E40,12:08,12:16,12:46,False,F260005844
13376,M31,12:08,,12:20,True,F260005844
13377,E32,12:02,12:09,12:39,True,F260005841
13378,M32,12:05,12:11,12:30,False,F260005841
13379,L3,11:57,12:01,12:19,True,F260005838
13380,A25,11:52,11:56,12:21,True,F260005836
13381,E10,11:52,11:56,12:09,True,F260005837
13382,L1,11:53,11:58,12:10,False,F260005837
13383,L10,11:52,,11:53,False,F260005837
13384,L12,11:51,11:57,12:16,True,F260005835
13385,E6,11:47,11:48,12:01,True,F260005832
13386,E8,11:45,11:49,11:52,False,F260005831
13387,M18,11:45,11:49,11:52,True,F260005831
13388,A31,11:39,11:44,12:13,True,F260005827
13389,A4,11:40,11:44,12:03,True,F260005828
13390,E28,11:39,11:45,12:09,False,F260005824
13391,L12,11:38,,11:39,False,F260005824
13392,M28,11:38,11:48,12:38,True,F260005824
13393,E27,11:33,11:33,11:45,True,F260005818
13394,E25,11:33,11:37,12:12,True,F260005817
13395,E10,11:28,11:33,11:41,True,F260005816
13396,L10,11:28,11:31,11:41,False,F260005816
13397,A2,11:24,11:29,11:49,False,F260005815
13398,M10,11:24,11:31,11:43,True,F260005815
13399,E30,11:25,11:28,11:47,False,F260005813
13400,L3,11:23,,11:25,True,F260005813
13401,E41,11:18,11:25,11:38,True,F260005811
13402,E13,11:16,11:26,11:27,True,F260005810
13403,L12,11:22,11:25,11:30,False,F260005810
13404,L3,11:16,,11:22,False,F260005810
13405,E38,11:10,11:14,11:36,True,F260005809
13406,E36,11:22,11:34,11:35,False,F260005808
13407,L11,11:46,11:51,12:33,True,F260005808
13408,L12,11:02,11:06,11:20,True,F260005807
13409,E24,10:59,11:02,11:21,True,F260005806
13410,E28,10:55,11:01,11:29,False,F260005804
13411,M28,10:55,11:01,11:29,True,F260005804
13412,A4,10:47,10:55,11:04,False,F260005801
13413,L4,10:46,,10:47,True,F260005801
13414,E11,10:46,10:49,10:58,True,F260005799
13415,E18,10:38,,10:40,False,F260005796
13416,L9,10:37,10:39,10:57,True,F260005796
13417,M17,10:40,10:43,12:15,False,F260005796
13418,E25,10:36,10:40,10:47,True,F260005795
13419,L4,10:36,10:40,10:41,False,F260005795
13420,E13,10:34,10:39,11:11,True,F260005794
13421,E25,10:05,10:09,10:22,True,F260005792
13422,L4,10:05,10:11,10:23,False,F260005792
13423,L1,10:01,10:05,10:08,True,F260005790
13424,E36,09:59,10:03,10:12,True,F260005788
13425,A5,09:51,09:51,10:13,True,F260005785
13426,E21,09:50,,09:53,True,F260005784
13427,A14,09:50,,09:51,True,F260005783
13428,B4,09:50,,09:52,False,F260005783
13429,B6,09:50,,09:52,False,F260005783
13430,E16,09:50,,09:52,False,F260005783
13431,E18,09:52,,09:52,False,F260005783
13432,E35,09:50,,09:52,False,F260005783
13433,E5,09:50,,09:52,False,F260005783
13434,FIREBOAT,09:50,,09:52,False,F260005783
13435,L8,09:50,,09:52,False,F260005783
13436,L9,09:50,,09:52,False,F260005783
13437,M18,09:50,,09:52,False,F260005783
13438,M44,09:50,,09:52,False,F260005783
13439,PTRL4,09:50,,09:52,False,F260005783
13440,R1,09:50,,09:52,False,F260005783
13441,SAFT2,09:50,,09:52,False,F260005783
13442,E9,09:40,09:45,10:25,True,F260005780
13443,A10,09:40,09:42,10:13,True,F260005778
13444,M1,09:40,09:44,10:08,False,F260005778
13445,A4,09:38,09:42,10:05,True,F260005777
13446,L6,09:32,09:40,10:00,True,F260005775
13447,E35,09:26,09:31,09:40,True,F260005773
13448,L8,09:26,09:32,09:33,False,F260005773
13449,E8,09:24,09:27,09:38,True,F260005772
13450,A25,09:24,09:33,09:43,False,F260005771
13451,L10,09:23,,09:24,True,F260005771
13452,E21,09:16,09:24,09:42,True,F260005768
13453,A31,09:15,09:18,09:48,True,F260005767
13454,L12,09:10,09:20,09:28,True,F260005763
13455,E20,09:21,09:25,09:52,True,F260005764
13456,A25,08:58,09:02,09:05,True,F260005760
13457,E17,08:57,,08:59,True,F260005756
13458,A5,08:56,09:06,09:27,False,F260005758
13459,E10,08:56,09:04,09:47,False,F260005758
13460,E13,08:56,09:06,09:49,True,F260005758
13461,E9,08:49,08:54,09:00,True,F260005755
13462,A2,08:49,08:52,08:53,True,F260005754
13463,E2,08:45,08:50,08:51,True,F260005753
13464,L10,08:45,08:49,08:53,False,F260005753
13465,E10,08:43,08:47,08:51,True,F260005752
13466,E29,08:42,08:49,09:28,True,F260005751
13467,M10,08:43,,08:50,False,F260005751
13468,M32,08:50,08:58,10:48,False,F260005751
13469,E18,08:41,08:47,09:01,True,F260005750
13470,E25,08:33,08:37,08:45,True,F260005747
13471,E32,08:32,08:35,08:50,True,F260005746
13472,E2,08:28,08:39,08:42,True,F260005744
13473,E38,08:30,08:31,08:36,True,F260005742
13474,E33,08:23,08:28,08:44,True,F260005738
13475,E22,08:12,08:17,08:37,True,F260005736
13476,E24,07:57,08:04,08:30,True,F260005732
13477,E33,07:57,08:09,08:09,True,F260005730
13478,E25,07:57,08:01,08:16,True,F260005729
13479,E40,07:51,07:55,08:37,True,F260005726
13480,A10,07:51,07:56,08:34,False,F260005728
13481,M1,07:51,07:55,08:45,True,F260005728
13482,E28,07:50,07:53,08:21,True,F260005727
13483,E2,07:46,07:50,08:06,True,F260005725
13484,L4,07:46,07:51,08:14,False,F260005725
13485,A25,07:33,07:36,08:53,False,F260005721
13486,E25,07:33,07:36,07:47,False,F260005721
13487,M10,07:33,,07:39,True,F260005721
13488,L12,07:29,07:33,07:49,True,F260005720
13489,E18,07:22,07:27,07:27,True,F260005718
13490,E11,07:24,07:28,07:46,False,F260005717
13491,E27,07:19,,07:24,False,F260005717
13492,M28,07:22,,07:24,False,F260005717
13493,M32,07:24,07:33,08:49,True,F260005717
13494,E24,07:12,07:15,07:26,True,F260005715
13495,E28,07:11,07:16,07:35,True,F260005714
13496,E16,07:00,07:06,07:22,False,F260005713
13497,M17,07:00,07:08,07:23,True,F260005713
13498,E28,06:45,06:50,07:05,True,F260005710
13499,L12,06:45,06:49,07:03,False,F260005710
13500,A25,06:39,06:44,07:05,True,F260005707
13501,M1,06:40,06:48,07:07,False,F260005707
13502,E31,06:21,06:25,06:41,True,F260005703
13503,E18,05:58,,06:00,True,F260005698
13504,E21,05:52,05:58,06:28,True,F260005694
13505,E33,05:40,05:44,05:44,True,F260005692
13506,L12,05:40,,05:40,False,F260005692
13507,E39,05:41,05:47,06:02,True,F260005691
13508,E18,05:36,05:41,05:50,True,F260005690
13509,E20,05:35,05:42,05:55,True,F260005689
13510,L6,05:35,05:45,05:48,False,F260005689
13511,A5,05:31,,05:34,False,F260005686
13512,A5,05:35,05:35,05:37,False,F260005686
13513,E10,05:31,,05:34,False,F260005686
13514,E10,05:35,05:35,05:57,False,F260005686
13515,M10,05:31,,05:34,False,F260005686
13516,M10,05:35,,05:37,True,F260005686
13517,A14,05:32,05:37,05:52,True,F260005687
13518,E33,05:25,05:30,05:39,True,F260005681
13519,L12,05:25,,05:32,False,F260005681
13520,E2,05:23,05:27,05:27,True,F260005680
13521,E8,05:23,05:30,05:35,True,F260005679
13522,A2,05:09,05:12,05:38,True,F260005678
13523,E9,04:55,05:00,05:25,True,F260005677
13524,L10,04:51,04:58,05:21,True,F260005675
13525,E28,04:15,04:21,04:29,True,F260005674
13526,E21,06:51,06:55,,True,F260005673
13527,E31,06:52,06:56,07:27,False,F260005673
13528,M31,06:52,06:58,,False,F260005673
13529,E11,03:55,03:59,04:05,True,F260005672
13530,L10,03:49,03:59,04:21,True,F260005671
13531,E2,03:36,03:41,03:54,True,F260005670
13532,L4,03:36,03:41,03:52,False,F260005670
13533,E40,03:33,03:38,04:00,True,F260005669
13534,A10,03:35,03:41,03:59,True,F260005668
13535,E41,03:30,03:36,03:50,True,F260005667
13536,E8,03:26,03:32,03:53,True,F260005666
13537,A2,03:24,03:28,03:50,True,F260005665
13538,M1,03:24,03:32,03:51,False,F260005665
13539,E30,03:16,03:19,03:30,True,F260005663
13540,E6,03:12,03:18,03:28,True,F260005662
13541,A5,03:10,03:14,03:26,True,F260005661
13542,E28,03:12,03:18,03:37,True,F260005660
13543,E31,03:05,03:09,03:26,True,F260005659
13544,A2,03:02,03:07,03:17,True,F260005657
13545,E6,02:54,02:58,03:06,True,F260005655
13546,L3,02:54,02:59,03:09,False,F260005655
13547,E13,02:09,02:14,02:24,True,F260005649
13548,A25,02:05,02:10,02:15,True,F260005648
13549,E35,02:04,02:11,02:53,True,F260005647
13550,E2,01:23,01:27,01:51,True,F260005646
13551,L4,01:23,01:27,01:45,False,F260005646
13552,E13,01:16,01:24,01:37,True,F260005644
13553,R1,01:18,01:21,01:42,False,F260005644
13554,L5,00:51,00:56,01:07,True,F260005642
13555,A25,00:51,00:53,01:05,False,F260005641
13556,E25,00:50,,00:51,True,F260005641
13557,E26,00:44,00:47,01:20,True,F260005638
13558,L8,00:44,01:07,01:08,True,F260005637
13559,E5,00:43,00:43,00:52,True,F260005636
13560,A25,00:33,00:35,00:51,True,F260005634
13561,E36,00:28,00:32,01:05,False,F260005633
13562,M32,00:28,00:34,00:39,True,F260005633
13563,E32,00:23,00:27,00:39,True,F260005632
13564,E22,00:11,00:16,00:54,True,F260005630
13565,M17,00:13,00:21,01:21,False,F260005630
13566,E2,00:13,00:17,00:34,True,F260005631
13567,E6,00:06,00:11,00:45,True,F260005628
13568,A10,00:00,00:04,00:20,True,F260005626
13569,A2,00:01,00:05,00:25,True,F260005627
13570,E39,23:47,23:49,00:03,True,F260005623
13571,E11,23:46,23:52,00:05,True,F260005622
13572,B2,23:43,23:49,00:51,False,F260005621
13573,E5,23:43,23:45,00:43,True,F260005621
13574,L1,23:43,23:46,00:53,False,F260005621
13575,MAR5,23:56,23:56,23:57,False,F260005621
13576,MAR5,23:58,00:05,00:54,False,F260005621
13577,E40,23:39,23:44,00:09,False,F260005618
13578,M17,23:39,23:46,00:00,True,F260005618
13579,E24,23:35,23:51,23:52,True,F260005617
13580,E17,23:29,23:35,23:42,True,F260005616
13581,E25,23:22,23:25,23:35,True,F260005613
13582,L10,23:22,23:26,23:37,False,F260005613
13583,E31,23:13,23:19,23:28,True,F260005612
13584,E34,22:58,23:03,23:11,True,F260005610
13585,E17,22:59,23:03,23:09,True,F260005611
13586,L8,22:59,,23:06,False,F260005611
13587,L9,23:06,,23:06,False,F260005611
13588,A14,22:54,,22:55,True,F260005608
13589,A25,22:54,,23:02,False,F260005608
13590,AIR10,22:54,,23:02,False,F260005608
13591,B2,22:54,,23:02,False,F260005608
13592,B6,22:54,,23:02,False,F260005608
13593,DEP1,22:54,,23:02,False,F260005608
13594,E16,22:54,,23:02,False,F260005608
13595,E24,22:54,,23:02,False,F260005608
13596,E31,22:54,,23:02,False,F260005608
13597,E39,22:54,23:00,23:19,False,F260005608
13598,E40,22:54,23:00,23:02,False,F260005608
13599,L10,22:54,,23:02,False,F260005608
13600,L5,22:54,23:02,23:22,False,F260005608
13601,L9,22:54,,23:02,False,F260005608
13602,M31,22:54,,23:02,False,F260005608
13603,M44,22:54,,23:01,False,F260005608
13604,MAR5,22:54,,23:02,False,F260005608
13605,R1,22:54,,23:02,False,F260005608
13606,REHAB1,22:54,22:56,23:02,False,F260005608
13607,SAFT2,22:54,,23:02,False,F260005608
13608,STAF10,22:54,,23:02,False,F260005608
13609,A2,22:52,22:55,22:57,True,F260005607
13610,A5,22:51,22:56,23:29,True,F260005606
13611,M10,22:51,22:59,23:20,False,F260005606
13612,E29,22:49,22:56,23:00,True,F260005605
13613,E18,22:48,22:49,23:14,True,F260005604
13614,E35,22:45,,22:48,False,F260005604
13615,E21,22:39,22:42,23:03,True,F260005599
13616,M18,22:39,22:47,23:37,False,F260005599
13617,E37,22:36,,22:42,True,F260005597
13618,E18,22:29,22:33,22:47,True,F260005596
13619,E28,22:28,22:33,23:04,True,F260005595
13620,E11,22:22,22:25,22:52,True,F260005592
13621,A25,22:18,22:21,22:28,True,F260005591
13622,E30,22:10,22:13,22:24,True,F260005587
13623,E2,22:09,22:14,22:45,True,F260005586
13624,M1,22:09,22:16,22:48,False,F260005586
13625,E32,21:58,22:01,22:25,True,F260005585
13626,E20,21:54,21:58,22:11,True,F260005583
13627,A2,21:50,21:52,22:20,False,F260005582
13628,E2,21:50,,21:51,True,F260005582
13629,M10,21:50,22:00,22:40,False,F260005582
13630,E25,21:43,21:47,21:57,True,F260005581
13631,A25,21:36,21:38,21:59,True,F260005579
13632,A10,21:31,21:38,21:51,True,F260005578
13633,A2,21:27,21:46,21:46,True,F260005577
13634,M1,21:28,,21:31,False,F260005577
13635,E40,21:28,21:32,22:02,True,F260005576
13636,E25,21:25,21:28,21:34,True,F260005575
13637,L10,21:25,21:28,21:34,False,F260005575
13638,A5,21:21,21:25,21:58,True,F260005574
13639,E41,21:14,21:29,21:37,True,F260005571
13640,E8,21:17,21:27,21:27,True,F260005572
13641,E18,21:10,21:15,21:27,False,F260005569
13642,L8,21:10,21:16,21:17,False,F260005569
13643,M18,21:10,,21:18,True,F260005569
13644,L3,21:10,21:14,21:17,True,F260005568
13645,E6,21:03,21:06,21:19,True,F260005566
13646,M10,21:04,21:11,21:15,False,F260005566
13647,A2,21:02,21:06,21:26,False,F260005565
13648,M1,21:02,21:08,21:09,True,F260005565
13649,E8,20:58,21:02,21:08,True,F260005563
13650,L6,20:58,21:03,21:08,False,F260005563
13651,L13,20:58,21:08,21:16,True,F260005564
13652,E31,20:57,21:02,21:22,True,F260005562
13653,A10,20:54,20:55,21:01,True,F260005561
13654,A5,20:49,20:54,21:04,True,F260005560
13655,E17,20:45,20:50,21:12,True,F260005558
13656,E2,20:39,20:48,20:49,True,F260005557
13657,A2,20:37,20:39,20:56,True,F260005556
13658,A10,20:36,20:37,20:53,True,F260005555
13659,E5,20:33,,20:36,False,F260005555
13660,E10,20:29,20:33,20:41,True,F260005553
13661,L1,20:29,20:34,20:41,False,F260005553
13662,E38,20:27,20:31,20:46,True,F260005552
13663,E33,20:26,20:29,20:52,True,F260005550
13664,A5,20:21,20:24,20:41,True,F260005549
13665,A10,20:11,20:14,20:35,True,F260005547
13666,L1,20:07,20:11,20:22,True,F260005546
13667,E38,19:57,20:03,20:26,True,F260005544
13668,M17,19:58,20:08,20:56,False,F260005544
13669,A5,19:46,19:47,20:00,True,F260005541
13670,E21,19:41,19:44,20:15,True,F260005540
13671,L5,19:41,19:45,19:59,False,F260005540
13672,A4,19:35,19:43,19:59,True,F260005538
13673,E25,19:34,19:37,19:47,True,F260005537
13674,L10,19:34,19:38,19:49,False,F260005537
13675,L12,19:36,19:37,20:05,True,F260005536
13676,E40,19:27,19:31,19:53,True,F260005533
13677,E2,19:28,19:32,19:58,True,F260005534
13678,L4,19:28,19:32,19:56,False,F260005534
13679,E17,19:26,19:31,19:37,True,F260005531
13680,L9,19:26,19:31,19:36,False,F260005531
13681,A31,19:21,19:27,20:24,True,F260005529
13682,M31,19:48,19:54,20:03,False,F260005529
13683,E6,19:20,19:32,19:32,True,F260005528
13684,L3,19:20,19:23,19:39,False,F260005528
13685,E11,19:18,19:23,19:30,True,F260005527
13686,L12,19:08,19:15,19:26,True,F260005524
13687,E33,19:05,19:08,19:18,True,F260005523
13688,E28,19:04,19:06,19:46,True,F260005522
13689,M28,19:25,19:31,20:23,False,F260005522
13690,A4,18:59,19:03,19:17,True,F260005521
13691,E37,18:59,19:03,19:13,True,F260005517
13692,E30,18:56,18:59,19:11,False,F260005518
13693,E6,18:56,19:00,19:14,False,F260005518
13694,M10,18:56,19:12,19:38,True,F260005518
13695,A10,18:53,18:56,19:16,True,F260005516
13696,E24,18:51,18:51,19:03,True,F260005513
13697,E18,18:47,18:49,20:17,True,F260005512
13698,M18,18:55,18:58,21:09,False,F260005512
13699,M44,19:06,19:17,20:10,False,F260005512
13700,E16,18:44,18:47,19:04,True,F260005511
13701,E21,18:44,18:48,19:27,True,F260005509
13702,E33,18:39,18:42,18:58,True,F260005507
13703,E2,18:37,18:41,18:51,True,F260005505
13704,L4,18:37,18:41,18:51,False,F260005505
13705,E38,18:32,18:37,18:54,True,F260005502
13706,E31,18:28,18:31,18:37,True,F260005499
13707,L5,18:28,18:31,18:37,False,F260005499
13708,E28,18:19,18:23,18:24,True,F260005496
13709,M28,18:21,,18:24,False,F260005496
13710,A4,18:19,18:22,18:38,True,F260005495
13711,A5,18:53,,18:58,False,F260005494
13712,A5,19:23,19:29,19:44,True,F260005494
13713,E17,18:10,18:13,18:24,True,F260005493
13714,L9,18:10,18:14,18:29,False,F260005493
13715,E18,18:04,18:08,18:27,True,F260005492
13716,E6,18:00,18:06,18:10,True,F260005489
13717,A4,17:52,17:57,18:11,True,F260005486
13718,E28,17:45,17:49,18:00,True,F260005485
13719,E6,17:45,17:47,17:54,True,F260005484
13720,A2,17:42,17:46,17:54,True,F260005483
13721,E17,17:36,17:38,18:03,False,F260005481
13722,M17,17:36,17:37,18:29,True,F260005481
13723,E24,17:30,17:35,18:08,True,F260005480
13724,E10,17:24,17:27,17:35,True,F260005478
13725,A4,17:21,17:25,17:48,True,F260005477
13726,E28,17:11,17:15,17:23,True,F260005475
13727,L12,17:11,,17:11,False,F260005475
13728,E2,17:00,17:05,17:13,True,F260005472
13729,L4,17:00,17:06,17:14,False,F260005472
13730,E10,16:59,17:03,17:19,True,F260005471
13731,L1,16:59,17:02,17:19,False,F260005471
13732,R1,16:59,17:08,17:33,True,F260005470
13733,E28,16:54,16:59,17:04,True,F260005469
13734,H2,16:52,16:52,17:52,True,F260005468
13735,E38,16:51,,16:55,True,F260005467
13736,M17,16:52,16:53,17:34,False,F260005467
13737,L13,16:43,16:49,17:06,True,F260005463
13738,E28,16:38,16:42,16:47,True,F260005460
13739,E40,16:38,16:43,17:19,False,F260005459
13740,M31,16:38,16:49,17:43,True,F260005459
13741,A5,16:35,16:37,17:03,False,F260005458
13742,M1,16:35,16:41,17:20,True,F260005458
13743,E10,16:29,16:32,16:40,True,F260005456
13744,L1,16:29,16:32,16:43,False,F260005456
13745,A2,16:24,16:27,16:49,True,F260005455
13746,M10,16:24,,16:34,False,F260005455
13747,E11,16:23,16:33,16:39,True,F260005454
13748,A25,16:18,16:20,16:32,True,F260005452
13749,L10,16:16,,16:18,False,F260005452
13750,E6,16:15,16:23,16:26,True,F260005451
13751,E38,16:15,16:18,16:37,True,F260005450
13752,M17,16:17,16:24,16:48,False,F260005450
13753,E25,16:08,16:14,16:21,True,F260005448
13754,A25,16:08,16:10,16:17,True,F260005447
13755,E25,16:07,,16:08,False,F260005447
13756,E2,16:04,16:08,16:15,True,F260005445
13757,A25,15:58,16:01,16:04,True,F260005444
13758,L10,16:20,16:25,16:43,True,F260005443
13759,A4,15:52,15:59,16:27,True,F260005442
13760,L6,15:51,15:55,16:34,True,F260005441
13761,E38,15:47,15:48,16:11,True,F260005440
13762,R1,15:37,15:40,15:43,True,F260005439
13763,H1,15:32,15:32,16:31,True,F260005437
13764,L5,15:22,15:26,15:44,True,F260005436
13765,E25,15:14,15:18,15:46,True,F260005432
13766,L10,15:13,,15:14,False,F260005432
13767,E6,15:08,15:11,15:29,True,F260005431
13768,A25,15:06,15:10,15:42,True,F260005429
13769,H1,15:06,15:14,15:28,True,F260005430
13770,A31,15:02,15:08,15:44,True,F260005428
13771,M31,15:03,15:08,16:03,False,F260005428
13772,E41,15:03,15:13,15:49,True,F260005427
13773,A10,14:58,15:02,15:23,True,F260005426
13774,M1,15:00,15:04,15:42,False,F260005426
13775,A25,14:46,14:50,15:04,True,F260005425
13776,E10,14:35,14:38,14:40,True,F260005422
13777,E40,14:36,14:39,15:00,True,F260005423
13778,A2,14:34,14:37,14:53,True,F260005421
13779,M10,14:35,,14:40,False,F260005421
13780,M28,14:34,,14:35,False,F260005421
13781,H2,14:28,14:31,16:50,True,F260005420
13782,E25,14:20,14:23,14:31,True,F260005419
13783,L10,14:20,14:23,14:32,False,F260005419
13784,A4,14:19,14:27,14:45,True,F260005418
13785,MIH,14:29,,14:31,False,F260005418
13786,MIH,14:31,,14:41,False,F260005418
13787,E32,14:10,,14:13,True,F260005416
13788,FIREBOAT,14:10,14:10,14:29,True,F260005415
13789,E10,14:07,14:10,14:28,True,F260005413
13790,L12,14:07,14:13,14:23,False,F260005414
13791,M26,14:07,14:15,14:18,True,F260005414
13792,E22,14:05,14:09,14:31,True,F260005412
13793,E35,14:04,14:08,14:19,True,F260005410
13794,E20,13:59,14:02,14:33,True,F260005409
13795,E11,13:56,14:03,14:18,True,F260005407
13796,A5,13:54,13:58,14:14,True,F260005406
13797,A10,13:41,13:44,14:11,True,F260005397
13798,E18,13:41,13:44,14:07,True,F260005396
13799,L9,13:39,13:42,14:12,False,F260005395
13800,M17,13:39,13:42,14:07,True,F260005395
13801,A4,13:38,13:42,13:55,True,F260005394
13802,H99,13:40,13:44,14:12,False,F260005394
13803,L4,13:38,13:43,13:53,False,F260005394
13804,M1,13:39,13:42,13:58,False,F260005394
13805,M28,13:38,,13:39,False,F260005394
13806,E17,13:33,13:35,13:42,True,F260005392
13807,A31,13:32,13:40,14:11,True,F260005391
13808,A14,13:26,13:30,13:38,False,F260005390
13809,M1,13:26,,13:32,True,F260005390
13810,R1,13:26,13:30,13:37,False,F260005390
13811,E39,13:26,13:30,13:59,True,F260005389
13812,E21,13:18,13:21,13:35,True,F260005387
13813,E33,13:19,13:22,13:23,True,F260005388
13814,E40,13:18,13:23,13:43,True,F260005386
13815,E37,13:17,13:21,13:41,True,F260005385
13816,L13,13:16,,13:17,False,F260005385
13817,A5,13:11,13:16,13:24,True,F260005384
13818,L10,14:38,14:44,15:02,True,F260005383
13819,E29,13:00,13:03,13:18,True,F260005381
13820,E17,12:53,12:56,12:57,True,F260005379
13821,E21,12:51,12:54,13:09,True,F260005378
13822,A2,12:37,12:39,12:46,True,F260005375
13823,E16,12:29,12:35,13:05,True,F260005373
13824,H2,12:39,12:47,13:36,False,F260005373
13825,H1,12:29,12:58,14:18,True,F260005372
13826,E17,12:28,,12:32,True,F260005371
13827,A4,12:23,12:29,12:56,True,F260005369
13828,E27,12:23,12:32,12:44,True,F260005368
13829,A5,12:17,12:21,12:41,True,F260005366
13830,A10,12:22,12:25,13:00,False,F260005364
13831,M10,12:22,12:28,12:54,True,F260005364
13832,E33,12:11,12:13,12:21,True,F260005363
13833,H2,12:12,12:30,12:37,True,F260005362
13834,A10,11:59,11:59,12:10,True,F260005359
13835,A5,11:50,11:54,12:08,True,F260005356
13836,E30,11:49,11:51,11:56,True,F260005355
13837,H99,11:53,,11:54,False,F260005355
13838,H99,11:55,11:59,12:02,False,F260005355
13839,L10,11:43,11:46,12:45,True,F260005352
13840,E27,11:39,11:44,12:13,True,F260005351
13841,M28,11:49,11:56,12:49,False,F260005351
13842,E25,11:38,11:39,11:57,True,F260005349
13843,A10,11:31,11:34,11:50,True,F260005346
13844,L4,11:22,11:32,11:42,True,F260005343
13845,E22,11:21,11:28,11:52,True,F260005342
13846,E25,11:20,,11:21,False,F260005342
13847,E8,11:18,11:22,11:39,True,F260005338
13848,E35,11:17,11:24,11:27,True,F260005337
13849,A25,11:07,11:16,11:50,True,F260005335
13850,M1,11:08,11:12,12:38,False,F260005335
13851,L5,11:05,11:13,11:29,False,F260005334
13852,M31,11:05,11:11,11:13,True,F260005334
13853,L9,10:57,,11:42,True,F260005332
13854,E29,11:01,11:15,11:33,True,F260005333
13855,E30,10:51,10:54,10:57,True,F260005331
13856,E18,10:48,10:52,11:07,True,F260005329
13857,A25,10:32,10:37,10:55,True,F260005325
13858,A5,10:27,10:29,11:04,True,F260005323
13859,M10,10:38,10:43,11:07,False,F260005323
13860,M18,10:37,,10:38,False,F260005323
13861,A10,10:21,10:24,10:58,True,F260005320
13862,E2,10:22,10:26,10:47,False,F260005320
13863,H99,10:45,10:47,10:49,False,F260005320
13864,M1,10:23,10:28,10:47,False,F260005320
13865,M31,10:22,,10:23,False,F260005320
13866,MIH,10:33,,10:45,False,F260005320
13867,B4,10:20,,10:26,False,F260005318
13868,E9,10:20,10:23,10:33,True,F260005318
13869,L6,10:20,,10:25,False,F260005318
13870,E10,10:16,10:19,10:46,True,F260005317
13871,M28,10:17,10:27,11:18,False,F260005317
13872,E29,10:13,10:18,10:57,True,F260005314
13873,E22,10:08,10:13,10:41,False,F260005313
13874,M18,10:08,,10:11,False,F260005313
13875,M31,10:11,,10:17,True,F260005313
13876,E28,10:08,10:11,10:32,True,F260005312
13877,E34,10:04,10:06,10:29,True,F260005310
13878,A5,10:12,10:14,10:25,True,F260005309
13879,A10,10:02,10:05,10:18,True,F260005308
13880,A2,10:00,,10:00,False,F260005306
13881,A4,09:58,10:04,10:34,True,F260005306
13882,M1,10:02,10:07,10:23,False,F260005306
13883,M17,10:00,,10:02,False,F260005306
13884,H1,09:58,09:58,10:16,True,F260005305
13885,E22,09:48,,09:49,True,F260005303
13886,A25,09:47,09:50,10:04,True,F260005302
13887,L10,09:45,,09:47,False,F260005302
13888,E13,09:38,09:43,10:11,False,F260005301
13889,M10,09:38,09:48,10:37,True,F260005301
13890,A25,09:33,09:35,09:47,True,F260005300
13891,E17,09:30,09:35,09:55,True,F260005299
13892,E5,09:18,09:23,09:29,True,F260005296
13893,L10,09:18,09:24,09:24,False,F260005296
13894,E10,09:14,,09:15,True,F260005294
13895,E5,09:13,,09:14,False,F260005294
13896,L1,09:13,,09:15,False,F260005294
13897,E21,09:10,09:14,09:36,True,F260005293
13898,M18,09:10,09:19,09:20,False,F260005293
13899,L3,10:37,10:42,10:56,True,F260005291
13900,A5,09:09,09:15,09:31,True,F260005292
13901,B5,09:06,09:12,09:17,False,F260005290
13902,E28,09:06,09:09,09:24,True,F260005290
13903,L12,09:06,09:10,09:26,False,F260005290
13904,E24,09:05,09:09,09:34,True,F260005289
13905,E11,09:01,09:06,09:25,True,F260005286
13906,E16,09:01,09:08,09:44,True,F260005288
13907,A10,08:54,08:59,09:28,True,F260005283
13908,E40,08:51,08:57,09:05,True,F260005282
13909,E39,08:51,08:56,09:18,True,F260005281
13910,E10,08:49,08:53,09:11,True,F260005280
13911,L1,08:49,08:53,09:11,False,F260005280
13912,E32,08:52,08:56,09:16,True,F260005279
13913,L11,08:49,,08:52,False,F260005279
13914,L13,08:50,08:55,09:23,True,F260005277
13915,E37,08:48,08:55,09:35,False,F260005278
13916,M26,08:48,09:01,10:42,True,F260005278
13917,E30,08:41,08:47,08:51,True,F260005273
13918,E5,08:43,08:46,08:49,True,F260005272
13919,E22,08:33,08:35,08:40,True,F260005270
13920,E16,08:32,08:40,08:54,True,F260005267
13921,A5,08:19,08:22,08:30,True,F260005265
13922,E33,08:18,08:24,08:34,True,F260005264
13923,A2,08:07,08:09,08:29,True,F260005263
13924,B5,08:00,,08:04,False,F260005261
13925,E10,08:00,,08:04,True,F260005261
13926,R1,08:00,08:02,08:04,False,F260005261
13927,A25,07:59,08:05,08:26,True,F260005260
13928,E27,07:55,08:00,08:04,True,F260005257
13929,E24,07:56,08:00,08:25,True,F260005258
13930,E32,07:50,07:56,08:18,True,F260005255
13931,E29,07:44,07:47,08:14,False,F260005251
13932,M32,07:44,07:51,09:09,True,F260005251
13933,B2,07:40,07:44,07:48,False,F260005249
13934,E25,07:40,07:44,07:50,True,F260005249
13935,L10,07:40,07:44,07:52,False,F260005249
13936,E35,07:40,07:44,08:16,True,F260005250
13937,M18,07:40,07:49,08:17,False,F260005250
13938,E18,07:37,07:44,07:50,True,F260005247
13939,E28,07:34,07:38,07:49,True,F260005246
13940,E31,07:33,07:36,07:43,True,F260005245
13941,A10,07:30,07:35,07:53,True,F260005244
13942,A2,07:26,07:29,07:59,True,F260005243
13943,E2,07:26,07:30,07:32,False,F260005243
13944,M1,07:26,,07:32,False,F260005243
13945,L12,07:03,07:08,07:22,True,F260005237
13946,E37,07:01,07:06,07:20,True,F260005236
13947,E6,06:48,06:52,07:01,True,F260005234
13948,A2,06:45,06:47,07:14,True,F260005233
13949,E2,06:44,,06:45,False,F260005233
13950,A2,06:43,,06:45,False,F260005232
13951,A5,06:45,06:54,07:18,True,F260005232
13952,E10,06:45,,06:45,False,F260005232
13953,E21,06:33,,06:35,False,F260005227
13954,E35,06:35,06:38,06:56,True,F260005227
13955,A10,06:32,06:37,06:50,True,F260005226
13956,E32,06:31,,06:34,True,F260005225
13957,A25,06:26,06:28,06:40,True,F260005222
13958,E6,06:25,06:29,06:39,True,F260005223
13959,B5,06:20,,06:25,False,F260005220
13960,E36,06:20,,06:25,True,F260005220
13961,R1,06:20,06:24,06:28,False,F260005220
13962,A25,06:16,06:18,06:24,True,F260005218
13963,E31,06:10,06:15,06:35,False,F260005217
13964,E35,06:10,06:15,06:35,True,F260005217
13965,M31,06:10,06:18,06:35,False,F260005217
13966,E28,06:03,06:08,06:35,False,F260005215
13967,M28,06:03,06:12,06:35,True,F260005215
13968,E31,05:57,06:06,06:08,True,F260005214
13969,E39,05:51,05:57,06:11,True,F260005211
13970,A2,05:37,05:44,05:46,True,F260005209
13971,E6,05:17,05:21,05:31,True,F260005207
13972,L1,05:17,05:25,05:30,False,F260005207
13973,E25,05:10,05:14,05:31,True,F260005205
13974,E30,05:08,05:15,06:45,True,F260005204
13975,L3,05:08,05:32,05:40,False,F260005204
13976,E33,05:02,05:06,05:11,True,F260005203
13977,R1,05:00,05:05,05:11,True,F260005200
13978,A25,04:58,05:02,05:38,False,F260005199
13979,M10,04:58,05:05,05:58,True,F260005199
13980,A5,04:41,,04:57,True,F260005195
13981,E38,05:24,05:28,05:57,True,F260005192
13982,E37,04:18,04:24,04:27,True,F260005188
13983,A10,04:04,04:08,04:18,True,F260005186
13984,A10,04:27,04:33,05:06,True,F260005187
13985,M1,04:37,04:42,05:25,False,F260005187
13986,A5,03:48,03:54,04:01,True,F260005185
13987,M10,03:50,,04:01,False,F260005185
13988,A25,03:38,03:42,03:50,True,F260005184
13989,E16,03:40,03:43,04:02,True,F260005183
13990,B5,03:33,03:43,03:46,False,F260005182
13991,E30,03:33,03:37,03:48,True,F260005182
13992,L3,03:33,03:38,03:48,False,F260005182
13993,E24,03:27,03:32,03:52,False,F260005180
13994,M31,03:27,03:36,03:51,True,F260005180
13995,E39,03:24,03:29,03:42,True,F260005179
13996,L5,03:28,03:30,03:38,False,F260005179
13997,A2,03:12,03:14,03:23,True,F260005178
13998,A10,03:04,03:08,03:22,True,F260005177
13999,E34,02:55,03:01,03:24,True,F260005176
14000,A2,02:49,02:54,03:09,True,F260005175
14001,A5,02:43,02:57,02:58,True,F260005174
14002,E6,02:36,02:41,03:02,True,F260005173
14003,E36,02:33,02:37,02:52,True,F260005171
14004,E2,02:28,02:33,02:53,True,F260005170
14005,L4,02:28,02:34,03:16,False,F260005170
14006,L3,02:16,02:19,02:27,True,F260005167
14007,E32,01:52,01:57,02:13,True,F260005164
14008,E31,01:42,01:47,02:03,True,F260005163
14009,A2,01:33,01:39,01:52,True,F260005160
14010,E28,01:30,01:34,01:37,True,F260005159
14011,FIREBOAT,01:30,,01:34,False,F260005159
14012,L12,01:30,,01:35,False,F260005159
14013,E17,01:23,01:28,01:38,True,F260005157
14014,E13,01:22,01:27,02:16,False,F260005156
14015,E30,01:21,01:25,02:45,True,F260005156
14016,M28,01:22,01:29,03:02,False,F260005156
14017,E6,01:11,01:15,01:39,False,F260005153
14018,M1,01:11,01:17,01:36,True,F260005153
14019,E29,01:00,,01:06,False,F260005151
14020,L11,01:06,01:06,01:33,False,F260005151
14021,M32,01:00,01:07,02:07,True,F260005151
14022,E20,00:58,01:01,01:16,True,F260005150
14023,E32,00:53,00:59,01:03,True,F260005148
14024,L11,00:53,00:58,01:03,False,F260005148
14025,E28,00:46,00:52,01:03,True,F260005147
14026,E13,00:36,00:40,00:46,True,F260005146
14027,R1,00:36,00:43,00:51,False,F260005146
14028,E31,00:28,00:33,00:51,True,F260005144
14029,E25,00:18,00:20,00:30,True,F260005141
14030,E25,00:01,00:09,00:18,True,F260005139
14031,L10,00:01,00:06,00:15,False,F260005139
